{
    "confidence_score": 0.8713023066520691,
    "ptm": 0.8796178698539734,
    "iptm": 0.8075112700462341,
    "ligand_iptm": 0.9024257063865662,
    "protein_iptm": 0.760154128074646,
    "complex_plddt": 0.8872500658035278,
    "complex_iplddt": 0.7802797555923462,
    "complex_pde": 0.4530949294567108,
    "complex_ipde": 1.0756115913391113,
    "chains_ptm": {
        "0": 0.9748124480247498,
        "1": 0.9781747460365295,
        "2": 0.8955239057540894
    },
    "pair_chains_iptm": {
        "0": {
            "0": 0.9748124480247498,
            "1": 0.7525995373725891,
            "2": 0.7033286094665527
        },
        "1": {
            "0": 0.760154128074646,
            "1": 0.9781747460365295,
            "2": 0.6423212289810181
        },
        "2": {
            "0": 0.9024257063865662,
            "1": 0.8688197731971741,
            "2": 0.8955239057540894
        }
    }
}