{
    "confidence_score": 0.8740537762641907,
    "ptm": 0.8881949782371521,
    "iptm": 0.8432937860488892,
    "ligand_iptm": 0.7343387007713318,
    "protein_iptm": 0.9086763858795166,
    "complex_plddt": 0.8817437887191772,
    "complex_iplddt": 0.7881150841712952,
    "complex_pde": 0.8579421043395996,
    "complex_ipde": 1.962162733078003,
    "chains_ptm": {
        "0": 0.9590955972671509,
        "1": 0.9595071077346802,
        "2": 0.7846834659576416
    },
    "pair_chains_iptm": {
        "0": {
            "0": 0.9590955972671509,
            "1": 0.9070168137550354,
            "2": 0.45942702889442444
        },
        "1": {
            "0": 0.9086763858795166,
            "1": 0.9595071077346802,
            "2": 0.4555320143699646
        },
        "2": {
            "0": 0.7343387007713318,
            "1": 0.7299132347106934,
            "2": 0.7846834659576416
        }
    }
}