{
    "confidence_score": 0.8497762084007263,
    "ptm": 0.8640132546424866,
    "iptm": 0.8057128190994263,
    "ligand_iptm": 0.7020829916000366,
    "protein_iptm": 0.8641236424446106,
    "complex_plddt": 0.8607919812202454,
    "complex_iplddt": 0.7467728853225708,
    "complex_pde": 0.8872680068016052,
    "complex_ipde": 2.076683282852173,
    "chains_ptm": {
        "0": 0.9617694020271301,
        "1": 0.9608069062232971,
        "2": 0.7110373377799988
    },
    "pair_chains_iptm": {
        "0": {
            "0": 0.9617694020271301,
            "1": 0.8641236424446106,
            "2": 0.3808631896972656
        },
        "1": {
            "0": 0.8627491593360901,
            "1": 0.9608069062232971,
            "2": 0.3889976739883423
        },
        "2": {
            "0": 0.6998019814491272,
            "1": 0.7020829916000366,
            "2": 0.7110373377799988
        }
    }
}