{
    "confidence_score": 0.8500530123710632,
    "ptm": 0.9155031442642212,
    "iptm": 0.8697940707206726,
    "ligand_iptm": 0.9258469939231873,
    "protein_iptm": 0.8579719066619873,
    "complex_plddt": 0.8451177477836609,
    "complex_iplddt": 0.67990642786026,
    "complex_pde": 0.4308035671710968,
    "complex_ipde": 0.9224529266357422,
    "chains_ptm": {
        "0": 0.9779841303825378,
        "1": 0.9767675995826721,
        "2": 0.8803302645683289
    },
    "pair_chains_iptm": {
        "0": {
            "0": 0.9779841303825378,
            "1": 0.8579719066619873,
            "2": 0.682316243648529
        },
        "1": {
            "0": 0.8343268632888794,
            "1": 0.9767675995826721,
            "2": 0.6478398442268372
        },
        "2": {
            "0": 0.9258469939231873,
            "1": 0.896784245967865,
            "2": 0.8803302645683289
        }
    }
}