{
    "confidence_score": 0.8917791247367859,
    "ptm": 0.9216689467430115,
    "iptm": 0.884329080581665,
    "ligand_iptm": 0.9300032258033752,
    "protein_iptm": 0.860335111618042,
    "complex_plddt": 0.8936415910720825,
    "complex_iplddt": 0.8021649718284607,
    "complex_pde": 0.3951835334300995,
    "complex_ipde": 0.8248419165611267,
    "chains_ptm": {
        "0": 0.9746317267417908,
        "1": 0.9789800047874451,
        "2": 0.9115975499153137
    },
    "pair_chains_iptm": {
        "0": {
            "0": 0.9746317267417908,
            "1": 0.856764554977417,
            "2": 0.7569105625152588
        },
        "1": {
            "0": 0.860335111618042,
            "1": 0.9789800047874451,
            "2": 0.7428440451622009
        },
        "2": {
            "0": 0.9300032258033752,
            "1": 0.9287336468696594,
            "2": 0.9115975499153137
        }
    }
}