{
    "confidence_score": 0.8395459055900574,
    "ptm": 0.8371590971946716,
    "iptm": 0.7333059906959534,
    "ligand_iptm": 0.8118886947631836,
    "protein_iptm": 0.6925294399261475,
    "complex_plddt": 0.8661059141159058,
    "complex_iplddt": 0.7289173603057861,
    "complex_pde": 0.6621976494789124,
    "complex_ipde": 1.9873359203338623,
    "chains_ptm": {
        "0": 0.9664983153343201,
        "1": 0.9702638983726501,
        "2": 0.8216408491134644
    },
    "pair_chains_iptm": {
        "0": {
            "0": 0.9664983153343201,
            "1": 0.6911579966545105,
            "2": 0.5930646657943726
        },
        "1": {
            "0": 0.6925294399261475,
            "1": 0.9702638983726501,
            "2": 0.48667392134666443
        },
        "2": {
            "0": 0.8118886947631836,
            "1": 0.7886544466018677,
            "2": 0.8216408491134644
        }
    }
}