{
    "confidence_score": 0.89288729429245,
    "ptm": 0.9580867290496826,
    "iptm": 0.9427782297134399,
    "ligand_iptm": 0.97474205493927,
    "protein_iptm": 0.9337979555130005,
    "complex_plddt": 0.880414605140686,
    "complex_iplddt": 0.7937743663787842,
    "complex_pde": 0.3080909252166748,
    "complex_ipde": 0.45266467332839966,
    "chains_ptm": {
        "0": 0.9852043390274048,
        "1": 0.9835236668586731,
        "2": 0.9483177065849304
    },
    "pair_chains_iptm": {
        "0": {
            "0": 0.9852043390274048,
            "1": 0.9337979555130005,
            "2": 0.8600803017616272
        },
        "1": {
            "0": 0.918170154094696,
            "1": 0.9835236668586731,
            "2": 0.8150255680084229
        },
        "2": {
            "0": 0.97474205493927,
            "1": 0.9632803201675415,
            "2": 0.9483177065849304
        }
    }
}