{
    "confidence_score": 0.857823371887207,
    "ptm": 0.9438852667808533,
    "iptm": 0.9192905426025391,
    "ligand_iptm": 0.9518358707427979,
    "protein_iptm": 0.9125534892082214,
    "complex_plddt": 0.8424566388130188,
    "complex_iplddt": 0.7109144926071167,
    "complex_pde": 0.3862096667289734,
    "complex_ipde": 0.7650417685508728,
    "chains_ptm": {
        "0": 0.9788320064544678,
        "1": 0.9783936142921448,
        "2": 0.9191928505897522
    },
    "pair_chains_iptm": {
        "0": {
            "0": 0.9788320064544678,
            "1": 0.9125534892082214,
            "2": 0.8181810975074768
        },
        "1": {
            "0": 0.9018716216087341,
            "1": 0.9783936142921448,
            "2": 0.7450788021087646
        },
        "2": {
            "0": 0.9518358707427979,
            "1": 0.9358279705047607,
            "2": 0.9191928505897522
        }
    }
}