{
    "confidence_score": 0.8490854501724243,
    "ptm": 0.872065544128418,
    "iptm": 0.7976754307746887,
    "ligand_iptm": 0.883659303188324,
    "protein_iptm": 0.7600130438804626,
    "complex_plddt": 0.861937940120697,
    "complex_iplddt": 0.7348873019218445,
    "complex_pde": 0.5010987520217896,
    "complex_ipde": 1.2905691862106323,
    "chains_ptm": {
        "0": 0.9720441699028015,
        "1": 0.976855456829071,
        "2": 0.8635921478271484
    },
    "pair_chains_iptm": {
        "0": {
            "0": 0.9720441699028015,
            "1": 0.7600130438804626,
            "2": 0.6388244032859802
        },
        "1": {
            "0": 0.7580535411834717,
            "1": 0.976855456829071,
            "2": 0.6435412168502808
        },
        "2": {
            "0": 0.8543152213096619,
            "1": 0.883659303188324,
            "2": 0.8635921478271484
        }
    }
}