{
    "confidence_score": 0.8683016896247864,
    "ptm": 0.9191440939903259,
    "iptm": 0.8885656595230103,
    "ligand_iptm": 0.8009942770004272,
    "protein_iptm": 0.939689576625824,
    "complex_plddt": 0.8632356524467468,
    "complex_iplddt": 0.7326247096061707,
    "complex_pde": 0.7050538659095764,
    "complex_ipde": 1.5085153579711914,
    "chains_ptm": {
        "0": 0.9663325548171997,
        "1": 0.9682911038398743,
        "2": 0.7913819551467896
    },
    "pair_chains_iptm": {
        "0": {
            "0": 0.9663325548171997,
            "1": 0.9389806389808655,
            "2": 0.4661286771297455
        },
        "1": {
            "0": 0.939689576625824,
            "1": 0.9682911038398743,
            "2": 0.49019020795822144
        },
        "2": {
            "0": 0.8009942770004272,
            "1": 0.8009640574455261,
            "2": 0.7913819551467896
        }
    }
}