{
    "confidence_score": 0.8387160301208496,
    "ptm": 0.9016199707984924,
    "iptm": 0.8462148308753967,
    "ligand_iptm": 0.9240642786026001,
    "protein_iptm": 0.8121154308319092,
    "complex_plddt": 0.836841344833374,
    "complex_iplddt": 0.6763377785682678,
    "complex_pde": 0.4143332839012146,
    "complex_ipde": 0.8611730933189392,
    "chains_ptm": {
        "0": 0.9766482710838318,
        "1": 0.9777273535728455,
        "2": 0.894594669342041
    },
    "pair_chains_iptm": {
        "0": {
            "0": 0.9766482710838318,
            "1": 0.8121154308319092,
            "2": 0.7567372918128967
        },
        "1": {
            "0": 0.8017491698265076,
            "1": 0.9777273535728455,
            "2": 0.7059026956558228
        },
        "2": {
            "0": 0.9174818396568298,
            "1": 0.9240642786026001,
            "2": 0.894594669342041
        }
    }
}