{
    "confidence_score": 0.8647599220275879,
    "ptm": 0.9052525162696838,
    "iptm": 0.8687263131141663,
    "ligand_iptm": 0.7553280591964722,
    "protein_iptm": 0.9353634119033813,
    "complex_plddt": 0.8637683391571045,
    "complex_iplddt": 0.7310735583305359,
    "complex_pde": 0.8025004267692566,
    "complex_ipde": 1.7517399787902832,
    "chains_ptm": {
        "0": 0.9660025835037231,
        "1": 0.9615554213523865,
        "2": 0.7459003925323486
    },
    "pair_chains_iptm": {
        "0": {
            "0": 0.9660025835037231,
            "1": 0.9353634119033813,
            "2": 0.42128661274909973
        },
        "1": {
            "0": 0.9345678687095642,
            "1": 0.9615554213523865,
            "2": 0.4007173478603363
        },
        "2": {
            "0": 0.7553280591964722,
            "1": 0.7525414228439331,
            "2": 0.7459003925323486
        }
    }
}