{
    "confidence_score": 0.8996816873550415,
    "ptm": 0.9138712286949158,
    "iptm": 0.8615116477012634,
    "ligand_iptm": 0.9327857494354248,
    "protein_iptm": 0.8249416351318359,
    "complex_plddt": 0.9092242121696472,
    "complex_iplddt": 0.8539985418319702,
    "complex_pde": 0.4434994161128998,
    "complex_ipde": 1.023397445678711,
    "chains_ptm": {
        "0": 0.9786105751991272,
        "1": 0.9753795266151428,
        "2": 0.9087444543838501
    },
    "pair_chains_iptm": {
        "0": {
            "0": 0.9786105751991272,
            "1": 0.8245850801467896,
            "2": 0.7587297558784485
        },
        "1": {
            "0": 0.8249416351318359,
            "1": 0.9753795266151428,
            "2": 0.6662420034408569
        },
        "2": {
            "0": 0.9327857494354248,
            "1": 0.9058817028999329,
            "2": 0.9087444543838501
        }
    }
}