{
    "confidence_score": 0.8889490365982056,
    "ptm": 0.9267721772193909,
    "iptm": 0.8877925872802734,
    "ligand_iptm": 0.9234604239463806,
    "protein_iptm": 0.8766562342643738,
    "complex_plddt": 0.8892380595207214,
    "complex_iplddt": 0.8120701909065247,
    "complex_pde": 0.42929577827453613,
    "complex_ipde": 0.9542838931083679,
    "chains_ptm": {
        "0": 0.9747716188430786,
        "1": 0.981860339641571,
        "2": 0.8783259391784668
    },
    "pair_chains_iptm": {
        "0": {
            "0": 0.9747716188430786,
            "1": 0.8766562342643738,
            "2": 0.6957358121871948
        },
        "1": {
            "0": 0.8725296854972839,
            "1": 0.981860339641571,
            "2": 0.5996171236038208
        },
        "2": {
            "0": 0.9234604239463806,
            "1": 0.8969907164573669,
            "2": 0.8783259391784668
        }
    }
}