{
    "confidence_score": 0.913625180721283,
    "ptm": 0.9442238211631775,
    "iptm": 0.9245897531509399,
    "ligand_iptm": 0.9543508887290955,
    "protein_iptm": 0.9117242693901062,
    "complex_plddt": 0.9108839631080627,
    "complex_iplddt": 0.8451448678970337,
    "complex_pde": 0.35515013337135315,
    "complex_ipde": 0.633868932723999,
    "chains_ptm": {
        "0": 0.9799351096153259,
        "1": 0.9798104166984558,
        "2": 0.9172883629798889
    },
    "pair_chains_iptm": {
        "0": {
            "0": 0.9799351096153259,
            "1": 0.9117242693901062,
            "2": 0.7860663533210754
        },
        "1": {
            "0": 0.8992044925689697,
            "1": 0.9798104166984558,
            "2": 0.7490467429161072
        },
        "2": {
            "0": 0.9543508887290955,
            "1": 0.9539616703987122,
            "2": 0.9172883629798889
        }
    }
}