{
    "confidence_score": 0.8388721346855164,
    "ptm": 0.9466874599456787,
    "iptm": 0.9261783957481384,
    "ligand_iptm": 0.9467366933822632,
    "protein_iptm": 0.9173992276191711,
    "complex_plddt": 0.8170456290245056,
    "complex_iplddt": 0.626943826675415,
    "complex_pde": 0.36176416277885437,
    "complex_ipde": 0.6739183068275452,
    "chains_ptm": {
        "0": 0.9797123670578003,
        "1": 0.9838599562644958,
        "2": 0.8917381763458252
    },
    "pair_chains_iptm": {
        "0": {
            "0": 0.9797123670578003,
            "1": 0.9173992276191711,
            "2": 0.7158109545707703
        },
        "1": {
            "0": 0.9027752876281738,
            "1": 0.9838599562644958,
            "2": 0.7056388258934021
        },
        "2": {
            "0": 0.938466489315033,
            "1": 0.9467366933822632,
            "2": 0.8917381763458252
        }
    }
}