{
    "confidence_score": 0.8196517825126648,
    "ptm": 0.8954974412918091,
    "iptm": 0.831762969493866,
    "ligand_iptm": 0.8994500041007996,
    "protein_iptm": 0.794530987739563,
    "complex_plddt": 0.8166240453720093,
    "complex_iplddt": 0.6261271834373474,
    "complex_pde": 0.5173873901367188,
    "complex_ipde": 1.3868345022201538,
    "chains_ptm": {
        "0": 0.973980188369751,
        "1": 0.9750444889068604,
        "2": 0.8743897676467896
    },
    "pair_chains_iptm": {
        "0": {
            "0": 0.973980188369751,
            "1": 0.7850587368011475,
            "2": 0.7286228537559509
        },
        "1": {
            "0": 0.794530987739563,
            "1": 0.9750444889068604,
            "2": 0.6028799414634705
        },
        "2": {
            "0": 0.8994500041007996,
            "1": 0.8461214303970337,
            "2": 0.8743897676467896
        }
    }
}