{
    "confidence_score": 0.8781096339225769,
    "ptm": 0.9225838780403137,
    "iptm": 0.8945742249488831,
    "ligand_iptm": 0.8189058303833008,
    "protein_iptm": 0.9372819066047668,
    "complex_plddt": 0.8739935159683228,
    "complex_iplddt": 0.7574121356010437,
    "complex_pde": 0.6483214497566223,
    "complex_ipde": 1.3641276359558105,
    "chains_ptm": {
        "0": 0.9693800210952759,
        "1": 0.9705947637557983,
        "2": 0.7975360155105591
    },
    "pair_chains_iptm": {
        "0": {
            "0": 0.9693800210952759,
            "1": 0.936421811580658,
            "2": 0.5316259860992432
        },
        "1": {
            "0": 0.9372819066047668,
            "1": 0.9705947637557983,
            "2": 0.5032591223716736
        },
        "2": {
            "0": 0.8189058303833008,
            "1": 0.8153127431869507,
            "2": 0.7975360155105591
        }
    }
}