{
    "confidence_score": 0.7790520787239075,
    "ptm": 0.6791797876358032,
    "iptm": 0.5020858645439148,
    "ligand_iptm": 0.7281919121742249,
    "protein_iptm": 0.4099412262439728,
    "complex_plddt": 0.8482936024665833,
    "complex_iplddt": 0.6898140907287598,
    "complex_pde": 1.1037101745605469,
    "complex_ipde": 4.260454177856445,
    "chains_ptm": {
        "0": 0.9655916094779968,
        "1": 0.9713594913482666,
        "2": 0.7577070593833923
    },
    "pair_chains_iptm": {
        "0": {
            "0": 0.9655916094779968,
            "1": 0.4099412262439728,
            "2": 0.2704353332519531
        },
        "1": {
            "0": 0.39886674284935,
            "1": 0.9713594913482666,
            "2": 0.4885702133178711
        },
        "2": {
            "0": 0.5475307106971741,
            "1": 0.7281919121742249,
            "2": 0.7577070593833923
        }
    }
}