{
    "confidence_score": 0.8677773475646973,
    "ptm": 0.8899034857749939,
    "iptm": 0.8444204926490784,
    "ligand_iptm": 0.7176876068115234,
    "protein_iptm": 0.9170805215835571,
    "complex_plddt": 0.8736165165901184,
    "complex_iplddt": 0.7661530375480652,
    "complex_pde": 0.8798837065696716,
    "complex_ipde": 2.0809884071350098,
    "chains_ptm": {
        "0": 0.9645545482635498,
        "1": 0.9636602997779846,
        "2": 0.7483944296836853
    },
    "pair_chains_iptm": {
        "0": {
            "0": 0.9645545482635498,
            "1": 0.9170805215835571,
            "2": 0.40183061361312866
        },
        "1": {
            "0": 0.9131947755813599,
            "1": 0.9636602997779846,
            "2": 0.3885681927204132
        },
        "2": {
            "0": 0.7176876068115234,
            "1": 0.7111316919326782,
            "2": 0.7483944296836853
        }
    }
}