{
    "confidence_score": 0.8946199417114258,
    "ptm": 0.9240644574165344,
    "iptm": 0.8945395946502686,
    "ligand_iptm": 0.954676628112793,
    "protein_iptm": 0.8684331774711609,
    "complex_plddt": 0.8946399688720703,
    "complex_iplddt": 0.8060305118560791,
    "complex_pde": 0.3793754279613495,
    "complex_ipde": 0.7298517823219299,
    "chains_ptm": {
        "0": 0.9778668880462646,
        "1": 0.9775781035423279,
        "2": 0.9361495971679688
    },
    "pair_chains_iptm": {
        "0": {
            "0": 0.9778668880462646,
            "1": 0.8684331774711609,
            "2": 0.7382364273071289
        },
        "1": {
            "0": 0.8538488149642944,
            "1": 0.9775781035423279,
            "2": 0.7339827418327332
        },
        "2": {
            "0": 0.9265339374542236,
            "1": 0.954676628112793,
            "2": 0.9361495971679688
        }
    }
}