{
    "confidence_score": 0.8077970743179321,
    "ptm": 0.7905434966087341,
    "iptm": 0.6588277220726013,
    "ligand_iptm": 0.7799856662750244,
    "protein_iptm": 0.6151226162910461,
    "complex_plddt": 0.845039427280426,
    "complex_iplddt": 0.671445906162262,
    "complex_pde": 0.7675201892852783,
    "complex_ipde": 2.609640598297119,
    "chains_ptm": {
        "0": 0.9699140191078186,
        "1": 0.9710729122161865,
        "2": 0.7780632376670837
    },
    "pair_chains_iptm": {
        "0": {
            "0": 0.9699140191078186,
            "1": 0.6088706851005554,
            "2": 0.43844759464263916
        },
        "1": {
            "0": 0.6151226162910461,
            "1": 0.9710729122161865,
            "2": 0.46097299456596375
        },
        "2": {
            "0": 0.720477819442749,
            "1": 0.7799856662750244,
            "2": 0.7780632376670837
        }
    }
}