{
    "confidence_score": 0.8613277673721313,
    "ptm": 0.9001678228378296,
    "iptm": 0.8582811951637268,
    "ligand_iptm": 0.7362679243087769,
    "protein_iptm": 0.9292142391204834,
    "complex_plddt": 0.8620893359184265,
    "complex_iplddt": 0.7296017408370972,
    "complex_pde": 0.8262435793876648,
    "complex_ipde": 1.9492791891098022,
    "chains_ptm": {
        "0": 0.9651936888694763,
        "1": 0.9649878740310669,
        "2": 0.7567003965377808
    },
    "pair_chains_iptm": {
        "0": {
            "0": 0.9651936888694763,
            "1": 0.9292142391204834,
            "2": 0.4265139102935791
        },
        "1": {
            "0": 0.9265300631523132,
            "1": 0.9649878740310669,
            "2": 0.43441179394721985
        },
        "2": {
            "0": 0.7362679243087769,
            "1": 0.7330521941184998,
            "2": 0.7567003965377808
        }
    }
}