{
    "confidence_score": 0.8161554336547852,
    "ptm": 0.924426794052124,
    "iptm": 0.8912732601165771,
    "ligand_iptm": 0.9202887415885925,
    "protein_iptm": 0.8786893486976624,
    "complex_plddt": 0.7973759174346924,
    "complex_iplddt": 0.5679845809936523,
    "complex_pde": 0.4156976640224457,
    "complex_ipde": 0.8987722396850586,
    "chains_ptm": {
        "0": 0.9762304425239563,
        "1": 0.9796594977378845,
        "2": 0.8991735577583313
    },
    "pair_chains_iptm": {
        "0": {
            "0": 0.9762304425239563,
            "1": 0.8786893486976624,
            "2": 0.7210588455200195
        },
        "1": {
            "0": 0.8635609149932861,
            "1": 0.9796594977378845,
            "2": 0.6701836585998535
        },
        "2": {
            "0": 0.9202887415885925,
            "1": 0.9200025200843811,
            "2": 0.8991735577583313
        }
    }
}