{
    "confidence_score": 0.8496136665344238,
    "ptm": 0.8956313729286194,
    "iptm": 0.8311629295349121,
    "ligand_iptm": 0.9128372073173523,
    "protein_iptm": 0.7871283292770386,
    "complex_plddt": 0.8542263507843018,
    "complex_iplddt": 0.7129756808280945,
    "complex_pde": 0.4208270013332367,
    "complex_ipde": 0.9573622345924377,
    "chains_ptm": {
        "0": 0.9767968654632568,
        "1": 0.9788608551025391,
        "2": 0.8920562267303467
    },
    "pair_chains_iptm": {
        "0": {
            "0": 0.9767968654632568,
            "1": 0.7871283292770386,
            "2": 0.7589544653892517
        },
        "1": {
            "0": 0.7868813276290894,
            "1": 0.9788608551025391,
            "2": 0.6235607862472534
        },
        "2": {
            "0": 0.9128372073173523,
            "1": 0.8885067701339722,
            "2": 0.8920562267303467
        }
    }
}