{
    "confidence_score": 0.8860219120979309,
    "ptm": 0.9152218699455261,
    "iptm": 0.8857549428939819,
    "ligand_iptm": 0.797782301902771,
    "protein_iptm": 0.9362093210220337,
    "complex_plddt": 0.8860886096954346,
    "complex_iplddt": 0.7872331738471985,
    "complex_pde": 0.6732838153839111,
    "complex_ipde": 1.4033021926879883,
    "chains_ptm": {
        "0": 0.9645862579345703,
        "1": 0.9643067717552185,
        "2": 0.7974844574928284
    },
    "pair_chains_iptm": {
        "0": {
            "0": 0.9645862579345703,
            "1": 0.9362093210220337,
            "2": 0.4960246682167053
        },
        "1": {
            "0": 0.9356541037559509,
            "1": 0.9643067717552185,
            "2": 0.5298888087272644
        },
        "2": {
            "0": 0.797782301902771,
            "1": 0.7946650385856628,
            "2": 0.7974844574928284
        }
    }
}