{
    "confidence_score": 0.8713998794555664,
    "ptm": 0.905709981918335,
    "iptm": 0.850261926651001,
    "ligand_iptm": 0.9122000336647034,
    "protein_iptm": 0.8258781433105469,
    "complex_plddt": 0.876684308052063,
    "complex_iplddt": 0.7607108354568481,
    "complex_pde": 0.4275149405002594,
    "complex_ipde": 0.9522753357887268,
    "chains_ptm": {
        "0": 0.9775808453559875,
        "1": 0.9796319603919983,
        "2": 0.8997270464897156
    },
    "pair_chains_iptm": {
        "0": {
            "0": 0.9775808453559875,
            "1": 0.8258781433105469,
            "2": 0.735081136226654
        },
        "1": {
            "0": 0.814588189125061,
            "1": 0.9796319603919983,
            "2": 0.6576668620109558
        },
        "2": {
            "0": 0.9122000336647034,
            "1": 0.9079352617263794,
            "2": 0.8997270464897156
        }
    }
}