{
    "confidence_score": 0.7817019820213318,
    "ptm": 0.7120274305343628,
    "iptm": 0.5110307335853577,
    "ligand_iptm": 0.6781110167503357,
    "protein_iptm": 0.4252279996871948,
    "complex_plddt": 0.8493698239326477,
    "complex_iplddt": 0.671156644821167,
    "complex_pde": 1.1299644708633423,
    "complex_ipde": 4.0394415855407715,
    "chains_ptm": {
        "0": 0.960644543170929,
        "1": 0.9580609202384949,
        "2": 0.754768431186676
    },
    "pair_chains_iptm": {
        "0": {
            "0": 0.960644543170929,
            "1": 0.4050202965736389,
            "2": 0.4430293142795563
        },
        "1": {
            "0": 0.4252279996871948,
            "1": 0.9580609202384949,
            "2": 0.2700081169605255
        },
        "2": {
            "0": 0.6781110167503357,
            "1": 0.5826902389526367,
            "2": 0.754768431186676
        }
    }
}