{
    "confidence_score": 0.8838980793952942,
    "ptm": 0.9163933396339417,
    "iptm": 0.882295548915863,
    "ligand_iptm": 0.7896522283554077,
    "protein_iptm": 0.9369235038757324,
    "complex_plddt": 0.8842986822128296,
    "complex_iplddt": 0.7778904438018799,
    "complex_pde": 0.7235965728759766,
    "complex_ipde": 1.543076515197754,
    "chains_ptm": {
        "0": 0.9728948473930359,
        "1": 0.9715715050697327,
        "2": 0.7836065292358398
    },
    "pair_chains_iptm": {
        "0": {
            "0": 0.9728948473930359,
            "1": 0.9369235038757324,
            "2": 0.4735914170742035
        },
        "1": {
            "0": 0.9357069134712219,
            "1": 0.9715715050697327,
            "2": 0.46317023038864136
        },
        "2": {
            "0": 0.7896522283554077,
            "1": 0.783604085445404,
            "2": 0.7836065292358398
        }
    }
}