{
    "confidence_score": 0.840580940246582,
    "ptm": 0.857569694519043,
    "iptm": 0.7682880163192749,
    "ligand_iptm": 0.8765657544136047,
    "protein_iptm": 0.7162117958068848,
    "complex_plddt": 0.8586542010307312,
    "complex_iplddt": 0.7124238610267639,
    "complex_pde": 0.5375088453292847,
    "complex_ipde": 1.4421191215515137,
    "chains_ptm": {
        "0": 0.9704701900482178,
        "1": 0.9753457903862,
        "2": 0.8680000305175781
    },
    "pair_chains_iptm": {
        "0": {
            "0": 0.9704701900482178,
            "1": 0.7162117958068848,
            "2": 0.6916914582252502
        },
        "1": {
            "0": 0.7124689817428589,
            "1": 0.9753457903862,
            "2": 0.5419750809669495
        },
        "2": {
            "0": 0.8765657544136047,
            "1": 0.8225077986717224,
            "2": 0.8680000305175781
        }
    }
}