{
    "confidence_score": 0.8854338526725769,
    "ptm": 0.9246222376823425,
    "iptm": 0.9005838632583618,
    "ligand_iptm": 0.8296142220497131,
    "protein_iptm": 0.9418073892593384,
    "complex_plddt": 0.8816463351249695,
    "complex_iplddt": 0.7706259489059448,
    "complex_pde": 0.6298219561576843,
    "complex_ipde": 1.250878095626831,
    "chains_ptm": {
        "0": 0.9718378782272339,
        "1": 0.9695119261741638,
        "2": 0.8143332600593567
    },
    "pair_chains_iptm": {
        "0": {
            "0": 0.9718378782272339,
            "1": 0.9418073892593384,
            "2": 0.5079699158668518
        },
        "1": {
            "0": 0.9399221539497375,
            "1": 0.9695119261741638,
            "2": 0.5199595093727112
        },
        "2": {
            "0": 0.8296142220497131,
            "1": 0.8284816741943359,
            "2": 0.8143332600593567
        }
    }
}