{
    "confidence_score": 0.9036415219306946,
    "ptm": 0.9382364153862,
    "iptm": 0.916626513004303,
    "ligand_iptm": 0.8666356801986694,
    "protein_iptm": 0.947411835193634,
    "complex_plddt": 0.9003952741622925,
    "complex_iplddt": 0.8124484419822693,
    "complex_pde": 0.5495806336402893,
    "complex_ipde": 1.0640547275543213,
    "chains_ptm": {
        "0": 0.974890410900116,
        "1": 0.9751197695732117,
        "2": 0.8529523015022278
    },
    "pair_chains_iptm": {
        "0": {
            "0": 0.974890410900116,
            "1": 0.947411835193634,
            "2": 0.5987637639045715
        },
        "1": {
            "0": 0.9472774267196655,
            "1": 0.9751197695732117,
            "2": 0.5986161828041077
        },
        "2": {
            "0": 0.8666356801986694,
            "1": 0.8647122383117676,
            "2": 0.8529523015022278
        }
    }
}