{
    "confidence_score": 0.8415646553039551,
    "ptm": 0.9064995646476746,
    "iptm": 0.8547403812408447,
    "ligand_iptm": 0.9063951969146729,
    "protein_iptm": 0.8325524926185608,
    "complex_plddt": 0.8382707238197327,
    "complex_iplddt": 0.683936595916748,
    "complex_pde": 0.4477264881134033,
    "complex_ipde": 1.0129530429840088,
    "chains_ptm": {
        "0": 0.976102888584137,
        "1": 0.9785452485084534,
        "2": 0.9084330201148987
    },
    "pair_chains_iptm": {
        "0": {
            "0": 0.976102888584137,
            "1": 0.8325524926185608,
            "2": 0.6784911751747131
        },
        "1": {
            "0": 0.8292715549468994,
            "1": 0.9785452485084534,
            "2": 0.5964901447296143
        },
        "2": {
            "0": 0.9063951969146729,
            "1": 0.9053956270217896,
            "2": 0.9084330201148987
        }
    }
}