{
    "confidence_score": 0.8695314526557922,
    "ptm": 0.9515290260314941,
    "iptm": 0.9341626167297363,
    "ligand_iptm": 0.9675312042236328,
    "protein_iptm": 0.9275510907173157,
    "complex_plddt": 0.853373646736145,
    "complex_iplddt": 0.7468386888504028,
    "complex_pde": 0.34933534264564514,
    "complex_ipde": 0.5894699692726135,
    "chains_ptm": {
        "0": 0.9803159832954407,
        "1": 0.978327214717865,
        "2": 0.9350876212120056
    },
    "pair_chains_iptm": {
        "0": {
            "0": 0.9803159832954407,
            "1": 0.9275510907173157,
            "2": 0.8317530155181885
        },
        "1": {
            "0": 0.9174358248710632,
            "1": 0.978327214717865,
            "2": 0.7669937610626221
        },
        "2": {
            "0": 0.9675312042236328,
            "1": 0.949256956577301,
            "2": 0.9350876212120056
        }
    }
}