{
    "confidence_score": 0.8880821466445923,
    "ptm": 0.9251116514205933,
    "iptm": 0.8938146233558655,
    "ligand_iptm": 0.8066844344139099,
    "protein_iptm": 0.9466026425361633,
    "complex_plddt": 0.886648952960968,
    "complex_iplddt": 0.7852266430854797,
    "complex_pde": 0.6677030324935913,
    "complex_ipde": 1.3916157484054565,
    "chains_ptm": {
        "0": 0.9759852290153503,
        "1": 0.9708009362220764,
        "2": 0.8015584945678711
    },
    "pair_chains_iptm": {
        "0": {
            "0": 0.9759852290153503,
            "1": 0.9466026425361633,
            "2": 0.5186593532562256
        },
        "1": {
            "0": 0.9461883306503296,
            "1": 0.9708009362220764,
            "2": 0.5068641901016235
        },
        "2": {
            "0": 0.8066844344139099,
            "1": 0.8032617568969727,
            "2": 0.8015584945678711
        }
    }
}