{
    "confidence_score": 0.870323657989502,
    "ptm": 0.890057384967804,
    "iptm": 0.8227196335792542,
    "ligand_iptm": 0.8792477250099182,
    "protein_iptm": 0.7995474934577942,
    "complex_plddt": 0.8822246193885803,
    "complex_iplddt": 0.775693953037262,
    "complex_pde": 0.5070673823356628,
    "complex_ipde": 1.269836664199829,
    "chains_ptm": {
        "0": 0.9729773998260498,
        "1": 0.9774095416069031,
        "2": 0.8520103693008423
    },
    "pair_chains_iptm": {
        "0": {
            "0": 0.9729773998260498,
            "1": 0.7995474934577942,
            "2": 0.6469317078590393
        },
        "1": {
            "0": 0.7954277992248535,
            "1": 0.9774095416069031,
            "2": 0.5937079787254333
        },
        "2": {
            "0": 0.8722212910652161,
            "1": 0.8792477250099182,
            "2": 0.8520103693008423
        }
    }
}