{
    "confidence_score": 0.8853316307067871,
    "ptm": 0.9387906193733215,
    "iptm": 0.9165322184562683,
    "ligand_iptm": 0.9557690024375916,
    "protein_iptm": 0.9013155102729797,
    "complex_plddt": 0.8775315284729004,
    "complex_iplddt": 0.7649023532867432,
    "complex_pde": 0.3518449068069458,
    "complex_ipde": 0.6176754236221313,
    "chains_ptm": {
        "0": 0.979012131690979,
        "1": 0.9791336059570312,
        "2": 0.924336850643158
    },
    "pair_chains_iptm": {
        "0": {
            "0": 0.979012131690979,
            "1": 0.9013155102729797,
            "2": 0.7565112113952637
        },
        "1": {
            "0": 0.8851652145385742,
            "1": 0.9791336059570312,
            "2": 0.7217205762863159
        },
        "2": {
            "0": 0.9557690024375916,
            "1": 0.9512724280357361,
            "2": 0.924336850643158
        }
    }
}