{
    "confidence_score": 0.8726038336753845,
    "ptm": 0.9050309062004089,
    "iptm": 0.8509916067123413,
    "ligand_iptm": 0.8975281119346619,
    "protein_iptm": 0.8326658010482788,
    "complex_plddt": 0.8780068159103394,
    "complex_iplddt": 0.7596380114555359,
    "complex_pde": 0.4633275270462036,
    "complex_ipde": 1.099429965019226,
    "chains_ptm": {
        "0": 0.9724461436271667,
        "1": 0.9792589545249939,
        "2": 0.8788974285125732
    },
    "pair_chains_iptm": {
        "0": {
            "0": 0.9724461436271667,
            "1": 0.8326658010482788,
            "2": 0.6789535284042358
        },
        "1": {
            "0": 0.8251267671585083,
            "1": 0.9792589545249939,
            "2": 0.6309628486633301
        },
        "2": {
            "0": 0.8975281119346619,
            "1": 0.8941214680671692,
            "2": 0.8788974285125732
        }
    }
}