{
    "confidence_score": 0.8801723718643188,
    "ptm": 0.9252967834472656,
    "iptm": 0.8995212912559509,
    "ligand_iptm": 0.8254730105400085,
    "protein_iptm": 0.9441528916358948,
    "complex_plddt": 0.8753350973129272,
    "complex_iplddt": 0.7492730617523193,
    "complex_pde": 0.664710283279419,
    "complex_ipde": 1.4259405136108398,
    "chains_ptm": {
        "0": 0.9710490703582764,
        "1": 0.9698454141616821,
        "2": 0.8090074062347412
    },
    "pair_chains_iptm": {
        "0": {
            "0": 0.9710490703582764,
            "1": 0.9441528916358948,
            "2": 0.4883270263671875
        },
        "1": {
            "0": 0.9427315592765808,
            "1": 0.9698454141616821,
            "2": 0.5132876038551331
        },
        "2": {
            "0": 0.8254730105400085,
            "1": 0.8223288655281067,
            "2": 0.8090074062347412
        }
    }
}