{
    "confidence_score": 0.8735539317131042,
    "ptm": 0.9067407846450806,
    "iptm": 0.869449257850647,
    "ligand_iptm": 0.9075564742088318,
    "protein_iptm": 0.8534988760948181,
    "complex_plddt": 0.8745800852775574,
    "complex_iplddt": 0.7717465162277222,
    "complex_pde": 0.4668087065219879,
    "complex_ipde": 1.0781422853469849,
    "chains_ptm": {
        "0": 0.9743712544441223,
        "1": 0.973963737487793,
        "2": 0.885649561882019
    },
    "pair_chains_iptm": {
        "0": {
            "0": 0.9743712544441223,
            "1": 0.8534988760948181,
            "2": 0.659599781036377
        },
        "1": {
            "0": 0.8298212289810181,
            "1": 0.973963737487793,
            "2": 0.6703124046325684
        },
        "2": {
            "0": 0.9075564742088318,
            "1": 0.9058638215065002,
            "2": 0.885649561882019
        }
    }
}