{
    "confidence_score": 0.869246780872345,
    "ptm": 0.8916634321212769,
    "iptm": 0.850747287273407,
    "ligand_iptm": 0.7162664532661438,
    "protein_iptm": 0.9247685670852661,
    "complex_plddt": 0.8738716840744019,
    "complex_iplddt": 0.7574705481529236,
    "complex_pde": 0.810090959072113,
    "complex_ipde": 1.8376649618148804,
    "chains_ptm": {
        "0": 0.9623296856880188,
        "1": 0.9623914957046509,
        "2": 0.7174493074417114
    },
    "pair_chains_iptm": {
        "0": {
            "0": 0.9623296856880188,
            "1": 0.9246739149093628,
            "2": 0.3864719569683075
        },
        "1": {
            "0": 0.9247685670852661,
            "1": 0.9623914957046509,
            "2": 0.4021981358528137
        },
        "2": {
            "0": 0.7162664532661438,
            "1": 0.7151657342910767,
            "2": 0.7174493074417114
        }
    }
}