{
    "confidence_score": 0.889115035533905,
    "ptm": 0.926372230052948,
    "iptm": 0.8998831510543823,
    "ligand_iptm": 0.835564136505127,
    "protein_iptm": 0.9396479725837708,
    "complex_plddt": 0.8864230513572693,
    "complex_iplddt": 0.7873913645744324,
    "complex_pde": 0.6421893239021301,
    "complex_ipde": 1.345834732055664,
    "chains_ptm": {
        "0": 0.9719526767730713,
        "1": 0.9708183407783508,
        "2": 0.8108440041542053
    },
    "pair_chains_iptm": {
        "0": {
            "0": 0.9719526767730713,
            "1": 0.9395971894264221,
            "2": 0.5180107355117798
        },
        "1": {
            "0": 0.9396479725837708,
            "1": 0.9708183407783508,
            "2": 0.5205369591712952
        },
        "2": {
            "0": 0.835564136505127,
            "1": 0.8298196196556091,
            "2": 0.8108440041542053
        }
    }
}