{
    "confidence_score": 0.8326959013938904,
    "ptm": 0.9006413221359253,
    "iptm": 0.8420920968055725,
    "ligand_iptm": 0.9049326777458191,
    "protein_iptm": 0.8151973485946655,
    "complex_plddt": 0.8303467631340027,
    "complex_iplddt": 0.6447919011116028,
    "complex_pde": 0.4453168511390686,
    "complex_ipde": 1.0436222553253174,
    "chains_ptm": {
        "0": 0.9759812355041504,
        "1": 0.9788487553596497,
        "2": 0.8934400677680969
    },
    "pair_chains_iptm": {
        "0": {
            "0": 0.9759812355041504,
            "1": 0.8151973485946655,
            "2": 0.7186704874038696
        },
        "1": {
            "0": 0.8084917068481445,
            "1": 0.9788487553596497,
            "2": 0.6605742573738098
        },
        "2": {
            "0": 0.9049326777458191,
            "1": 0.8889700770378113,
            "2": 0.8934400677680969
        }
    }
}