{
    "confidence_score": 0.866138756275177,
    "ptm": 0.9089149236679077,
    "iptm": 0.8712531924247742,
    "ligand_iptm": 0.7619130611419678,
    "protein_iptm": 0.934137761592865,
    "complex_plddt": 0.8648601174354553,
    "complex_iplddt": 0.7352274060249329,
    "complex_pde": 0.760834813117981,
    "complex_ipde": 1.7198694944381714,
    "chains_ptm": {
        "0": 0.9705390334129333,
        "1": 0.9694787859916687,
        "2": 0.7556475400924683
    },
    "pair_chains_iptm": {
        "0": {
            "0": 0.9705390334129333,
            "1": 0.9333682060241699,
            "2": 0.4449436366558075
        },
        "1": {
            "0": 0.934137761592865,
            "1": 0.9694787859916687,
            "2": 0.41642478108406067
        },
        "2": {
            "0": 0.7619130611419678,
            "1": 0.7565789818763733,
            "2": 0.7556475400924683
        }
    }
}