{
    "confidence_score": 0.8878286480903625,
    "ptm": 0.919791042804718,
    "iptm": 0.8912163972854614,
    "ligand_iptm": 0.808404266834259,
    "protein_iptm": 0.9400635361671448,
    "complex_plddt": 0.886981725692749,
    "complex_iplddt": 0.7859588861465454,
    "complex_pde": 0.7029983401298523,
    "complex_ipde": 1.5068843364715576,
    "chains_ptm": {
        "0": 0.9692798256874084,
        "1": 0.9688830971717834,
        "2": 0.8001987934112549
    },
    "pair_chains_iptm": {
        "0": {
            "0": 0.9692798256874084,
            "1": 0.9400635361671448,
            "2": 0.4954800605773926
        },
        "1": {
            "0": 0.9395151734352112,
            "1": 0.9688830971717834,
            "2": 0.49030306935310364
        },
        "2": {
            "0": 0.808404266834259,
            "1": 0.8054177165031433,
            "2": 0.8001987934112549
        }
    }
}