{
    "confidence_score": 0.869189441204071,
    "ptm": 0.9679945111274719,
    "iptm": 0.9587831497192383,
    "ligand_iptm": 0.9773045182228088,
    "protein_iptm": 0.9528687000274658,
    "complex_plddt": 0.8467910289764404,
    "complex_iplddt": 0.7285066843032837,
    "complex_pde": 0.3038116991519928,
    "complex_ipde": 0.4126003384590149,
    "chains_ptm": {
        "0": 0.9835063219070435,
        "1": 0.9846899509429932,
        "2": 0.9524326920509338
    },
    "pair_chains_iptm": {
        "0": {
            "0": 0.9835063219070435,
            "1": 0.9528687000274658,
            "2": 0.8729639649391174
        },
        "1": {
            "0": 0.9435978531837463,
            "1": 0.9846899509429932,
            "2": 0.8362720012664795
        },
        "2": {
            "0": 0.9773045182228088,
            "1": 0.972285807132721,
            "2": 0.9524326920509338
        }
    }
}