{
    "confidence_score": 0.8335084915161133,
    "ptm": 0.8994941115379333,
    "iptm": 0.8419022560119629,
    "ligand_iptm": 0.8990381360054016,
    "protein_iptm": 0.8189401030540466,
    "complex_plddt": 0.8314100503921509,
    "complex_iplddt": 0.6322716474533081,
    "complex_pde": 0.4795307219028473,
    "complex_ipde": 1.23154878616333,
    "chains_ptm": {
        "0": 0.9735862016677856,
        "1": 0.9788925647735596,
        "2": 0.8810041546821594
    },
    "pair_chains_iptm": {
        "0": {
            "0": 0.9735862016677856,
            "1": 0.8189401030540466,
            "2": 0.6740665435791016
        },
        "1": {
            "0": 0.8137461543083191,
            "1": 0.9788925647735596,
            "2": 0.6284617781639099
        },
        "2": {
            "0": 0.8990381360054016,
            "1": 0.8724281191825867,
            "2": 0.8810041546821594
        }
    }
}