{
    "confidence_score": 0.879314124584198,
    "ptm": 0.9206801652908325,
    "iptm": 0.8775792717933655,
    "ligand_iptm": 0.9186310768127441,
    "protein_iptm": 0.863956093788147,
    "complex_plddt": 0.8797478675842285,
    "complex_iplddt": 0.7628465294837952,
    "complex_pde": 0.4300166070461273,
    "complex_ipde": 0.9442475438117981,
    "chains_ptm": {
        "0": 0.9739607572555542,
        "1": 0.9782528877258301,
        "2": 0.8857870697975159
    },
    "pair_chains_iptm": {
        "0": {
            "0": 0.9739607572555542,
            "1": 0.863956093788147,
            "2": 0.7020828723907471
        },
        "1": {
            "0": 0.8549152612686157,
            "1": 0.9782528877258301,
            "2": 0.6469166874885559
        },
        "2": {
            "0": 0.9186310768127441,
            "1": 0.9073053002357483,
            "2": 0.8857870697975159
        }
    }
}