{
    "confidence_score": 0.8817858099937439,
    "ptm": 0.9243994951248169,
    "iptm": 0.8954310417175293,
    "ligand_iptm": 0.8085846304893494,
    "protein_iptm": 0.9427842497825623,
    "complex_plddt": 0.878374457359314,
    "complex_iplddt": 0.7851109504699707,
    "complex_pde": 0.6680071353912354,
    "complex_ipde": 1.3692926168441772,
    "chains_ptm": {
        "0": 0.9706828594207764,
        "1": 0.968876302242279,
        "2": 0.8090513348579407
    },
    "pair_chains_iptm": {
        "0": {
            "0": 0.9706828594207764,
            "1": 0.9427842497825623,
            "2": 0.5204868316650391
        },
        "1": {
            "0": 0.9409505724906921,
            "1": 0.968876302242279,
            "2": 0.5348137617111206
        },
        "2": {
            "0": 0.80848228931427,
            "1": 0.8085846304893494,
            "2": 0.8090513348579407
        }
    }
}