{
    "confidence_score": 0.8672701716423035,
    "ptm": 0.911663830280304,
    "iptm": 0.8763938546180725,
    "ligand_iptm": 0.7762573957443237,
    "protein_iptm": 0.9352508783340454,
    "complex_plddt": 0.8649892807006836,
    "complex_iplddt": 0.7463451027870178,
    "complex_pde": 0.7501920461654663,
    "complex_ipde": 1.6834832429885864,
    "chains_ptm": {
        "0": 0.9695919156074524,
        "1": 0.9697785973548889,
        "2": 0.7688989043235779
    },
    "pair_chains_iptm": {
        "0": {
            "0": 0.9695919156074524,
            "1": 0.9352508783340454,
            "2": 0.46563154458999634
        },
        "1": {
            "0": 0.9336682558059692,
            "1": 0.9697785973548889,
            "2": 0.42781969904899597
        },
        "2": {
            "0": 0.7762573957443237,
            "1": 0.7687947154045105,
            "2": 0.7688989043235779
        }
    }
}