{
    "confidence_score": 0.891861081123352,
    "ptm": 0.9255445599555969,
    "iptm": 0.8967441916465759,
    "ligand_iptm": 0.8106450438499451,
    "protein_iptm": 0.9479141235351562,
    "complex_plddt": 0.8906403183937073,
    "complex_iplddt": 0.7912035584449768,
    "complex_pde": 0.6688145995140076,
    "complex_ipde": 1.4115203619003296,
    "chains_ptm": {
        "0": 0.9737248420715332,
        "1": 0.9727107882499695,
        "2": 0.8068471550941467
    },
    "pair_chains_iptm": {
        "0": {
            "0": 0.9737248420715332,
            "1": 0.9479141235351562,
            "2": 0.5165788531303406
        },
        "1": {
            "0": 0.9474602341651917,
            "1": 0.9727107882499695,
            "2": 0.5006452202796936
        },
        "2": {
            "0": 0.8106450438499451,
            "1": 0.8067296743392944,
            "2": 0.8068471550941467
        }
    }
}