{
    "confidence_score": 0.8685351610183716,
    "ptm": 0.9128482341766357,
    "iptm": 0.8613759875297546,
    "ligand_iptm": 0.9275476336479187,
    "protein_iptm": 0.8263666033744812,
    "complex_plddt": 0.8703249096870422,
    "complex_iplddt": 0.755168616771698,
    "complex_pde": 0.40791597962379456,
    "complex_ipde": 0.8985937833786011,
    "chains_ptm": {
        "0": 0.977291464805603,
        "1": 0.9808399677276611,
        "2": 0.912031888961792
    },
    "pair_chains_iptm": {
        "0": {
            "0": 0.977291464805603,
            "1": 0.8225734233856201,
            "2": 0.7768430113792419
        },
        "1": {
            "0": 0.8263666033744812,
            "1": 0.9808399677276611,
            "2": 0.6869860887527466
        },
        "2": {
            "0": 0.9275476336479187,
            "1": 0.9073678255081177,
            "2": 0.912031888961792
        }
    }
}