{
    "confidence_score": 0.8122156262397766,
    "ptm": 0.8673107624053955,
    "iptm": 0.8071231842041016,
    "ligand_iptm": 0.625620424747467,
    "protein_iptm": 0.9068568348884583,
    "complex_plddt": 0.8134887218475342,
    "complex_iplddt": 0.6214324235916138,
    "complex_pde": 1.0946877002716064,
    "complex_ipde": 2.819416046142578,
    "chains_ptm": {
        "0": 0.9662260413169861,
        "1": 0.9639024138450623,
        "2": 0.7051858901977539
    },
    "pair_chains_iptm": {
        "0": {
            "0": 0.9662260413169861,
            "1": 0.9068568348884583,
            "2": 0.31661030650138855
        },
        "1": {
            "0": 0.9022600054740906,
            "1": 0.9639024138450623,
            "2": 0.2944798469543457
        },
        "2": {
            "0": 0.6193765997886658,
            "1": 0.625620424747467,
            "2": 0.7051858901977539
        }
    }
}