{
    "confidence_score": 0.8292500376701355,
    "ptm": 0.8137442469596863,
    "iptm": 0.7280398607254028,
    "ligand_iptm": 0.8183664083480835,
    "protein_iptm": 0.6928664445877075,
    "complex_plddt": 0.8545525670051575,
    "complex_iplddt": 0.7018625140190125,
    "complex_pde": 0.7578038573265076,
    "complex_ipde": 2.3102025985717773,
    "chains_ptm": {
        "0": 0.9672797918319702,
        "1": 0.9690832495689392,
        "2": 0.8099046945571899
    },
    "pair_chains_iptm": {
        "0": {
            "0": 0.9672797918319702,
            "1": 0.6928664445877075,
            "2": 0.4185650646686554
        },
        "1": {
            "0": 0.667662501335144,
            "1": 0.9690832495689392,
            "2": 0.5867010354995728
        },
        "2": {
            "0": 0.7346742153167725,
            "1": 0.8183664083480835,
            "2": 0.8099046945571899
        }
    }
}