{
    "confidence_score": 0.8696989417076111,
    "ptm": 0.8330855369567871,
    "iptm": 0.7492146492004395,
    "ligand_iptm": 0.8418682217597961,
    "protein_iptm": 0.7111372351646423,
    "complex_plddt": 0.8998199105262756,
    "complex_iplddt": 0.8271172642707825,
    "complex_pde": 0.7124693989753723,
    "complex_ipde": 2.2105884552001953,
    "chains_ptm": {
        "0": 0.9705057740211487,
        "1": 0.9700412154197693,
        "2": 0.8699674606323242
    },
    "pair_chains_iptm": {
        "0": {
            "0": 0.9705057740211487,
            "1": 0.7111372351646423,
            "2": 0.503913164138794
        },
        "1": {
            "0": 0.7004384398460388,
            "1": 0.9700412154197693,
            "2": 0.6161852478981018
        },
        "2": {
            "0": 0.7780842781066895,
            "1": 0.8418682217597961,
            "2": 0.8699674606323242
        }
    }
}