{
    "confidence_score": 0.8591473698616028,
    "ptm": 0.9124640822410583,
    "iptm": 0.8757261037826538,
    "ligand_iptm": 0.7697752714157104,
    "protein_iptm": 0.9373436570167542,
    "complex_plddt": 0.8550027012825012,
    "complex_iplddt": 0.7194920182228088,
    "complex_pde": 0.7346710562705994,
    "complex_ipde": 1.664658546447754,
    "chains_ptm": {
        "0": 0.9725422263145447,
        "1": 0.971004843711853,
        "2": 0.7612847089767456
    },
    "pair_chains_iptm": {
        "0": {
            "0": 0.9725422263145447,
            "1": 0.9373436570167542,
            "2": 0.45696625113487244
        },
        "1": {
            "0": 0.9366628527641296,
            "1": 0.971004843711853,
            "2": 0.4464762806892395
        },
        "2": {
            "0": 0.7697752714157104,
            "1": 0.7654818892478943,
            "2": 0.7612847089767456
        }
    }
}