{
    "confidence_score": 0.8766655325889587,
    "ptm": 0.9173818230628967,
    "iptm": 0.8859069347381592,
    "ligand_iptm": 0.8071712851524353,
    "protein_iptm": 0.9325498938560486,
    "complex_plddt": 0.8743550777435303,
    "complex_iplddt": 0.7585090398788452,
    "complex_pde": 0.7014445662498474,
    "complex_ipde": 1.5747125148773193,
    "chains_ptm": {
        "0": 0.969523012638092,
        "1": 0.9680497646331787,
        "2": 0.7719395756721497
    },
    "pair_chains_iptm": {
        "0": {
            "0": 0.969523012638092,
            "1": 0.9325498938560486,
            "2": 0.4967283308506012
        },
        "1": {
            "0": 0.932073175907135,
            "1": 0.9680497646331787,
            "2": 0.4663463830947876
        },
        "2": {
            "0": 0.8071712851524353,
            "1": 0.7992069721221924,
            "2": 0.7719395756721497
        }
    }
}