{
    "confidence_score": 0.9011829495429993,
    "ptm": 0.922818660736084,
    "iptm": 0.8928195834159851,
    "ligand_iptm": 0.8153507113456726,
    "protein_iptm": 0.9402639865875244,
    "complex_plddt": 0.9032737612724304,
    "complex_iplddt": 0.8164327144622803,
    "complex_pde": 0.640860378742218,
    "complex_ipde": 1.3695290088653564,
    "chains_ptm": {
        "0": 0.9722605347633362,
        "1": 0.972318172454834,
        "2": 0.7915067076683044
    },
    "pair_chains_iptm": {
        "0": {
            "0": 0.9722605347633362,
            "1": 0.9402639865875244,
            "2": 0.5285859704017639
        },
        "1": {
            "0": 0.939278244972229,
            "1": 0.972318172454834,
            "2": 0.5281381011009216
        },
        "2": {
            "0": 0.8153507113456726,
            "1": 0.8094485998153687,
            "2": 0.7915067076683044
        }
    }
}