{
    "confidence_score": 0.8211418986320496,
    "ptm": 0.8296608328819275,
    "iptm": 0.7347792387008667,
    "ligand_iptm": 0.8482881784439087,
    "protein_iptm": 0.6878311634063721,
    "complex_plddt": 0.8427325487136841,
    "complex_iplddt": 0.6547083854675293,
    "complex_pde": 0.616737425327301,
    "complex_ipde": 1.650132656097412,
    "chains_ptm": {
        "0": 0.9643004536628723,
        "1": 0.9692378640174866,
        "2": 0.8548662662506104
    },
    "pair_chains_iptm": {
        "0": {
            "0": 0.9643004536628723,
            "1": 0.6878311634063721,
            "2": 0.5732960104942322
        },
        "1": {
            "0": 0.6816741824150085,
            "1": 0.9692378640174866,
            "2": 0.5919960141181946
        },
        "2": {
            "0": 0.8137438297271729,
            "1": 0.8482881784439087,
            "2": 0.8548662662506104
        }
    }
}