{
    "confidence_score": 0.9053193926811218,
    "ptm": 0.9261865615844727,
    "iptm": 0.8977999687194824,
    "ligand_iptm": 0.817514955997467,
    "protein_iptm": 0.9463062286376953,
    "complex_plddt": 0.9071992635726929,
    "complex_iplddt": 0.8217819333076477,
    "complex_pde": 0.6427482962608337,
    "complex_ipde": 1.315718650817871,
    "chains_ptm": {
        "0": 0.9734964370727539,
        "1": 0.9735080599784851,
        "2": 0.8050122261047363
    },
    "pair_chains_iptm": {
        "0": {
            "0": 0.9734964370727539,
            "1": 0.9459238052368164,
            "2": 0.5113794207572937
        },
        "1": {
            "0": 0.9463062286376953,
            "1": 0.9735080599784851,
            "2": 0.5055544972419739
        },
        "2": {
            "0": 0.817514955997467,
            "1": 0.8129696249961853,
            "2": 0.8050122261047363
        }
    }
}