{
    "confidence_score": 0.8975345492362976,
    "ptm": 0.9169062972068787,
    "iptm": 0.8879632353782654,
    "ligand_iptm": 0.8435220718383789,
    "protein_iptm": 0.9136678576469421,
    "complex_plddt": 0.8999273777008057,
    "complex_iplddt": 0.8213710784912109,
    "complex_pde": 0.6258273720741272,
    "complex_ipde": 1.2841135263442993,
    "chains_ptm": {
        "0": 0.9683929085731506,
        "1": 0.9691182971000671,
        "2": 0.8089315295219421
    },
    "pair_chains_iptm": {
        "0": {
            "0": 0.9683929085731506,
            "1": 0.9134294986724854,
            "2": 0.5394869446754456
        },
        "1": {
            "0": 0.9136678576469421,
            "1": 0.9691182971000671,
            "2": 0.526831328868866
        },
        "2": {
            "0": 0.8435220718383789,
            "1": 0.8345503807067871,
            "2": 0.8089315295219421
        }
    }
}