{
    "confidence_score": 0.8583583831787109,
    "ptm": 0.8535400629043579,
    "iptm": 0.758457362651825,
    "ligand_iptm": 0.8393538594245911,
    "protein_iptm": 0.7138159275054932,
    "complex_plddt": 0.8833336234092712,
    "complex_iplddt": 0.7752773761749268,
    "complex_pde": 0.5481604933738708,
    "complex_ipde": 1.4667072296142578,
    "chains_ptm": {
        "0": 0.9712328314781189,
        "1": 0.9739923477172852,
        "2": 0.8308438062667847
    },
    "pair_chains_iptm": {
        "0": {
            "0": 0.9712328314781189,
            "1": 0.7016474008560181,
            "2": 0.6330008506774902
        },
        "1": {
            "0": 0.7138159275054932,
            "1": 0.9739923477172852,
            "2": 0.5662253499031067
        },
        "2": {
            "0": 0.8393538594245911,
            "1": 0.8301331400871277,
            "2": 0.8308438062667847
        }
    }
}