{
    "confidence_score": 0.843625009059906,
    "ptm": 0.8566563725471497,
    "iptm": 0.7663995623588562,
    "ligand_iptm": 0.8654766082763672,
    "protein_iptm": 0.7117006778717041,
    "complex_plddt": 0.8629313111305237,
    "complex_iplddt": 0.7107740044593811,
    "complex_pde": 0.5527268052101135,
    "complex_ipde": 1.5390591621398926,
    "chains_ptm": {
        "0": 0.9741151332855225,
        "1": 0.9730613231658936,
        "2": 0.866174042224884
    },
    "pair_chains_iptm": {
        "0": {
            "0": 0.9741151332855225,
            "1": 0.6950269937515259,
            "2": 0.7122130990028381
        },
        "1": {
            "0": 0.7117006778717041,
            "1": 0.9730613231658936,
            "2": 0.525242269039154
        },
        "2": {
            "0": 0.8654766082763672,
            "1": 0.7972407937049866,
            "2": 0.866174042224884
        }
    }
}