{
    "confidence_score": 0.8872694373130798,
    "ptm": 0.9174062013626099,
    "iptm": 0.885881245136261,
    "ligand_iptm": 0.7977954745292664,
    "protein_iptm": 0.9380221366882324,
    "complex_plddt": 0.8876164555549622,
    "complex_iplddt": 0.7905665040016174,
    "complex_pde": 0.6973456144332886,
    "complex_ipde": 1.5184719562530518,
    "chains_ptm": {
        "0": 0.9711787104606628,
        "1": 0.9716112017631531,
        "2": 0.7698281407356262
    },
    "pair_chains_iptm": {
        "0": {
            "0": 0.9711787104606628,
            "1": 0.9376193284988403,
            "2": 0.500019907951355
        },
        "1": {
            "0": 0.9380221366882324,
            "1": 0.9716112017631531,
            "2": 0.47611483931541443
        },
        "2": {
            "0": 0.7977954745292664,
            "1": 0.7885617613792419,
            "2": 0.7698281407356262
        }
    }
}