{
    "confidence_score": 0.8660263419151306,
    "ptm": 0.8604945540428162,
    "iptm": 0.7718310356140137,
    "ligand_iptm": 0.8735483288764954,
    "protein_iptm": 0.7187492847442627,
    "complex_plddt": 0.8895751237869263,
    "complex_iplddt": 0.7979403138160706,
    "complex_pde": 0.5558717846870422,
    "complex_ipde": 1.4901021718978882,
    "chains_ptm": {
        "0": 0.9698699712753296,
        "1": 0.9693563580513,
        "2": 0.867084801197052
    },
    "pair_chains_iptm": {
        "0": {
            "0": 0.9698699712753296,
            "1": 0.695870578289032,
            "2": 0.6943606734275818
        },
        "1": {
            "0": 0.7187492847442627,
            "1": 0.9693563580513,
            "2": 0.554109513759613
        },
        "2": {
            "0": 0.8735483288764954,
            "1": 0.8246124386787415,
            "2": 0.867084801197052
        }
    }
}