{
    "confidence_score": 0.7555712461471558,
    "ptm": 0.7679596543312073,
    "iptm": 0.6158227324485779,
    "ligand_iptm": 0.727526068687439,
    "protein_iptm": 0.5566192865371704,
    "complex_plddt": 0.7905083298683167,
    "complex_iplddt": 0.5534812211990356,
    "complex_pde": 0.8695791363716125,
    "complex_ipde": 3.042607545852661,
    "chains_ptm": {
        "0": 0.9652641415596008,
        "1": 0.9692596793174744,
        "2": 0.775879442691803
    },
    "pair_chains_iptm": {
        "0": {
            "0": 0.9652641415596008,
            "1": 0.5383502244949341,
            "2": 0.44294077157974243
        },
        "1": {
            "0": 0.5566192865371704,
            "1": 0.9692596793174744,
            "2": 0.3757988214492798
        },
        "2": {
            "0": 0.727526068687439,
            "1": 0.6707121133804321,
            "2": 0.775879442691803
        }
    }
}