{
    "confidence_score": 0.8585004210472107,
    "ptm": 0.949738085269928,
    "iptm": 0.9299718141555786,
    "ligand_iptm": 0.9653003811836243,
    "protein_iptm": 0.9238053560256958,
    "complex_plddt": 0.8406325578689575,
    "complex_iplddt": 0.7326142191886902,
    "complex_pde": 0.35302668809890747,
    "complex_ipde": 0.6019216775894165,
    "chains_ptm": {
        "0": 0.9762446284294128,
        "1": 0.9823591113090515,
        "2": 0.936115562915802
    },
    "pair_chains_iptm": {
        "0": {
            "0": 0.9762446284294128,
            "1": 0.9238053560256958,
            "2": 0.8455321192741394
        },
        "1": {
            "0": 0.9130418300628662,
            "1": 0.9823591113090515,
            "2": 0.7797645926475525
        },
        "2": {
            "0": 0.9653003811836243,
            "1": 0.9440497159957886,
            "2": 0.936115562915802
        }
    }
}