{
    "confidence_score": 0.8723431825637817,
    "ptm": 0.9493240714073181,
    "iptm": 0.9319732785224915,
    "ligand_iptm": 0.9628995060920715,
    "protein_iptm": 0.9184269309043884,
    "complex_plddt": 0.8574356436729431,
    "complex_iplddt": 0.7173791527748108,
    "complex_pde": 0.34118103981018066,
    "complex_ipde": 0.5677490830421448,
    "chains_ptm": {
        "0": 0.9803710579872131,
        "1": 0.9807724952697754,
        "2": 0.9332941770553589
    },
    "pair_chains_iptm": {
        "0": {
            "0": 0.9803710579872131,
            "1": 0.9184269309043884,
            "2": 0.7972002029418945
        },
        "1": {
            "0": 0.8971974849700928,
            "1": 0.9807724952697754,
            "2": 0.7724920511245728
        },
        "2": {
            "0": 0.9535427689552307,
            "1": 0.9628995060920715,
            "2": 0.9332941770553589
        }
    }
}