{
    "confidence_score": 0.8745883107185364,
    "ptm": 0.8936082124710083,
    "iptm": 0.8489605784416199,
    "ligand_iptm": 0.7148982286453247,
    "protein_iptm": 0.9254405498504639,
    "complex_plddt": 0.8809952735900879,
    "complex_iplddt": 0.7753766179084778,
    "complex_pde": 0.8837167620658875,
    "complex_ipde": 2.0680975914001465,
    "chains_ptm": {
        "0": 0.9677560925483704,
        "1": 0.9663931131362915,
        "2": 0.7256994843482971
    },
    "pair_chains_iptm": {
        "0": {
            "0": 0.9677560925483704,
            "1": 0.9254405498504639,
            "2": 0.39838889241218567
        },
        "1": {
            "0": 0.9223332405090332,
            "1": 0.9663931131362915,
            "2": 0.3915005028247833
        },
        "2": {
            "0": 0.7148982286453247,
            "1": 0.7061020135879517,
            "2": 0.7256994843482971
        }
    }
}