{
    "confidence_score": 0.8846943974494934,
    "ptm": 0.9192206859588623,
    "iptm": 0.888863205909729,
    "ligand_iptm": 0.8076872825622559,
    "protein_iptm": 0.936525285243988,
    "complex_plddt": 0.8836522102355957,
    "complex_iplddt": 0.7799361348152161,
    "complex_pde": 0.6867797374725342,
    "complex_ipde": 1.4628053903579712,
    "chains_ptm": {
        "0": 0.970194935798645,
        "1": 0.9693860411643982,
        "2": 0.8131847977638245
    },
    "pair_chains_iptm": {
        "0": {
            "0": 0.970194935798645,
            "1": 0.936525285243988,
            "2": 0.5158563256263733
        },
        "1": {
            "0": 0.936331033706665,
            "1": 0.9693860411643982,
            "2": 0.5095264911651611
        },
        "2": {
            "0": 0.8076872825622559,
            "1": 0.8049865365028381,
            "2": 0.8131847977638245
        }
    }
}