{
    "confidence_score": 0.8573342561721802,
    "ptm": 0.9014489650726318,
    "iptm": 0.863856852054596,
    "ligand_iptm": 0.7703789472579956,
    "protein_iptm": 0.9216158390045166,
    "complex_plddt": 0.8557035326957703,
    "complex_iplddt": 0.7239857912063599,
    "complex_pde": 0.7917606830596924,
    "complex_ipde": 1.790508508682251,
    "chains_ptm": {
        "0": 0.9636269807815552,
        "1": 0.9656338691711426,
        "2": 0.8019294738769531
    },
    "pair_chains_iptm": {
        "0": {
            "0": 0.9636269807815552,
            "1": 0.9160587787628174,
            "2": 0.4671719968318939
        },
        "1": {
            "0": 0.9216158390045166,
            "1": 0.9656338691711426,
            "2": 0.41915619373321533
        },
        "2": {
            "0": 0.7703789472579956,
            "1": 0.7608730792999268,
            "2": 0.8019294738769531
        }
    }
}