{
    "confidence_score": 0.8611772656440735,
    "ptm": 0.9016257524490356,
    "iptm": 0.8620442152023315,
    "ligand_iptm": 0.770656406879425,
    "protein_iptm": 0.911309003829956,
    "complex_plddt": 0.8609605431556702,
    "complex_iplddt": 0.719981849193573,
    "complex_pde": 0.7209058403968811,
    "complex_ipde": 1.6222466230392456,
    "chains_ptm": {
        "0": 0.9700056314468384,
        "1": 0.9702380299568176,
        "2": 0.772032618522644
    },
    "pair_chains_iptm": {
        "0": {
            "0": 0.9700056314468384,
            "1": 0.911309003829956,
            "2": 0.4626690745353699
        },
        "1": {
            "0": 0.9100717306137085,
            "1": 0.9702380299568176,
            "2": 0.48333480954170227
        },
        "2": {
            "0": 0.7561556100845337,
            "1": 0.770656406879425,
            "2": 0.772032618522644
        }
    }
}