{
    "confidence_score": 0.8903427124023438,
    "ptm": 0.9351868033409119,
    "iptm": 0.9127260446548462,
    "ligand_iptm": 0.854953944683075,
    "protein_iptm": 0.9483857750892639,
    "complex_plddt": 0.8847469091415405,
    "complex_iplddt": 0.7850481271743774,
    "complex_pde": 0.5940581560134888,
    "complex_ipde": 1.1701632738113403,
    "chains_ptm": {
        "0": 0.9734810590744019,
        "1": 0.9717275500297546,
        "2": 0.8168028593063354
    },
    "pair_chains_iptm": {
        "0": {
            "0": 0.9734810590744019,
            "1": 0.9483857750892639,
            "2": 0.5372138619422913
        },
        "1": {
            "0": 0.9467979073524475,
            "1": 0.9717275500297546,
            "2": 0.5292522311210632
        },
        "2": {
            "0": 0.854953944683075,
            "1": 0.8467946648597717,
            "2": 0.8168028593063354
        }
    }
}