{
    "confidence_score": 0.8841890692710876,
    "ptm": 0.9251208901405334,
    "iptm": 0.8981401920318604,
    "ligand_iptm": 0.8178884983062744,
    "protein_iptm": 0.9430749416351318,
    "complex_plddt": 0.8807011842727661,
    "complex_iplddt": 0.7729779481887817,
    "complex_pde": 0.6572089195251465,
    "complex_ipde": 1.3901753425598145,
    "chains_ptm": {
        "0": 0.9734436273574829,
        "1": 0.9716701507568359,
        "2": 0.8031268119812012
    },
    "pair_chains_iptm": {
        "0": {
            "0": 0.9734436273574829,
            "1": 0.9430749416351318,
            "2": 0.5077274441719055
        },
        "1": {
            "0": 0.9399035573005676,
            "1": 0.9716701507568359,
            "2": 0.5165342688560486
        },
        "2": {
            "0": 0.8178884983062744,
            "1": 0.8174942135810852,
            "2": 0.8031268119812012
        }
    }
}