{
    "confidence_score": 0.8855709433555603,
    "ptm": 0.9214572906494141,
    "iptm": 0.8924013376235962,
    "ligand_iptm": 0.8051118850708008,
    "protein_iptm": 0.9447401165962219,
    "complex_plddt": 0.8838633298873901,
    "complex_iplddt": 0.7727572321891785,
    "complex_pde": 0.685873806476593,
    "complex_ipde": 1.4453492164611816,
    "chains_ptm": {
        "0": 0.971655547618866,
        "1": 0.9721261858940125,
        "2": 0.8008837699890137
    },
    "pair_chains_iptm": {
        "0": {
            "0": 0.971655547618866,
            "1": 0.9437677264213562,
            "2": 0.48779410123825073
        },
        "1": {
            "0": 0.9447401165962219,
            "1": 0.9721261858940125,
            "2": 0.49065232276916504
        },
        "2": {
            "0": 0.8051118850708008,
            "1": 0.8008278608322144,
            "2": 0.8008837699890137
        }
    }
}