{
    "confidence_score": 0.8739724159240723,
    "ptm": 0.9341045022010803,
    "iptm": 0.9090396761894226,
    "ligand_iptm": 0.9554685950279236,
    "protein_iptm": 0.8887028694152832,
    "complex_plddt": 0.8652056455612183,
    "complex_iplddt": 0.7391982078552246,
    "complex_pde": 0.35619276762008667,
    "complex_ipde": 0.6374468207359314,
    "chains_ptm": {
        "0": 0.9797288179397583,
        "1": 0.9795345664024353,
        "2": 0.9255110621452332
    },
    "pair_chains_iptm": {
        "0": {
            "0": 0.9797288179397583,
            "1": 0.8887028694152832,
            "2": 0.7671088576316833
        },
        "1": {
            "0": 0.8697385787963867,
            "1": 0.9795345664024353,
            "2": 0.7185090780258179
        },
        "2": {
            "0": 0.9494345188140869,
            "1": 0.9554685950279236,
            "2": 0.9255110621452332
        }
    }
}