{
    "confidence_score": 0.8882023096084595,
    "ptm": 0.9236035346984863,
    "iptm": 0.8964041471481323,
    "ligand_iptm": 0.8296221494674683,
    "protein_iptm": 0.9365440011024475,
    "complex_plddt": 0.8861518502235413,
    "complex_iplddt": 0.7880865931510925,
    "complex_pde": 0.6421657204627991,
    "complex_ipde": 1.3489333391189575,
    "chains_ptm": {
        "0": 0.967224657535553,
        "1": 0.9669967293739319,
        "2": 0.8323566913604736
    },
    "pair_chains_iptm": {
        "0": {
            "0": 0.967224657535553,
            "1": 0.9365440011024475,
            "2": 0.5542009472846985
        },
        "1": {
            "0": 0.9362329840660095,
            "1": 0.9669967293739319,
            "2": 0.5577131509780884
        },
        "2": {
            "0": 0.8296221494674683,
            "1": 0.8273098468780518,
            "2": 0.8323566913604736
        }
    }
}