{
    "confidence_score": 0.8597121238708496,
    "ptm": 0.948168933391571,
    "iptm": 0.9273249506950378,
    "ligand_iptm": 0.9606643915176392,
    "protein_iptm": 0.9133546948432922,
    "complex_plddt": 0.8428089022636414,
    "complex_iplddt": 0.702544629573822,
    "complex_pde": 0.3397238552570343,
    "complex_ipde": 0.5693628787994385,
    "chains_ptm": {
        "0": 0.9806734919548035,
        "1": 0.9836738109588623,
        "2": 0.9348034262657166
    },
    "pair_chains_iptm": {
        "0": {
            "0": 0.9806734919548035,
            "1": 0.9133546948432922,
            "2": 0.7705089449882507
        },
        "1": {
            "0": 0.9030971527099609,
            "1": 0.9836738109588623,
            "2": 0.7242976427078247
        },
        "2": {
            "0": 0.9606643915176392,
            "1": 0.9592193365097046,
            "2": 0.9348034262657166
        }
    }
}