{
    "confidence_score": 0.8532681465148926,
    "ptm": 0.9480862617492676,
    "iptm": 0.9243854284286499,
    "ligand_iptm": 0.9652398228645325,
    "protein_iptm": 0.9147064685821533,
    "complex_plddt": 0.8354887962341309,
    "complex_iplddt": 0.713659405708313,
    "complex_pde": 0.3477194905281067,
    "complex_ipde": 0.590907096862793,
    "chains_ptm": {
        "0": 0.977271318435669,
        "1": 0.9832427501678467,
        "2": 0.9359229803085327
    },
    "pair_chains_iptm": {
        "0": {
            "0": 0.977271318435669,
            "1": 0.9147064685821533,
            "2": 0.8237718939781189
        },
        "1": {
            "0": 0.9052355289459229,
            "1": 0.9832427501678467,
            "2": 0.7655899524688721
        },
        "2": {
            "0": 0.9652398228645325,
            "1": 0.9432827830314636,
            "2": 0.9359229803085327
        }
    }
}