{
    "confidence_score": 0.8563074469566345,
    "ptm": 0.886907696723938,
    "iptm": 0.8420690894126892,
    "ligand_iptm": 0.7454302906990051,
    "protein_iptm": 0.8955598473548889,
    "complex_plddt": 0.8598670363426208,
    "complex_iplddt": 0.7323330044746399,
    "complex_pde": 0.8111379146575928,
    "complex_ipde": 1.8357343673706055,
    "chains_ptm": {
        "0": 0.965369462966919,
        "1": 0.9609845876693726,
        "2": 0.7770021557807922
    },
    "pair_chains_iptm": {
        "0": {
            "0": 0.965369462966919,
            "1": 0.8949460983276367,
            "2": 0.45998290181159973
        },
        "1": {
            "0": 0.8955598473548889,
            "1": 0.9609845876693726,
            "2": 0.4769819378852844
        },
        "2": {
            "0": 0.7426691651344299,
            "1": 0.7454302906990051,
            "2": 0.7770021557807922
        }
    }
}