{
    "confidence_score": 0.8359708786010742,
    "ptm": 0.9146575927734375,
    "iptm": 0.8660507798194885,
    "ligand_iptm": 0.9167943000793457,
    "protein_iptm": 0.8477553725242615,
    "complex_plddt": 0.8284508585929871,
    "complex_iplddt": 0.6449319124221802,
    "complex_pde": 0.4312010705471039,
    "complex_ipde": 0.9915532469749451,
    "chains_ptm": {
        "0": 0.9748468399047852,
        "1": 0.9795328974723816,
        "2": 0.8889903426170349
    },
    "pair_chains_iptm": {
        "0": {
            "0": 0.9748468399047852,
            "1": 0.8477553725242615,
            "2": 0.7149369120597839
        },
        "1": {
            "0": 0.838125467300415,
            "1": 0.9795328974723816,
            "2": 0.64803147315979
        },
        "2": {
            "0": 0.9167943000793457,
            "1": 0.9074176549911499,
            "2": 0.8889903426170349
        }
    }
}