{
    "confidence_score": 0.8771258592605591,
    "ptm": 0.8943834900856018,
    "iptm": 0.8506979942321777,
    "ligand_iptm": 0.7271215915679932,
    "protein_iptm": 0.9223724007606506,
    "complex_plddt": 0.883732795715332,
    "complex_iplddt": 0.7853731513023376,
    "complex_pde": 0.8824838399887085,
    "complex_ipde": 2.003539562225342,
    "chains_ptm": {
        "0": 0.9664241671562195,
        "1": 0.9660242795944214,
        "2": 0.7368558049201965
    },
    "pair_chains_iptm": {
        "0": {
            "0": 0.9664241671562195,
            "1": 0.9223724007606506,
            "2": 0.4043087959289551
        },
        "1": {
            "0": 0.9214017391204834,
            "1": 0.9660242795944214,
            "2": 0.3885117173194885
        },
        "2": {
            "0": 0.7271215915679932,
            "1": 0.718040943145752,
            "2": 0.7368558049201965
        }
    }
}