{
    "confidence_score": 0.8193302154541016,
    "ptm": 0.8971792459487915,
    "iptm": 0.8442986011505127,
    "ligand_iptm": 0.9053971767425537,
    "protein_iptm": 0.816662609577179,
    "complex_plddt": 0.8130881786346436,
    "complex_iplddt": 0.5823565721511841,
    "complex_pde": 0.4853992462158203,
    "complex_ipde": 1.1964638233184814,
    "chains_ptm": {
        "0": 0.9725594520568848,
        "1": 0.9725974202156067,
        "2": 0.8752444982528687
    },
    "pair_chains_iptm": {
        "0": {
            "0": 0.9725594520568848,
            "1": 0.816662609577179,
            "2": 0.7085727453231812
        },
        "1": {
            "0": 0.8143059611320496,
            "1": 0.9725974202156067,
            "2": 0.5661011338233948
        },
        "2": {
            "0": 0.9053971767425537,
            "1": 0.8726280927658081,
            "2": 0.8752444982528687
        }
    }
}