{
    "confidence_score": 0.8550570607185364,
    "ptm": 0.8927074074745178,
    "iptm": 0.8483080863952637,
    "ligand_iptm": 0.7223472595214844,
    "protein_iptm": 0.9231489896774292,
    "complex_plddt": 0.8567442893981934,
    "complex_iplddt": 0.717243492603302,
    "complex_pde": 0.8974961638450623,
    "complex_ipde": 2.015758991241455,
    "chains_ptm": {
        "0": 0.9665156602859497,
        "1": 0.966090977191925,
        "2": 0.7211875915527344
    },
    "pair_chains_iptm": {
        "0": {
            "0": 0.9665156602859497,
            "1": 0.9224269986152649,
            "2": 0.38612309098243713
        },
        "1": {
            "0": 0.9231489896774292,
            "1": 0.966090977191925,
            "2": 0.36315831542015076
        },
        "2": {
            "0": 0.7223472595214844,
            "1": 0.7097774744033813,
            "2": 0.7211875915527344
        }
    }
}