{
    "confidence_score": 0.8716625571250916,
    "ptm": 0.9069147109985352,
    "iptm": 0.8715136647224426,
    "ligand_iptm": 0.8010789752006531,
    "protein_iptm": 0.9158521890640259,
    "complex_plddt": 0.8716997504234314,
    "complex_iplddt": 0.7502812743186951,
    "complex_pde": 0.6935281157493591,
    "complex_ipde": 1.4894949197769165,
    "chains_ptm": {
        "0": 0.9681731462478638,
        "1": 0.9665133357048035,
        "2": 0.7884674072265625
    },
    "pair_chains_iptm": {
        "0": {
            "0": 0.9681731462478638,
            "1": 0.9155438542366028,
            "2": 0.48869043588638306
        },
        "1": {
            "0": 0.9158521890640259,
            "1": 0.9665133357048035,
            "2": 0.4946267604827881
        },
        "2": {
            "0": 0.8010789752006531,
            "1": 0.795335590839386,
            "2": 0.7884674072265625
        }
    }
}