{
    "confidence_score": 0.8607310652732849,
    "ptm": 0.9538440704345703,
    "iptm": 0.9346174001693726,
    "ligand_iptm": 0.9619510173797607,
    "protein_iptm": 0.9273216128349304,
    "complex_plddt": 0.8422594666481018,
    "complex_iplddt": 0.6985903978347778,
    "complex_pde": 0.33643433451652527,
    "complex_ipde": 0.5503811240196228,
    "chains_ptm": {
        "0": 0.9797373414039612,
        "1": 0.9838191866874695,
        "2": 0.9142491221427917
    },
    "pair_chains_iptm": {
        "0": {
            "0": 0.9797373414039612,
            "1": 0.9273216128349304,
            "2": 0.7518221735954285
        },
        "1": {
            "0": 0.9198693633079529,
            "1": 0.9838191866874695,
            "2": 0.7173343896865845
        },
        "2": {
            "0": 0.9619510173797607,
            "1": 0.9512736797332764,
            "2": 0.9142491221427917
        }
    }
}