{
    "confidence_score": 0.8866925239562988,
    "ptm": 0.9183110594749451,
    "iptm": 0.8858479261398315,
    "ligand_iptm": 0.7884157299995422,
    "protein_iptm": 0.9417725205421448,
    "complex_plddt": 0.886903703212738,
    "complex_iplddt": 0.7876715064048767,
    "complex_pde": 0.7068886756896973,
    "complex_ipde": 1.5161159038543701,
    "chains_ptm": {
        "0": 0.9731402397155762,
        "1": 0.9725403189659119,
        "2": 0.78416907787323
    },
    "pair_chains_iptm": {
        "0": {
            "0": 0.9731402397155762,
            "1": 0.9417725205421448,
            "2": 0.4871644973754883
        },
        "1": {
            "0": 0.9400818943977356,
            "1": 0.9725403189659119,
            "2": 0.48352429270744324
        },
        "2": {
            "0": 0.7884157299995422,
            "1": 0.7869599461555481,
            "2": 0.78416907787323
        }
    }
}