{
    "confidence_score": 0.875819206237793,
    "ptm": 0.8602919578552246,
    "iptm": 0.7695808410644531,
    "ligand_iptm": 0.8707345724105835,
    "protein_iptm": 0.7183107137680054,
    "complex_plddt": 0.9023788571357727,
    "complex_iplddt": 0.829930305480957,
    "complex_pde": 0.5193567276000977,
    "complex_ipde": 1.308553695678711,
    "chains_ptm": {
        "0": 0.9722943902015686,
        "1": 0.9725890159606934,
        "2": 0.8761969208717346
    },
    "pair_chains_iptm": {
        "0": {
            "0": 0.9722943902015686,
            "1": 0.7119327783584595,
            "2": 0.7102808356285095
        },
        "1": {
            "0": 0.7183107137680054,
            "1": 0.9725890159606934,
            "2": 0.5573761463165283
        },
        "2": {
            "0": 0.8707345724105835,
            "1": 0.8588530421257019,
            "2": 0.8761969208717346
        }
    }
}