{
    "confidence_score": 0.8655781149864197,
    "ptm": 0.9010041952133179,
    "iptm": 0.8604257702827454,
    "ligand_iptm": 0.7377728223800659,
    "protein_iptm": 0.9322097301483154,
    "complex_plddt": 0.8668661117553711,
    "complex_iplddt": 0.741216242313385,
    "complex_pde": 0.7805148363113403,
    "complex_ipde": 1.731053113937378,
    "chains_ptm": {
        "0": 0.9684102535247803,
        "1": 0.9689888954162598,
        "2": 0.73225337266922
    },
    "pair_chains_iptm": {
        "0": {
            "0": 0.9684102535247803,
            "1": 0.9322097301483154,
            "2": 0.4239823818206787
        },
        "1": {
            "0": 0.9309998154640198,
            "1": 0.9689888954162598,
            "2": 0.43443548679351807
        },
        "2": {
            "0": 0.7377728223800659,
            "1": 0.7350194454193115,
            "2": 0.73225337266922
        }
    }
}