{
    "confidence_score": 0.8760576248168945,
    "ptm": 0.9129236340522766,
    "iptm": 0.8796141147613525,
    "ligand_iptm": 0.7761075496673584,
    "protein_iptm": 0.9409929513931274,
    "complex_plddt": 0.8751685619354248,
    "complex_iplddt": 0.7561931014060974,
    "complex_pde": 0.7621399760246277,
    "complex_ipde": 1.664169192314148,
    "chains_ptm": {
        "0": 0.9697762727737427,
        "1": 0.966765820980072,
        "2": 0.7883089780807495
    },
    "pair_chains_iptm": {
        "0": {
            "0": 0.9697762727737427,
            "1": 0.9391998052597046,
            "2": 0.4674054980278015
        },
        "1": {
            "0": 0.9409929513931274,
            "1": 0.966765820980072,
            "2": 0.4731793999671936
        },
        "2": {
            "0": 0.7761075496673584,
            "1": 0.7718353271484375,
            "2": 0.7883089780807495
        }
    }
}