{
    "confidence_score": 0.9173612594604492,
    "ptm": 0.9300895929336548,
    "iptm": 0.901910662651062,
    "ligand_iptm": 0.956841766834259,
    "protein_iptm": 0.8779407143592834,
    "complex_plddt": 0.9212239384651184,
    "complex_iplddt": 0.8614600896835327,
    "complex_pde": 0.36715757846832275,
    "complex_ipde": 0.6877714991569519,
    "chains_ptm": {
        "0": 0.9775974154472351,
        "1": 0.9811636805534363,
        "2": 0.945034921169281
    },
    "pair_chains_iptm": {
        "0": {
            "0": 0.9775974154472351,
            "1": 0.8779407143592834,
            "2": 0.7433978319168091
        },
        "1": {
            "0": 0.8552261590957642,
            "1": 0.9811636805534363,
            "2": 0.7180500030517578
        },
        "2": {
            "0": 0.9322369694709778,
            "1": 0.956841766834259,
            "2": 0.945034921169281
        }
    }
}