{
    "confidence_score": 0.8102267384529114,
    "ptm": 0.7947548031806946,
    "iptm": 0.6560963988304138,
    "ligand_iptm": 0.772287905216217,
    "protein_iptm": 0.5961915254592896,
    "complex_plddt": 0.8487592935562134,
    "complex_iplddt": 0.6914336681365967,
    "complex_pde": 0.779641330242157,
    "complex_ipde": 2.5359346866607666,
    "chains_ptm": {
        "0": 0.9668920636177063,
        "1": 0.9638758301734924,
        "2": 0.8000291585922241
    },
    "pair_chains_iptm": {
        "0": {
            "0": 0.9668920636177063,
            "1": 0.5767410397529602,
            "2": 0.5534054636955261
        },
        "1": {
            "0": 0.5961915254592896,
            "1": 0.9638758301734924,
            "2": 0.4240756928920746
        },
        "2": {
            "0": 0.772287905216217,
            "1": 0.7215682864189148,
            "2": 0.8000291585922241
        }
    }
}