{
    "confidence_score": 0.8204510807991028,
    "ptm": 0.8756094574928284,
    "iptm": 0.8022085428237915,
    "ligand_iptm": 0.8890092372894287,
    "protein_iptm": 0.7565085887908936,
    "complex_plddt": 0.825011670589447,
    "complex_iplddt": 0.6309435963630676,
    "complex_pde": 0.43290337920188904,
    "complex_ipde": 1.0056004524230957,
    "chains_ptm": {
        "0": 0.9764648675918579,
        "1": 0.9786133170127869,
        "2": 0.8967990279197693
    },
    "pair_chains_iptm": {
        "0": {
            "0": 0.9764648675918579,
            "1": 0.7386174201965332,
            "2": 0.7344255447387695
        },
        "1": {
            "0": 0.7565085887908936,
            "1": 0.9786133170127869,
            "2": 0.6306607723236084
        },
        "2": {
            "0": 0.8890092372894287,
            "1": 0.8780959248542786,
            "2": 0.8967990279197693
        }
    }
}