{
    "confidence_score": 0.8888553977012634,
    "ptm": 0.9187179207801819,
    "iptm": 0.8853812217712402,
    "ligand_iptm": 0.7900518178939819,
    "protein_iptm": 0.9388048648834229,
    "complex_plddt": 0.8897238373756409,
    "complex_iplddt": 0.7886898517608643,
    "complex_pde": 0.6830888390541077,
    "complex_ipde": 1.432773232460022,
    "chains_ptm": {
        "0": 0.9699464440345764,
        "1": 0.9711551666259766,
        "2": 0.7944405674934387
    },
    "pair_chains_iptm": {
        "0": {
            "0": 0.9699464440345764,
            "1": 0.9388048648834229,
            "2": 0.5269151329994202
        },
        "1": {
            "0": 0.9376370906829834,
            "1": 0.9711551666259766,
            "2": 0.5187660455703735
        },
        "2": {
            "0": 0.7892520427703857,
            "1": 0.7900518178939819,
            "2": 0.7944405674934387
        }
    }
}