{
    "confidence_score": 0.8766852617263794,
    "ptm": 0.9045916199684143,
    "iptm": 0.8645085692405701,
    "ligand_iptm": 0.7348424196243286,
    "protein_iptm": 0.9370534420013428,
    "complex_plddt": 0.8797294497489929,
    "complex_iplddt": 0.7718285918235779,
    "complex_pde": 0.797139048576355,
    "complex_ipde": 1.793993592262268,
    "chains_ptm": {
        "0": 0.9692730903625488,
        "1": 0.9695283770561218,
        "2": 0.7387104034423828
    },
    "pair_chains_iptm": {
        "0": {
            "0": 0.9692730903625488,
            "1": 0.9370534420013428,
            "2": 0.4273931682109833
        },
        "1": {
            "0": 0.9336451292037964,
            "1": 0.9695283770561218,
            "2": 0.43239787220954895
        },
        "2": {
            "0": 0.7348424196243286,
            "1": 0.7322190403938293,
            "2": 0.7387104034423828
        }
    }
}