{
    "confidence_score": 0.873829185962677,
    "ptm": 0.9049880504608154,
    "iptm": 0.8651718497276306,
    "ligand_iptm": 0.7443112730979919,
    "protein_iptm": 0.9342359304428101,
    "complex_plddt": 0.875993549823761,
    "complex_iplddt": 0.7500119209289551,
    "complex_pde": 0.7747700810432434,
    "complex_ipde": 1.7428275346755981,
    "chains_ptm": {
        "0": 0.969606876373291,
        "1": 0.9652570486068726,
        "2": 0.7535139918327332
    },
    "pair_chains_iptm": {
        "0": {
            "0": 0.969606876373291,
            "1": 0.9342359304428101,
            "2": 0.43488216400146484
        },
        "1": {
            "0": 0.9332098960876465,
            "1": 0.9652570486068726,
            "2": 0.4513864517211914
        },
        "2": {
            "0": 0.7443112730979919,
            "1": 0.7424341440200806,
            "2": 0.7535139918327332
        }
    }
}