{
    "confidence_score": 0.8727146983146667,
    "ptm": 0.8557991981506348,
    "iptm": 0.7623273730278015,
    "ligand_iptm": 0.8660473823547363,
    "protein_iptm": 0.7077383399009705,
    "complex_plddt": 0.9003115892410278,
    "complex_iplddt": 0.8273607492446899,
    "complex_pde": 0.6022926568984985,
    "complex_ipde": 1.7540433406829834,
    "chains_ptm": {
        "0": 0.9715781211853027,
        "1": 0.9719038605690002,
        "2": 0.871709942817688
    },
    "pair_chains_iptm": {
        "0": {
            "0": 0.9715781211853027,
            "1": 0.6852256059646606,
            "2": 0.6818398237228394
        },
        "1": {
            "0": 0.7077383399009705,
            "1": 0.9719038605690002,
            "2": 0.5476084351539612
        },
        "2": {
            "0": 0.8660473823547363,
            "1": 0.8060007095336914,
            "2": 0.871709942817688
        }
    }
}