{
    "confidence_score": 0.8552428483963013,
    "ptm": 0.9260578751564026,
    "iptm": 0.8981495499610901,
    "ligand_iptm": 0.950864315032959,
    "protein_iptm": 0.8750594854354858,
    "complex_plddt": 0.8445161581039429,
    "complex_iplddt": 0.6712844967842102,
    "complex_pde": 0.38019242882728577,
    "complex_ipde": 0.745727002620697,
    "chains_ptm": {
        "0": 0.9774084091186523,
        "1": 0.9766415953636169,
        "2": 0.9278476238250732
    },
    "pair_chains_iptm": {
        "0": {
            "0": 0.9774084091186523,
            "1": 0.8750594854354858,
            "2": 0.7502390742301941
        },
        "1": {
            "0": 0.8522449731826782,
            "1": 0.9766415953636169,
            "2": 0.7605690956115723
        },
        "2": {
            "0": 0.9381216764450073,
            "1": 0.950864315032959,
            "2": 0.9278476238250732
        }
    }
}