{
    "confidence_score": 0.8139724731445312,
    "ptm": 0.7849924564361572,
    "iptm": 0.6406471729278564,
    "ligand_iptm": 0.7457535862922668,
    "protein_iptm": 0.5876166224479675,
    "complex_plddt": 0.8573037981987,
    "complex_iplddt": 0.706287682056427,
    "complex_pde": 0.7819153070449829,
    "complex_ipde": 2.466887950897217,
    "chains_ptm": {
        "0": 0.9645671248435974,
        "1": 0.9677486419677734,
        "2": 0.7825290560722351
    },
    "pair_chains_iptm": {
        "0": {
            "0": 0.9645671248435974,
            "1": 0.5876166224479675,
            "2": 0.5276507139205933
        },
        "1": {
            "0": 0.5836845636367798,
            "1": 0.9677486419677734,
            "2": 0.41409051418304443
        },
        "2": {
            "0": 0.7457535862922668,
            "1": 0.7164470553398132,
            "2": 0.7825290560722351
        }
    }
}