protein,minimizedAffinity_avg,minimizedAffinity_best,minimizedAffinity_std,CNNscore_avg,CNNscore_best,CNNscore_std,CNNaffinity_avg,CNNaffinity_best,CNNaffinity_std,n_models
1fap,-9.5522785572,-10.7293692,0.6500718832632086,0.4932039238,0.6426543,0.07430175408884945,7.2714535708,6.56579542,0.3833405197951909,25
3fap,-10.1822066572,-11.3461285,0.6168158966185923,0.5029423857199999,0.686211705,0.11209642033052175,7.6505636788,6.9576087,0.4560735282923939,25
4drh,-10.0922767316,-11.2230558,0.7941555353019739,0.55546482204,0.742111504,0.10896933882967025,7.9413366704,7.09230042,0.4264727464073685,25
4dri,-10.2015491456,-11.4314651,0.6888426487842454,0.57491700176,0.793355942,0.10610870206674144,8.0300265696,7.32116318,0.32374347298457135,25
4drj,-10.0576920756,-11.2435303,0.7844556873181319,0.5254662252,0.673570216,0.07714878767652983,7.6748303028,6.93886614,0.38236038647523846,25
4fap,-9.970858117599999,-11.330162,0.7496819319588371,0.5282333708,0.704398632,0.06867069553050838,7.661713371199999,7.15156746,0.24108270273560667,25
5gpg,-9.7515361436,-11.0405293,0.7209965601976671,0.54146317132,0.759215117,0.09936727458077317,7.7592610556,6.87400246,0.5048963573880539,25
