{
    "confidence_score": 0.8802214860916138,
    "ptm": 0.9242613315582275,
    "iptm": 0.896076500415802,
    "ligand_iptm": 0.8187726140022278,
    "protein_iptm": 0.9385176301002502,
    "complex_plddt": 0.8762577176094055,
    "complex_iplddt": 0.763459324836731,
    "complex_pde": 0.6497099995613098,
    "complex_ipde": 1.3702129125595093,
    "chains_ptm": {
        "0": 0.9719502925872803,
        "1": 0.9706373810768127,
        "2": 0.7987805008888245
    },
    "pair_chains_iptm": {
        "0": {
            "0": 0.9719502925872803,
            "1": 0.9376781582832336,
            "2": 0.5470156073570251
        },
        "1": {
            "0": 0.9385176301002502,
            "1": 0.9706373810768127,
            "2": 0.5290892124176025
        },
        "2": {
            "0": 0.8178937435150146,
            "1": 0.8187726140022278,
            "2": 0.7987805008888245
        }
    }
}