{
    "confidence_score": 0.8845686316490173,
    "ptm": 0.9096736907958984,
    "iptm": 0.8724313974380493,
    "ligand_iptm": 0.7741905450820923,
    "protein_iptm": 0.9307850003242493,
    "complex_plddt": 0.8876028656959534,
    "complex_iplddt": 0.7781602740287781,
    "complex_pde": 0.7419609427452087,
    "complex_ipde": 1.6358444690704346,
    "chains_ptm": {
        "0": 0.9705479741096497,
        "1": 0.970041036605835,
        "2": 0.7871090769767761
    },
    "pair_chains_iptm": {
        "0": {
            "0": 0.9705479741096497,
            "1": 0.9294736385345459,
            "2": 0.4734557569026947
        },
        "1": {
            "0": 0.9307850003242493,
            "1": 0.970041036605835,
            "2": 0.47280555963516235
        },
        "2": {
            "0": 0.7741905450820923,
            "1": 0.7684870958328247,
            "2": 0.7871090769767761
        }
    }
}