{
    "confidence_score": 0.8608949780464172,
    "ptm": 0.9006915092468262,
    "iptm": 0.8394905924797058,
    "ligand_iptm": 0.9046744108200073,
    "protein_iptm": 0.8166748285293579,
    "complex_plddt": 0.8662461042404175,
    "complex_iplddt": 0.7359288334846497,
    "complex_pde": 0.46967679262161255,
    "complex_ipde": 1.1459680795669556,
    "chains_ptm": {
        "0": 0.977687418460846,
        "1": 0.9758215546607971,
        "2": 0.893753707408905
    },
    "pair_chains_iptm": {
        "0": {
            "0": 0.977687418460846,
            "1": 0.8166748285293579,
            "2": 0.7157927751541138
        },
        "1": {
            "0": 0.8050391674041748,
            "1": 0.9758215546607971,
            "2": 0.6452051997184753
        },
        "2": {
            "0": 0.9046744108200073,
            "1": 0.8950701951980591,
            "2": 0.893753707408905
        }
    }
}