{
    "confidence_score": 0.8237830996513367,
    "ptm": 0.8840768337249756,
    "iptm": 0.8151547312736511,
    "ligand_iptm": 0.9181123375892639,
    "protein_iptm": 0.7622105479240417,
    "complex_plddt": 0.8259402513504028,
    "complex_iplddt": 0.6467275023460388,
    "complex_pde": 0.47586092352867126,
    "complex_ipde": 1.2188725471496582,
    "chains_ptm": {
        "0": 0.9748756289482117,
        "1": 0.9783653616905212,
        "2": 0.8982465267181396
    },
    "pair_chains_iptm": {
        "0": {
            "0": 0.9748756289482117,
            "1": 0.7579361200332642,
            "2": 0.7406286001205444
        },
        "1": {
            "0": 0.7622105479240417,
            "1": 0.9783653616905212,
            "2": 0.5810983777046204
        },
        "2": {
            "0": 0.9181123375892639,
            "1": 0.8570680022239685,
            "2": 0.8982465267181396
        }
    }
}