{
    "confidence_score": 0.8722607493400574,
    "ptm": 0.919839084148407,
    "iptm": 0.8906606435775757,
    "ligand_iptm": 0.8236275911331177,
    "protein_iptm": 0.9326415657997131,
    "complex_plddt": 0.8676608204841614,
    "complex_iplddt": 0.7547487616539001,
    "complex_pde": 0.6918414831161499,
    "complex_ipde": 1.4650697708129883,
    "chains_ptm": {
        "0": 0.968806266784668,
        "1": 0.967682957649231,
        "2": 0.7906623482704163
    },
    "pair_chains_iptm": {
        "0": {
            "0": 0.968806266784668,
            "1": 0.9326415657997131,
            "2": 0.48823821544647217
        },
        "1": {
            "0": 0.932033896446228,
            "1": 0.967682957649231,
            "2": 0.46963146328926086
        },
        "2": {
            "0": 0.8236275911331177,
            "1": 0.8132995963096619,
            "2": 0.7906623482704163
        }
    }
}