{
    "confidence_score": 0.8679855465888977,
    "ptm": 0.9127485156059265,
    "iptm": 0.866406261920929,
    "ligand_iptm": 0.9092860221862793,
    "protein_iptm": 0.8503028750419617,
    "complex_plddt": 0.8683803677558899,
    "complex_iplddt": 0.7451580166816711,
    "complex_pde": 0.4477480947971344,
    "complex_ipde": 1.021457552909851,
    "chains_ptm": {
        "0": 0.9723948240280151,
        "1": 0.9783989787101746,
        "2": 0.872802197933197
    },
    "pair_chains_iptm": {
        "0": {
            "0": 0.9723948240280151,
            "1": 0.8503028750419617,
            "2": 0.6873480081558228
        },
        "1": {
            "0": 0.8439300060272217,
            "1": 0.9783989787101746,
            "2": 0.6154377460479736
        },
        "2": {
            "0": 0.9092860221862793,
            "1": 0.8988222479820251,
            "2": 0.872802197933197
        }
    }
}