{
    "confidence_score": 0.8656096458435059,
    "ptm": 0.9041953682899475,
    "iptm": 0.8656814098358154,
    "ligand_iptm": 0.7466704845428467,
    "protein_iptm": 0.935239315032959,
    "complex_plddt": 0.8655917048454285,
    "complex_iplddt": 0.735241174697876,
    "complex_pde": 0.7624725103378296,
    "complex_ipde": 1.6284974813461304,
    "chains_ptm": {
        "0": 0.9663822054862976,
        "1": 0.9653962850570679,
        "2": 0.7394826412200928
    },
    "pair_chains_iptm": {
        "0": {
            "0": 0.9663822054862976,
            "1": 0.935239315032959,
            "2": 0.4312763810157776
        },
        "1": {
            "0": 0.9348923563957214,
            "1": 0.9653962850570679,
            "2": 0.41120195388793945
        },
        "2": {
            "0": 0.7466704845428467,
            "1": 0.7422296404838562,
            "2": 0.7394826412200928
        }
    }
}