{
    "confidence_score": 0.8792532086372375,
    "ptm": 0.9224546551704407,
    "iptm": 0.8931536674499512,
    "ligand_iptm": 0.8134749531745911,
    "protein_iptm": 0.9370967745780945,
    "complex_plddt": 0.8757780194282532,
    "complex_iplddt": 0.7571650147438049,
    "complex_pde": 0.630994975566864,
    "complex_ipde": 1.3398957252502441,
    "chains_ptm": {
        "0": 0.9676520824432373,
        "1": 0.9692275524139404,
        "2": 0.8108484745025635
    },
    "pair_chains_iptm": {
        "0": {
            "0": 0.9676520824432373,
            "1": 0.9370967745780945,
            "2": 0.5686827301979065
        },
        "1": {
            "0": 0.9367315173149109,
            "1": 0.9692275524139404,
            "2": 0.5565906167030334
        },
        "2": {
            "0": 0.8132588267326355,
            "1": 0.8134749531745911,
            "2": 0.8108484745025635
        }
    }
}