{
    "confidence_score": 0.8675243258476257,
    "ptm": 0.9004934430122375,
    "iptm": 0.8595238924026489,
    "ligand_iptm": 0.7421161532402039,
    "protein_iptm": 0.9280391931533813,
    "complex_plddt": 0.8695244789123535,
    "complex_iplddt": 0.74788498878479,
    "complex_pde": 0.8319302797317505,
    "complex_ipde": 1.9408897161483765,
    "chains_ptm": {
        "0": 0.96706622838974,
        "1": 0.9663093090057373,
        "2": 0.7453533411026001
    },
    "pair_chains_iptm": {
        "0": {
            "0": 0.96706622838974,
            "1": 0.9280391931533813,
            "2": 0.4201246500015259
        },
        "1": {
            "0": 0.9260320067405701,
            "1": 0.9663093090057373,
            "2": 0.40594494342803955
        },
        "2": {
            "0": 0.7421161532402039,
            "1": 0.7348195910453796,
            "2": 0.7453533411026001
        }
    }
}