{
    "confidence_score": 0.8661516308784485,
    "ptm": 0.8992487788200378,
    "iptm": 0.8592175245285034,
    "ligand_iptm": 0.7281467914581299,
    "protein_iptm": 0.9347361326217651,
    "complex_plddt": 0.867885172367096,
    "complex_iplddt": 0.7364586591720581,
    "complex_pde": 0.8439457416534424,
    "complex_ipde": 1.913476586341858,
    "chains_ptm": {
        "0": 0.9652848839759827,
        "1": 0.9649834632873535,
        "2": 0.7371194362640381
    },
    "pair_chains_iptm": {
        "0": {
            "0": 0.9652848839759827,
            "1": 0.9347361326217651,
            "2": 0.36051520705223083
        },
        "1": {
            "0": 0.9337232708930969,
            "1": 0.9649834632873535,
            "2": 0.4223976135253906
        },
        "2": {
            "0": 0.7255066633224487,
            "1": 0.7281467914581299,
            "2": 0.7371194362640381
        }
    }
}