{
    "confidence_score": 0.8926212191581726,
    "ptm": 0.9167518019676208,
    "iptm": 0.8665491938591003,
    "ligand_iptm": 0.930630087852478,
    "protein_iptm": 0.8386521935462952,
    "complex_plddt": 0.8991392254829407,
    "complex_iplddt": 0.8252677321434021,
    "complex_pde": 0.39816930890083313,
    "complex_ipde": 0.7832459211349487,
    "chains_ptm": {
        "0": 0.9798457622528076,
        "1": 0.9760484099388123,
        "2": 0.9155953526496887
    },
    "pair_chains_iptm": {
        "0": {
            "0": 0.9798457622528076,
            "1": 0.8386521935462952,
            "2": 0.7693617343902588
        },
        "1": {
            "0": 0.8327407240867615,
            "1": 0.9760484099388123,
            "2": 0.6491104960441589
        },
        "2": {
            "0": 0.929088294506073,
            "1": 0.930630087852478,
            "2": 0.9155953526496887
        }
    }
}