{
    "confidence_score": 0.8884216547012329,
    "ptm": 0.9187524318695068,
    "iptm": 0.8878917694091797,
    "ligand_iptm": 0.8023362755775452,
    "protein_iptm": 0.9390298128128052,
    "complex_plddt": 0.8885541558265686,
    "complex_iplddt": 0.7883732914924622,
    "complex_pde": 0.7130212783813477,
    "complex_ipde": 1.5341758728027344,
    "chains_ptm": {
        "0": 0.9697607755661011,
        "1": 0.9696745276451111,
        "2": 0.7837513089179993
    },
    "pair_chains_iptm": {
        "0": {
            "0": 0.9697607755661011,
            "1": 0.9390298128128052,
            "2": 0.4749602973461151
        },
        "1": {
            "0": 0.9386351704597473,
            "1": 0.9696745276451111,
            "2": 0.49043238162994385
        },
        "2": {
            "0": 0.8018122911453247,
            "1": 0.8023362755775452,
            "2": 0.7837513089179993
        }
    }
}