{
    "confidence_score": 0.8724322319030762,
    "ptm": 0.9214363098144531,
    "iptm": 0.8781880736351013,
    "ligand_iptm": 0.9347571134567261,
    "protein_iptm": 0.8469573855400085,
    "complex_plddt": 0.8709932565689087,
    "complex_iplddt": 0.7744837999343872,
    "complex_pde": 0.43544912338256836,
    "complex_ipde": 0.9837421774864197,
    "chains_ptm": {
        "0": 0.9749634265899658,
        "1": 0.9794468283653259,
        "2": 0.8902284502983093
    },
    "pair_chains_iptm": {
        "0": {
            "0": 0.9749634265899658,
            "1": 0.8459436893463135,
            "2": 0.7431408166885376
        },
        "1": {
            "0": 0.8469573855400085,
            "1": 0.9794468283653259,
            "2": 0.6118608117103577
        },
        "2": {
            "0": 0.9347571134567261,
            "1": 0.8761245012283325,
            "2": 0.8902284502983093
        }
    }
}