{
    "confidence_score": 0.8669256567955017,
    "ptm": 0.9116958379745483,
    "iptm": 0.876426100730896,
    "ligand_iptm": 0.7696570158004761,
    "protein_iptm": 0.935753345489502,
    "complex_plddt": 0.8645504713058472,
    "complex_iplddt": 0.7434961795806885,
    "complex_pde": 0.7449294328689575,
    "complex_ipde": 1.6325504779815674,
    "chains_ptm": {
        "0": 0.968132495880127,
        "1": 0.9658473134040833,
        "2": 0.7340299487113953
    },
    "pair_chains_iptm": {
        "0": {
            "0": 0.968132495880127,
            "1": 0.935753345489502,
            "2": 0.45186179876327515
        },
        "1": {
            "0": 0.9341433048248291,
            "1": 0.9658473134040833,
            "2": 0.4761873781681061
        },
        "2": {
            "0": 0.7696570158004761,
            "1": 0.7695150971412659,
            "2": 0.7340299487113953
        }
    }
}