{
    "confidence_score": 0.8930994868278503,
    "ptm": 0.9235605597496033,
    "iptm": 0.8952186107635498,
    "ligand_iptm": 0.8111785054206848,
    "protein_iptm": 0.9444953203201294,
    "complex_plddt": 0.8925697207450867,
    "complex_iplddt": 0.7900266051292419,
    "complex_pde": 0.6696944832801819,
    "complex_ipde": 1.3836860656738281,
    "chains_ptm": {
        "0": 0.9726618528366089,
        "1": 0.9728975892066956,
        "2": 0.8124170303344727
    },
    "pair_chains_iptm": {
        "0": {
            "0": 0.9726618528366089,
            "1": 0.9444953203201294,
            "2": 0.5157060623168945
        },
        "1": {
            "0": 0.9442391991615295,
            "1": 0.9728975892066956,
            "2": 0.5091186761856079
        },
        "2": {
            "0": 0.8111785054206848,
            "1": 0.8081701397895813,
            "2": 0.8124170303344727
        }
    }
}