{
    "confidence_score": 0.8408714532852173,
    "ptm": 0.8705335855484009,
    "iptm": 0.7900369167327881,
    "ligand_iptm": 0.8866453170776367,
    "protein_iptm": 0.7380433082580566,
    "complex_plddt": 0.8535800576210022,
    "complex_iplddt": 0.7089043259620667,
    "complex_pde": 0.49997469782829285,
    "complex_ipde": 1.3168505430221558,
    "chains_ptm": {
        "0": 0.9726412892341614,
        "1": 0.9759407639503479,
        "2": 0.8829046487808228
    },
    "pair_chains_iptm": {
        "0": {
            "0": 0.9726412892341614,
            "1": 0.72959303855896,
            "2": 0.7108498215675354
        },
        "1": {
            "0": 0.7380433082580566,
            "1": 0.9759407639503479,
            "2": 0.6158724427223206
        },
        "2": {
            "0": 0.8866453170776367,
            "1": 0.8513497114181519,
            "2": 0.8829046487808228
        }
    }
}