{
    "confidence_score": 0.8964592814445496,
    "ptm": 0.9059547185897827,
    "iptm": 0.8686948418617249,
    "ligand_iptm": 0.7755539417266846,
    "protein_iptm": 0.9239004850387573,
    "complex_plddt": 0.9034004211425781,
    "complex_iplddt": 0.8317502737045288,
    "complex_pde": 0.7598580121994019,
    "complex_ipde": 1.6870499849319458,
    "chains_ptm": {
        "0": 0.9664637446403503,
        "1": 0.9658003449440002,
        "2": 0.7767556309700012
    },
    "pair_chains_iptm": {
        "0": {
            "0": 0.9664637446403503,
            "1": 0.9236624240875244,
            "2": 0.4721713662147522
        },
        "1": {
            "0": 0.9239004850387573,
            "1": 0.9658003449440002,
            "2": 0.46171697974205017
        },
        "2": {
            "0": 0.7755539417266846,
            "1": 0.7727823853492737,
            "2": 0.7767556309700012
        }
    }
}