{
    "confidence_score": 0.8742756843566895,
    "ptm": 0.8602684140205383,
    "iptm": 0.7713996171951294,
    "ligand_iptm": 0.863105297088623,
    "protein_iptm": 0.7222480773925781,
    "complex_plddt": 0.8999946713447571,
    "complex_iplddt": 0.8174124360084534,
    "complex_pde": 0.4991101026535034,
    "complex_ipde": 1.339382529258728,
    "chains_ptm": {
        "0": 0.9724143147468567,
        "1": 0.9751057028770447,
        "2": 0.8674525618553162
    },
    "pair_chains_iptm": {
        "0": {
            "0": 0.9724143147468567,
            "1": 0.7219634652137756,
            "2": 0.7002490162849426
        },
        "1": {
            "0": 0.7222480773925781,
            "1": 0.9751057028770447,
            "2": 0.6161186099052429
        },
        "2": {
            "0": 0.863105297088623,
            "1": 0.8590954542160034,
            "2": 0.8674525618553162
        }
    }
}