{
    "confidence_score": 0.8650519251823425,
    "ptm": 0.8928713798522949,
    "iptm": 0.8276740908622742,
    "ligand_iptm": 0.9034528136253357,
    "protein_iptm": 0.7867308855056763,
    "complex_plddt": 0.8743964433670044,
    "complex_iplddt": 0.7624830007553101,
    "complex_pde": 0.47180044651031494,
    "complex_ipde": 1.176780104637146,
    "chains_ptm": {
        "0": 0.9737793207168579,
        "1": 0.9751949906349182,
        "2": 0.8773891925811768
    },
    "pair_chains_iptm": {
        "0": {
            "0": 0.9737793207168579,
            "1": 0.7833465933799744,
            "2": 0.7161461114883423
        },
        "1": {
            "0": 0.7867308855056763,
            "1": 0.9751949906349182,
            "2": 0.6249693632125854
        },
        "2": {
            "0": 0.9034528136253357,
            "1": 0.8684003353118896,
            "2": 0.8773891925811768
        }
    }
}