{
    "confidence_score": 0.8501135110855103,
    "ptm": 0.896260678768158,
    "iptm": 0.8378345966339111,
    "ligand_iptm": 0.9118919372558594,
    "protein_iptm": 0.8081124424934387,
    "complex_plddt": 0.8531832695007324,
    "complex_iplddt": 0.691996693611145,
    "complex_pde": 0.4567354917526245,
    "complex_ipde": 1.0567576885223389,
    "chains_ptm": {
        "0": 0.9711847901344299,
        "1": 0.9784935116767883,
        "2": 0.9123131036758423
    },
    "pair_chains_iptm": {
        "0": {
            "0": 0.9711847901344299,
            "1": 0.8081124424934387,
            "2": 0.6842502951622009
        },
        "1": {
            "0": 0.7999554872512817,
            "1": 0.9784935116767883,
            "2": 0.6523759365081787
        },
        "2": {
            "0": 0.9024227261543274,
            "1": 0.9118919372558594,
            "2": 0.9123131036758423
        }
    }
}