{
    "confidence_score": 0.8882929086685181,
    "ptm": 0.9086835980415344,
    "iptm": 0.8708899617195129,
    "ligand_iptm": 0.7696313261985779,
    "protein_iptm": 0.9302657246589661,
    "complex_plddt": 0.8926436305046082,
    "complex_iplddt": 0.8070623874664307,
    "complex_pde": 0.7679199576377869,
    "complex_ipde": 1.7281053066253662,
    "chains_ptm": {
        "0": 0.9697152376174927,
        "1": 0.9678162336349487,
        "2": 0.7665432691574097
    },
    "pair_chains_iptm": {
        "0": {
            "0": 0.9697152376174927,
            "1": 0.9302657246589661,
            "2": 0.4723584055900574
        },
        "1": {
            "0": 0.9288955330848694,
            "1": 0.9678162336349487,
            "2": 0.4501328468322754
        },
        "2": {
            "0": 0.7696313261985779,
            "1": 0.7597759962081909,
            "2": 0.7665432691574097
        }
    }
}