{
    "confidence_score": 0.8688322901725769,
    "ptm": 0.8954309225082397,
    "iptm": 0.8535237908363342,
    "ligand_iptm": 0.7595035433769226,
    "protein_iptm": 0.9086073637008667,
    "complex_plddt": 0.8726593852043152,
    "complex_iplddt": 0.7503200173377991,
    "complex_pde": 0.7669039964675903,
    "complex_ipde": 1.7306325435638428,
    "chains_ptm": {
        "0": 0.9670594334602356,
        "1": 0.9651976227760315,
        "2": 0.7756344079971313
    },
    "pair_chains_iptm": {
        "0": {
            "0": 0.9670594334602356,
            "1": 0.9086073637008667,
            "2": 0.4469323754310608
        },
        "1": {
            "0": 0.9057862162590027,
            "1": 0.9651976227760315,
            "2": 0.45178812742233276
        },
        "2": {
            "0": 0.7595035433769226,
            "1": 0.7533020973205566,
            "2": 0.7756344079971313
        }
    }
}