{
    "confidence_score": 0.8922948837280273,
    "ptm": 0.9217666387557983,
    "iptm": 0.8976327180862427,
    "ligand_iptm": 0.8277420401573181,
    "protein_iptm": 0.9374370574951172,
    "complex_plddt": 0.8909603953361511,
    "complex_iplddt": 0.8002975583076477,
    "complex_pde": 0.6053484082221985,
    "complex_ipde": 1.223490834236145,
    "chains_ptm": {
        "0": 0.9667247533798218,
        "1": 0.9667015671730042,
        "2": 0.8131692409515381
    },
    "pair_chains_iptm": {
        "0": {
            "0": 0.9667247533798218,
            "1": 0.9374370574951172,
            "2": 0.5303626656532288
        },
        "1": {
            "0": 0.9373347163200378,
            "1": 0.9667015671730042,
            "2": 0.5288902521133423
        },
        "2": {
            "0": 0.8277420401573181,
            "1": 0.821204662322998,
            "2": 0.8131692409515381
        }
    }
}