{
    "confidence_score": 0.8304974436759949,
    "ptm": 0.8313372731208801,
    "iptm": 0.7184745073318481,
    "ligand_iptm": 0.8337348699569702,
    "protein_iptm": 0.6583084464073181,
    "complex_plddt": 0.8585031628608704,
    "complex_iplddt": 0.7133498787879944,
    "complex_pde": 0.634060800075531,
    "complex_ipde": 1.8688164949417114,
    "chains_ptm": {
        "0": 0.9703168272972107,
        "1": 0.9711412787437439,
        "2": 0.8410319089889526
    },
    "pair_chains_iptm": {
        "0": {
            "0": 0.9703168272972107,
            "1": 0.6520820260047913,
            "2": 0.6283659934997559
        },
        "1": {
            "0": 0.6583084464073181,
            "1": 0.9711412787437439,
            "2": 0.4872680902481079
        },
        "2": {
            "0": 0.8337348699569702,
            "1": 0.7777494788169861,
            "2": 0.8410319089889526
        }
    }
}