{
    "confidence_score": 0.879189670085907,
    "ptm": 0.9005722999572754,
    "iptm": 0.8612770438194275,
    "ligand_iptm": 0.7318392992019653,
    "protein_iptm": 0.9350721836090088,
    "complex_plddt": 0.8836678266525269,
    "complex_iplddt": 0.7820882201194763,
    "complex_pde": 0.8189936876296997,
    "complex_ipde": 1.8632800579071045,
    "chains_ptm": {
        "0": 0.9665666818618774,
        "1": 0.9653439521789551,
        "2": 0.7453110218048096
    },
    "pair_chains_iptm": {
        "0": {
            "0": 0.9665666818618774,
            "1": 0.9350721836090088,
            "2": 0.42392387986183167
        },
        "1": {
            "0": 0.9328712821006775,
            "1": 0.9653439521789551,
            "2": 0.4354270100593567
        },
        "2": {
            "0": 0.7318392992019653,
            "1": 0.7273850440979004,
            "2": 0.7453110218048096
        }
    }
}