{
    "confidence_score": 0.8118447661399841,
    "ptm": 0.7887861728668213,
    "iptm": 0.6436804533004761,
    "ligand_iptm": 0.753784716129303,
    "protein_iptm": 0.5828937888145447,
    "complex_plddt": 0.8538857698440552,
    "complex_iplddt": 0.6998423933982849,
    "complex_pde": 0.8334880471229553,
    "complex_ipde": 2.816725492477417,
    "chains_ptm": {
        "0": 0.9679365158081055,
        "1": 0.9673483371734619,
        "2": 0.7927718162536621
    },
    "pair_chains_iptm": {
        "0": {
            "0": 0.9679365158081055,
            "1": 0.5798401236534119,
            "2": 0.547024130821228
        },
        "1": {
            "0": 0.5828937888145447,
            "1": 0.9673483371734619,
            "2": 0.4049035310745239
        },
        "2": {
            "0": 0.753784716129303,
            "1": 0.6991672515869141,
            "2": 0.7927718162536621
        }
    }
}