{
    "confidence_score": 0.8754774332046509,
    "ptm": 0.9141661524772644,
    "iptm": 0.8799863457679749,
    "ligand_iptm": 0.7631211876869202,
    "protein_iptm": 0.9451722502708435,
    "complex_plddt": 0.8743501305580139,
    "complex_iplddt": 0.7478727698326111,
    "complex_pde": 0.7439734935760498,
    "complex_ipde": 1.6109274625778198,
    "chains_ptm": {
        "0": 0.9719141721725464,
        "1": 0.9722061157226562,
        "2": 0.7398741245269775
    },
    "pair_chains_iptm": {
        "0": {
            "0": 0.9719141721725464,
            "1": 0.9442700743675232,
            "2": 0.444415420293808
        },
        "1": {
            "0": 0.9451722502708435,
            "1": 0.9722061157226562,
            "2": 0.4539775550365448
        },
        "2": {
            "0": 0.7627124786376953,
            "1": 0.7631211876869202,
            "2": 0.7398741245269775
        }
    }
}