{
    "confidence_score": 0.8792983889579773,
    "ptm": 0.923240602016449,
    "iptm": 0.8950972557067871,
    "ligand_iptm": 0.8226901292800903,
    "protein_iptm": 0.9359740614891052,
    "complex_plddt": 0.8753486275672913,
    "complex_iplddt": 0.7582224011421204,
    "complex_pde": 0.6543758511543274,
    "complex_ipde": 1.378413200378418,
    "chains_ptm": {
        "0": 0.9710682034492493,
        "1": 0.9708265066146851,
        "2": 0.7935473322868347
    },
    "pair_chains_iptm": {
        "0": {
            "0": 0.9710682034492493,
            "1": 0.9359740614891052,
            "2": 0.5318971276283264
        },
        "1": {
            "0": 0.9343723654747009,
            "1": 0.9708265066146851,
            "2": 0.5256160497665405
        },
        "2": {
            "0": 0.8226901292800903,
            "1": 0.8187426328659058,
            "2": 0.7935473322868347
        }
    }
}