{
    "confidence_score": 0.866740345954895,
    "ptm": 0.8779236078262329,
    "iptm": 0.8286263346672058,
    "ligand_iptm": 0.7338998317718506,
    "protein_iptm": 0.8795292377471924,
    "complex_plddt": 0.8762688636779785,
    "complex_iplddt": 0.7810391783714294,
    "complex_pde": 0.8581189513206482,
    "complex_ipde": 1.9314073324203491,
    "chains_ptm": {
        "0": 0.9626759886741638,
        "1": 0.9628724455833435,
        "2": 0.757559061050415
    },
    "pair_chains_iptm": {
        "0": {
            "0": 0.9626759886741638,
            "1": 0.8795292377471924,
            "2": 0.411084920167923
        },
        "1": {
            "0": 0.8766668438911438,
            "1": 0.9628724455833435,
            "2": 0.4405069351196289
        },
        "2": {
            "0": 0.7338288426399231,
            "1": 0.7338998317718506,
            "2": 0.757559061050415
        }
    }
}