{
    "confidence_score": 0.8963040709495544,
    "ptm": 0.921036958694458,
    "iptm": 0.8897543549537659,
    "ligand_iptm": 0.8060245513916016,
    "protein_iptm": 0.9394983649253845,
    "complex_plddt": 0.8979414701461792,
    "complex_iplddt": 0.8229537010192871,
    "complex_pde": 0.6815387010574341,
    "complex_ipde": 1.4052608013153076,
    "chains_ptm": {
        "0": 0.9690669178962708,
        "1": 0.9684600830078125,
        "2": 0.7930482625961304
    },
    "pair_chains_iptm": {
        "0": {
            "0": 0.9690669178962708,
            "1": 0.9394983649253845,
            "2": 0.5002990961074829
        },
        "1": {
            "0": 0.9392328262329102,
            "1": 0.9684600830078125,
            "2": 0.5052619576454163
        },
        "2": {
            "0": 0.8060245513916016,
            "1": 0.8004142045974731,
            "2": 0.7930482625961304
        }
    }
}