{
    "confidence_score": 0.878470242023468,
    "ptm": 0.9399256706237793,
    "iptm": 0.9186127185821533,
    "ligand_iptm": 0.9511318802833557,
    "protein_iptm": 0.9043687582015991,
    "complex_plddt": 0.8684346675872803,
    "complex_iplddt": 0.7481503486633301,
    "complex_pde": 0.3668369948863983,
    "complex_ipde": 0.6642764806747437,
    "chains_ptm": {
        "0": 0.978620171546936,
        "1": 0.9785551428794861,
        "2": 0.9148112535476685
    },
    "pair_chains_iptm": {
        "0": {
            "0": 0.978620171546936,
            "1": 0.9043687582015991,
            "2": 0.7775160670280457
        },
        "1": {
            "0": 0.8879103064537048,
            "1": 0.9785551428794861,
            "2": 0.7307053804397583
        },
        "2": {
            "0": 0.9422141909599304,
            "1": 0.9511318802833557,
            "2": 0.9148112535476685
        }
    }
}