{
    "confidence_score": 0.8743821978569031,
    "ptm": 0.902813732624054,
    "iptm": 0.8622221946716309,
    "ligand_iptm": 0.7444390654563904,
    "protein_iptm": 0.9323344230651855,
    "complex_plddt": 0.8774222135543823,
    "complex_iplddt": 0.7536720633506775,
    "complex_pde": 0.80644690990448,
    "complex_ipde": 1.8567140102386475,
    "chains_ptm": {
        "0": 0.9688910245895386,
        "1": 0.9691497087478638,
        "2": 0.7403560876846313
    },
    "pair_chains_iptm": {
        "0": {
            "0": 0.9688910245895386,
            "1": 0.9323344230651855,
            "2": 0.41297632455825806
        },
        "1": {
            "0": 0.9312602877616882,
            "1": 0.9691497087478638,
            "2": 0.39548054337501526
        },
        "2": {
            "0": 0.7444390654563904,
            "1": 0.7361170649528503,
            "2": 0.7403560876846313
        }
    }
}