{
    "confidence_score": 0.8894874453544617,
    "ptm": 0.9084115624427795,
    "iptm": 0.8554009795188904,
    "ligand_iptm": 0.9356223344802856,
    "protein_iptm": 0.8223831057548523,
    "complex_plddt": 0.8980090618133545,
    "complex_iplddt": 0.8148512840270996,
    "complex_pde": 0.3958701491355896,
    "complex_ipde": 0.805473804473877,
    "chains_ptm": {
        "0": 0.9765810966491699,
        "1": 0.9801040291786194,
        "2": 0.9288008213043213
    },
    "pair_chains_iptm": {
        "0": {
            "0": 0.9765810966491699,
            "1": 0.8223831057548523,
            "2": 0.7692265510559082
        },
        "1": {
            "0": 0.8208150267601013,
            "1": 0.9801040291786194,
            "2": 0.6961075663566589
        },
        "2": {
            "0": 0.9257770776748657,
            "1": 0.9356223344802856,
            "2": 0.9288008213043213
        }
    }
}