{
    "confidence_score": 0.8773008584976196,
    "ptm": 0.880897045135498,
    "iptm": 0.8053659796714783,
    "ligand_iptm": 0.8808894157409668,
    "protein_iptm": 0.7655905485153198,
    "complex_plddt": 0.8952845931053162,
    "complex_iplddt": 0.809908926486969,
    "complex_pde": 0.5064446926116943,
    "complex_ipde": 1.324114203453064,
    "chains_ptm": {
        "0": 0.9740621447563171,
        "1": 0.9784117341041565,
        "2": 0.8881418108940125
    },
    "pair_chains_iptm": {
        "0": {
            "0": 0.9740621447563171,
            "1": 0.7621390223503113,
            "2": 0.6952837705612183
        },
        "1": {
            "0": 0.7655905485153198,
            "1": 0.9784117341041565,
            "2": 0.6199797987937927
        },
        "2": {
            "0": 0.8808894157409668,
            "1": 0.8737215399742126,
            "2": 0.8881418108940125
        }
    }
}