{
    "confidence_score": 0.8414435386657715,
    "ptm": 0.8366013169288635,
    "iptm": 0.729636013507843,
    "ligand_iptm": 0.8183479905128479,
    "protein_iptm": 0.6905676126480103,
    "complex_plddt": 0.86939537525177,
    "complex_iplddt": 0.7364692687988281,
    "complex_pde": 0.6381215453147888,
    "complex_ipde": 1.9146479368209839,
    "chains_ptm": {
        "0": 0.9710433483123779,
        "1": 0.9740967154502869,
        "2": 0.8382203578948975
    },
    "pair_chains_iptm": {
        "0": {
            "0": 0.9710433483123779,
            "1": 0.6905676126480103,
            "2": 0.6058371663093567
        },
        "1": {
            "0": 0.6844761371612549,
            "1": 0.9740967154502869,
            "2": 0.5262845754623413
        },
        "2": {
            "0": 0.8183479905128479,
            "1": 0.8174062371253967,
            "2": 0.8382203578948975
        }
    }
}