{
    "confidence_score": 0.7969961762428284,
    "ptm": 0.8750976920127869,
    "iptm": 0.8024548888206482,
    "ligand_iptm": 0.8703494668006897,
    "protein_iptm": 0.7753467559814453,
    "complex_plddt": 0.795631468296051,
    "complex_iplddt": 0.5878393650054932,
    "complex_pde": 0.537344753742218,
    "complex_ipde": 1.3758838176727295,
    "chains_ptm": {
        "0": 0.9699486494064331,
        "1": 0.9765727519989014,
        "2": 0.8354396820068359
    },
    "pair_chains_iptm": {
        "0": {
            "0": 0.9699486494064331,
            "1": 0.7753467559814453,
            "2": 0.5618785619735718
        },
        "1": {
            "0": 0.7703263163566589,
            "1": 0.9765727519989014,
            "2": 0.5305244326591492
        },
        "2": {
            "0": 0.8703494668006897,
            "1": 0.8611944913864136,
            "2": 0.8354396820068359
        }
    }
}