{
    "confidence_score": 0.8253836631774902,
    "ptm": 0.9170689582824707,
    "iptm": 0.8721501231193542,
    "ligand_iptm": 0.9313498735427856,
    "protein_iptm": 0.8533486723899841,
    "complex_plddt": 0.813692033290863,
    "complex_iplddt": 0.6166606545448303,
    "complex_pde": 0.42389705777168274,
    "complex_ipde": 0.9209378957748413,
    "chains_ptm": {
        "0": 0.9763906002044678,
        "1": 0.9742556214332581,
        "2": 0.9098058938980103
    },
    "pair_chains_iptm": {
        "0": {
            "0": 0.9763906002044678,
            "1": 0.8533486723899841,
            "2": 0.7116394639015198
        },
        "1": {
            "0": 0.8367747068405151,
            "1": 0.9742556214332581,
            "2": 0.6507818102836609
        },
        "2": {
            "0": 0.9313498735427856,
            "1": 0.9177799820899963,
            "2": 0.9098058938980103
        }
    }
}