{
    "confidence_score": 0.8511845469474792,
    "ptm": 0.9066025614738464,
    "iptm": 0.868562638759613,
    "ligand_iptm": 0.7609713077545166,
    "protein_iptm": 0.9329118132591248,
    "complex_plddt": 0.8468400835990906,
    "complex_iplddt": 0.695191502571106,
    "complex_pde": 0.7625261545181274,
    "complex_ipde": 1.6856130361557007,
    "chains_ptm": {
        "0": 0.9662998914718628,
        "1": 0.9677077531814575,
        "2": 0.763038694858551
    },
    "pair_chains_iptm": {
        "0": {
            "0": 0.9662998914718628,
            "1": 0.9320002198219299,
            "2": 0.43000727891921997
        },
        "1": {
            "0": 0.9329118132591248,
            "1": 0.9677077531814575,
            "2": 0.4566628336906433
        },
        "2": {
            "0": 0.7586527466773987,
            "1": 0.7609713077545166,
            "2": 0.763038694858551
        }
    }
}