{
    "confidence_score": 0.8183513879776001,
    "ptm": 0.8328931927680969,
    "iptm": 0.7353962063789368,
    "ligand_iptm": 0.8388327956199646,
    "protein_iptm": 0.6920890808105469,
    "complex_plddt": 0.8390901684761047,
    "complex_iplddt": 0.6793617010116577,
    "complex_pde": 0.6484891176223755,
    "complex_ipde": 1.8547167778015137,
    "chains_ptm": {
        "0": 0.9686078429222107,
        "1": 0.9770939350128174,
        "2": 0.8518886566162109
    },
    "pair_chains_iptm": {
        "0": {
            "0": 0.9686078429222107,
            "1": 0.6920890808105469,
            "2": 0.555405855178833
        },
        "1": {
            "0": 0.6873449087142944,
            "1": 0.9770939350128174,
            "2": 0.5606351494789124
        },
        "2": {
            "0": 0.808817446231842,
            "1": 0.8388327956199646,
            "2": 0.8518886566162109
        }
    }
}