{
    "confidence_score": 0.8922880291938782,
    "ptm": 0.926767885684967,
    "iptm": 0.899998128414154,
    "ligand_iptm": 0.8284671902656555,
    "protein_iptm": 0.9436438083648682,
    "complex_plddt": 0.8903605341911316,
    "complex_iplddt": 0.7899863123893738,
    "complex_pde": 0.6454789638519287,
    "complex_ipde": 1.3264793157577515,
    "chains_ptm": {
        "0": 0.9693279266357422,
        "1": 0.9706513285636902,
        "2": 0.8203577995300293
    },
    "pair_chains_iptm": {
        "0": {
            "0": 0.9693279266357422,
            "1": 0.9428531527519226,
            "2": 0.5260860323905945
        },
        "1": {
            "0": 0.9436438083648682,
            "1": 0.9706513285636902,
            "2": 0.5494526624679565
        },
        "2": {
            "0": 0.8283331394195557,
            "1": 0.8284671902656555,
            "2": 0.8203577995300293
        }
    }
}