{
    "confidence_score": 0.8859526515007019,
    "ptm": 0.9276168942451477,
    "iptm": 0.899443507194519,
    "ligand_iptm": 0.8062183260917664,
    "protein_iptm": 0.9528055787086487,
    "complex_plddt": 0.8825799226760864,
    "complex_iplddt": 0.7709095478057861,
    "complex_pde": 0.6754174828529358,
    "complex_ipde": 1.3863505125045776,
    "chains_ptm": {
        "0": 0.9755417704582214,
        "1": 0.9757154583930969,
        "2": 0.7865782976150513
    },
    "pair_chains_iptm": {
        "0": {
            "0": 0.9755417704582214,
            "1": 0.9515416622161865,
            "2": 0.47028404474258423
        },
        "1": {
            "0": 0.9528055787086487,
            "1": 0.9757154583930969,
            "2": 0.49447962641716003
        },
        "2": {
            "0": 0.8062183260917664,
            "1": 0.8053652048110962,
            "2": 0.7865782976150513
        }
    }
}