{
    "confidence_score": 0.8020486831665039,
    "ptm": 0.8706912398338318,
    "iptm": 0.7884460091590881,
    "ligand_iptm": 0.8861491084098816,
    "protein_iptm": 0.7368049025535583,
    "complex_plddt": 0.8054493069648743,
    "complex_iplddt": 0.6004328727722168,
    "complex_pde": 0.6082878708839417,
    "complex_ipde": 1.8209762573242188,
    "chains_ptm": {
        "0": 0.9721888303756714,
        "1": 0.9727063179016113,
        "2": 0.8501433730125427
    },
    "pair_chains_iptm": {
        "0": {
            "0": 0.9721888303756714,
            "1": 0.7280568480491638,
            "2": 0.6361998915672302
        },
        "1": {
            "0": 0.7368049025535583,
            "1": 0.9727063179016113,
            "2": 0.4865906536579132
        },
        "2": {
            "0": 0.8861491084098816,
            "1": 0.7782780528068542,
            "2": 0.8501433730125427
        }
    }
}