{
    "confidence_score": 0.8707407116889954,
    "ptm": 0.9128593802452087,
    "iptm": 0.8786091208457947,
    "ligand_iptm": 0.778714120388031,
    "protein_iptm": 0.9351451396942139,
    "complex_plddt": 0.8687736392021179,
    "complex_iplddt": 0.7433626055717468,
    "complex_pde": 0.6998392939567566,
    "complex_ipde": 1.532095193862915,
    "chains_ptm": {
        "0": 0.9658003449440002,
        "1": 0.9684503078460693,
        "2": 0.7822884917259216
    },
    "pair_chains_iptm": {
        "0": {
            "0": 0.9658003449440002,
            "1": 0.9347513318061829,
            "2": 0.49252045154571533
        },
        "1": {
            "0": 0.9351451396942139,
            "1": 0.9684503078460693,
            "2": 0.5032334923744202
        },
        "2": {
            "0": 0.778714120388031,
            "1": 0.7762901782989502,
            "2": 0.7822884917259216
        }
    }
}