{
    "confidence_score": 0.8818691372871399,
    "ptm": 0.88237065076828,
    "iptm": 0.8352934122085571,
    "ligand_iptm": 0.7631098628044128,
    "protein_iptm": 0.8770675659179688,
    "complex_plddt": 0.893513023853302,
    "complex_iplddt": 0.8157587051391602,
    "complex_pde": 0.7699269652366638,
    "complex_ipde": 1.7366406917572021,
    "chains_ptm": {
        "0": 0.96410071849823,
        "1": 0.9630618095397949,
        "2": 0.7736167907714844
    },
    "pair_chains_iptm": {
        "0": {
            "0": 0.96410071849823,
            "1": 0.8766904473304749,
            "2": 0.47961822152137756
        },
        "1": {
            "0": 0.8770675659179688,
            "1": 0.9630618095397949,
            "2": 0.4904426336288452
        },
        "2": {
            "0": 0.7631098628044128,
            "1": 0.7512277960777283,
            "2": 0.7736167907714844
        }
    }
}