{
    "confidence_score": 0.8528648614883423,
    "ptm": 0.9261033535003662,
    "iptm": 0.8873937129974365,
    "ligand_iptm": 0.9432278275489807,
    "protein_iptm": 0.8630404472351074,
    "complex_plddt": 0.8442326188087463,
    "complex_iplddt": 0.6961460113525391,
    "complex_pde": 0.3768877685070038,
    "complex_ipde": 0.7139924764633179,
    "chains_ptm": {
        "0": 0.9787346720695496,
        "1": 0.9778651595115662,
        "2": 0.9146779775619507
    },
    "pair_chains_iptm": {
        "0": {
            "0": 0.9787346720695496,
            "1": 0.8630404472351074,
            "2": 0.7986111640930176
        },
        "1": {
            "0": 0.85787034034729,
            "1": 0.9778651595115662,
            "2": 0.7271451950073242
        },
        "2": {
            "0": 0.9432278275489807,
            "1": 0.9429928064346313,
            "2": 0.9146779775619507
        }
    }
}