{
    "confidence_score": 0.7978783249855042,
    "ptm": 0.757707953453064,
    "iptm": 0.616940438747406,
    "ligand_iptm": 0.7271417379379272,
    "protein_iptm": 0.569909930229187,
    "complex_plddt": 0.8431127667427063,
    "complex_iplddt": 0.7004151344299316,
    "complex_pde": 0.9437893629074097,
    "complex_ipde": 3.2868361473083496,
    "chains_ptm": {
        "0": 0.9512025713920593,
        "1": 0.9697200655937195,
        "2": 0.8004763126373291
    },
    "pair_chains_iptm": {
        "0": {
            "0": 0.9512025713920593,
            "1": 0.569909930229187,
            "2": 0.47724658250808716
        },
        "1": {
            "0": 0.5503246188163757,
            "1": 0.9697200655937195,
            "2": 0.45191690325737
        },
        "2": {
            "0": 0.7229307293891907,
            "1": 0.7271417379379272,
            "2": 0.8004763126373291
        }
    }
}