{
    "confidence_score": 0.8345021605491638,
    "ptm": 0.883137583732605,
    "iptm": 0.8193108439445496,
    "ligand_iptm": 0.8805816769599915,
    "protein_iptm": 0.794772744178772,
    "complex_plddt": 0.8382999897003174,
    "complex_iplddt": 0.682954728603363,
    "complex_pde": 0.5280418395996094,
    "complex_ipde": 1.3852201700210571,
    "chains_ptm": {
        "0": 0.9727897047996521,
        "1": 0.9716322422027588,
        "2": 0.851761519908905
    },
    "pair_chains_iptm": {
        "0": {
            "0": 0.9727897047996521,
            "1": 0.794772744178772,
            "2": 0.6435380578041077
        },
        "1": {
            "0": 0.779151201248169,
            "1": 0.9716322422027588,
            "2": 0.5706304907798767
        },
        "2": {
            "0": 0.8738496899604797,
            "1": 0.8805816769599915,
            "2": 0.851761519908905
        }
    }
}