{
    "confidence_score": 0.8694863319396973,
    "ptm": 0.9151270985603333,
    "iptm": 0.8824487924575806,
    "ligand_iptm": 0.7921701073646545,
    "protein_iptm": 0.9346082210540771,
    "complex_plddt": 0.8662457466125488,
    "complex_iplddt": 0.7471258044242859,
    "complex_pde": 0.7250450253486633,
    "complex_ipde": 1.5943516492843628,
    "chains_ptm": {
        "0": 0.9695744514465332,
        "1": 0.9659085273742676,
        "2": 0.8061102032661438
    },
    "pair_chains_iptm": {
        "0": {
            "0": 0.9695744514465332,
            "1": 0.9346082210540771,
            "2": 0.4924057424068451
        },
        "1": {
            "0": 0.9344185590744019,
            "1": 0.9659085273742676,
            "2": 0.5116412043571472
        },
        "2": {
            "0": 0.7894201278686523,
            "1": 0.7921701073646545,
            "2": 0.8061102032661438
        }
    }
}