{
    "confidence_score": 0.8766003847122192,
    "ptm": 0.9200432896614075,
    "iptm": 0.8898959159851074,
    "ligand_iptm": 0.8028337955474854,
    "protein_iptm": 0.9416408538818359,
    "complex_plddt": 0.8732764720916748,
    "complex_iplddt": 0.7502925992012024,
    "complex_pde": 0.6972922682762146,
    "complex_ipde": 1.4746265411376953,
    "chains_ptm": {
        "0": 0.967993438243866,
        "1": 0.9680406451225281,
        "2": 0.7700203061103821
    },
    "pair_chains_iptm": {
        "0": {
            "0": 0.967993438243866,
            "1": 0.9416408538818359,
            "2": 0.4457564055919647
        },
        "1": {
            "0": 0.9412304759025574,
            "1": 0.9680406451225281,
            "2": 0.4902884364128113
        },
        "2": {
            "0": 0.8028337955474854,
            "1": 0.8005314469337463,
            "2": 0.7700203061103821
        }
    }
}