{
    "confidence_score": 0.845814049243927,
    "ptm": 0.9253528118133545,
    "iptm": 0.8864767551422119,
    "ligand_iptm": 0.9435588121414185,
    "protein_iptm": 0.8609516620635986,
    "complex_plddt": 0.8356483578681946,
    "complex_iplddt": 0.711450457572937,
    "complex_pde": 0.4420492947101593,
    "complex_ipde": 1.0111485719680786,
    "chains_ptm": {
        "0": 0.9732248187065125,
        "1": 0.9780709743499756,
        "2": 0.9036156535148621
    },
    "pair_chains_iptm": {
        "0": {
            "0": 0.9732248187065125,
            "1": 0.8609516620635986,
            "2": 0.7961315512657166
        },
        "1": {
            "0": 0.8603925108909607,
            "1": 0.9780709743499756,
            "2": 0.6837155818939209
        },
        "2": {
            "0": 0.9435588121414185,
            "1": 0.8814563751220703,
            "2": 0.9036156535148621
        }
    }
}