{
    "confidence_score": 0.8966252207756042,
    "ptm": 0.9286734461784363,
    "iptm": 0.9018391966819763,
    "ligand_iptm": 0.8335621356964111,
    "protein_iptm": 0.9423233866691589,
    "complex_plddt": 0.895321786403656,
    "complex_iplddt": 0.8113806247711182,
    "complex_pde": 0.6312019228935242,
    "complex_ipde": 1.2758992910385132,
    "chains_ptm": {
        "0": 0.9722700119018555,
        "1": 0.9714569449424744,
        "2": 0.8268398642539978
    },
    "pair_chains_iptm": {
        "0": {
            "0": 0.9722700119018555,
            "1": 0.9423233866691589,
            "2": 0.5593095421791077
        },
        "1": {
            "0": 0.9422118067741394,
            "1": 0.9714569449424744,
            "2": 0.559676468372345
        },
        "2": {
            "0": 0.8335621356964111,
            "1": 0.8277801871299744,
            "2": 0.8268398642539978
        }
    }
}