{
    "confidence_score": 0.8780781626701355,
    "ptm": 0.9156143665313721,
    "iptm": 0.8844319581985474,
    "ligand_iptm": 0.8126957416534424,
    "protein_iptm": 0.9272483587265015,
    "complex_plddt": 0.8764897584915161,
    "complex_iplddt": 0.7799605131149292,
    "complex_pde": 0.6949106454849243,
    "complex_ipde": 1.4923202991485596,
    "chains_ptm": {
        "0": 0.9673351645469666,
        "1": 0.9671143293380737,
        "2": 0.818504810333252
    },
    "pair_chains_iptm": {
        "0": {
            "0": 0.9673351645469666,
            "1": 0.9272483587265015,
            "2": 0.5378990769386292
        },
        "1": {
            "0": 0.9271942973136902,
            "1": 0.9671143293380737,
            "2": 0.5171611309051514
        },
        "2": {
            "0": 0.8126957416534424,
            "1": 0.8043319582939148,
            "2": 0.818504810333252
        }
    }
}