{
    "confidence_score": 0.8753135800361633,
    "ptm": 0.9244511723518372,
    "iptm": 0.8989132642745972,
    "ligand_iptm": 0.8336347341537476,
    "protein_iptm": 0.9382160305976868,
    "complex_plddt": 0.8694136738777161,
    "complex_iplddt": 0.767248272895813,
    "complex_pde": 0.636311948299408,
    "complex_ipde": 1.2958210706710815,
    "chains_ptm": {
        "0": 0.9706718921661377,
        "1": 0.9704079627990723,
        "2": 0.7970232963562012
    },
    "pair_chains_iptm": {
        "0": {
            "0": 0.9706718921661377,
            "1": 0.9382160305976868,
            "2": 0.5001583695411682
        },
        "1": {
            "0": 0.9355273842811584,
            "1": 0.9704079627990723,
            "2": 0.49147361516952515
        },
        "2": {
            "0": 0.8336347341537476,
            "1": 0.8270398378372192,
            "2": 0.7970232963562012
        }
    }
}