{
    "confidence_score": 0.8759680986404419,
    "ptm": 0.8656864762306213,
    "iptm": 0.7793851494789124,
    "ligand_iptm": 0.8727193474769592,
    "protein_iptm": 0.7283662557601929,
    "complex_plddt": 0.9001138210296631,
    "complex_iplddt": 0.8140259981155396,
    "complex_pde": 0.47325292229652405,
    "complex_ipde": 1.1781160831451416,
    "chains_ptm": {
        "0": 0.9742366671562195,
        "1": 0.9769443869590759,
        "2": 0.878284215927124
    },
    "pair_chains_iptm": {
        "0": {
            "0": 0.9742366671562195,
            "1": 0.7273467183113098,
            "2": 0.715484619140625
        },
        "1": {
            "0": 0.7283662557601929,
            "1": 0.9769443869590759,
            "2": 0.6110752820968628
        },
        "2": {
            "0": 0.8727193474769592,
            "1": 0.8664158582687378,
            "2": 0.878284215927124
        }
    }
}