{
    "confidence_score": 0.849189281463623,
    "ptm": 0.8644469380378723,
    "iptm": 0.7875390648841858,
    "ligand_iptm": 0.8809763789176941,
    "protein_iptm": 0.741540253162384,
    "complex_plddt": 0.8646018505096436,
    "complex_iplddt": 0.7403183579444885,
    "complex_pde": 0.6159343123435974,
    "complex_ipde": 1.745282530784607,
    "chains_ptm": {
        "0": 0.9640939831733704,
        "1": 0.9698638319969177,
        "2": 0.8743349313735962
    },
    "pair_chains_iptm": {
        "0": {
            "0": 0.9640939831733704,
            "1": 0.741540253162384,
            "2": 0.7179664969444275
        },
        "1": {
            "0": 0.7402846813201904,
            "1": 0.9698638319969177,
            "2": 0.5922147035598755
        },
        "2": {
            "0": 0.8809763789176941,
            "1": 0.8232819437980652,
            "2": 0.8743349313735962
        }
    }
}