{
    "confidence_score": 0.892795741558075,
    "ptm": 0.9543418884277344,
    "iptm": 0.9397675395011902,
    "ligand_iptm": 0.9707373976707458,
    "protein_iptm": 0.9262609481811523,
    "complex_plddt": 0.8810527920722961,
    "complex_iplddt": 0.7860080003738403,
    "complex_pde": 0.3255228102207184,
    "complex_ipde": 0.48487618565559387,
    "chains_ptm": {
        "0": 0.9817694425582886,
        "1": 0.9807576537132263,
        "2": 0.9516454339027405
    },
    "pair_chains_iptm": {
        "0": {
            "0": 0.9817694425582886,
            "1": 0.9262609481811523,
            "2": 0.7971734404563904
        },
        "1": {
            "0": 0.9101528525352478,
            "1": 0.9807576537132263,
            "2": 0.7723045349121094
        },
        "2": {
            "0": 0.9633737802505493,
            "1": 0.9707373976707458,
            "2": 0.9516454339027405
        }
    }
}