{
    "confidence_score": 0.8478609323501587,
    "ptm": 0.922100305557251,
    "iptm": 0.8781094551086426,
    "ligand_iptm": 0.9345154166221619,
    "protein_iptm": 0.8507757186889648,
    "complex_plddt": 0.8402987122535706,
    "complex_iplddt": 0.6825271844863892,
    "complex_pde": 0.40143483877182007,
    "complex_ipde": 0.8584949374198914,
    "chains_ptm": {
        "0": 0.9774102568626404,
        "1": 0.97794109582901,
        "2": 0.909438967704773
    },
    "pair_chains_iptm": {
        "0": {
            "0": 0.9774102568626404,
            "1": 0.8507757186889648,
            "2": 0.7777790427207947
        },
        "1": {
            "0": 0.8470314741134644,
            "1": 0.97794109582901,
            "2": 0.6947771310806274
        },
        "2": {
            "0": 0.9345154166221619,
            "1": 0.92158442735672,
            "2": 0.909438967704773
        }
    }
}