{
    "confidence_score": 0.8498855829238892,
    "ptm": 0.943265438079834,
    "iptm": 0.9228852391242981,
    "ligand_iptm": 0.9526973962783813,
    "protein_iptm": 0.9118596911430359,
    "complex_plddt": 0.8316356539726257,
    "complex_iplddt": 0.6739327311515808,
    "complex_pde": 0.36536797881126404,
    "complex_ipde": 0.6566262245178223,
    "chains_ptm": {
        "0": 0.9786396026611328,
        "1": 0.9779945015907288,
        "2": 0.8931499719619751
    },
    "pair_chains_iptm": {
        "0": {
            "0": 0.9786396026611328,
            "1": 0.9118596911430359,
            "2": 0.7447896599769592
        },
        "1": {
            "0": 0.8937263488769531,
            "1": 0.9779945015907288,
            "2": 0.6723744869232178
        },
        "2": {
            "0": 0.9526973962783813,
            "1": 0.9481683373451233,
            "2": 0.8931499719619751
        }
    }
}