{
    "confidence_score": 0.8852434158325195,
    "ptm": 0.9089685678482056,
    "iptm": 0.8737354278564453,
    "ligand_iptm": 0.7811486124992371,
    "protein_iptm": 0.9280621409416199,
    "complex_plddt": 0.8881204128265381,
    "complex_iplddt": 0.7938047051429749,
    "complex_pde": 0.7650982141494751,
    "complex_ipde": 1.6646606922149658,
    "chains_ptm": {
        "0": 0.9682803153991699,
        "1": 0.9676414132118225,
        "2": 0.7788519859313965
    },
    "pair_chains_iptm": {
        "0": {
            "0": 0.9682803153991699,
            "1": 0.9280621409416199,
            "2": 0.46704140305519104
        },
        "1": {
            "0": 0.9273179769515991,
            "1": 0.9676414132118225,
            "2": 0.45990726351737976
        },
        "2": {
            "0": 0.7811486124992371,
            "1": 0.7719307541847229,
            "2": 0.7788519859313965
        }
    }
}