{
    "confidence_score": 0.8583959937095642,
    "ptm": 0.889666736125946,
    "iptm": 0.8192704916000366,
    "ligand_iptm": 0.9032938480377197,
    "protein_iptm": 0.7740960121154785,
    "complex_plddt": 0.8681773543357849,
    "complex_iplddt": 0.7448368072509766,
    "complex_pde": 0.4407052993774414,
    "complex_ipde": 1.07041597366333,
    "chains_ptm": {
        "0": 0.9776569604873657,
        "1": 0.9792981147766113,
        "2": 0.8963701128959656
    },
    "pair_chains_iptm": {
        "0": {
            "0": 0.9776569604873657,
            "1": 0.7699589729309082,
            "2": 0.7414236068725586
        },
        "1": {
            "0": 0.7740960121154785,
            "1": 0.9792981147766113,
            "2": 0.6642182469367981
        },
        "2": {
            "0": 0.9032938480377197,
            "1": 0.8892269730567932,
            "2": 0.8963701128959656
        }
    }
}