{
    "confidence_score": 0.8900503516197205,
    "ptm": 0.9295161366462708,
    "iptm": 0.9038044810295105,
    "ligand_iptm": 0.9487476348876953,
    "protein_iptm": 0.8841185569763184,
    "complex_plddt": 0.8866117596626282,
    "complex_iplddt": 0.7854634523391724,
    "complex_pde": 0.3806215524673462,
    "complex_ipde": 0.7062037587165833,
    "chains_ptm": {
        "0": 0.9778401255607605,
        "1": 0.9761183261871338,
        "2": 0.9160124063491821
    },
    "pair_chains_iptm": {
        "0": {
            "0": 0.9778401255607605,
            "1": 0.8841185569763184,
            "2": 0.773044228553772
        },
        "1": {
            "0": 0.8634774088859558,
            "1": 0.9761183261871338,
            "2": 0.70681232213974
        },
        "2": {
            "0": 0.9423274993896484,
            "1": 0.9487476348876953,
            "2": 0.9160124063491821
        }
    }
}