{
    "confidence_score": 0.8832592368125916,
    "ptm": 0.927437961101532,
    "iptm": 0.898124098777771,
    "ligand_iptm": 0.8050376176834106,
    "protein_iptm": 0.9524877667427063,
    "complex_plddt": 0.8795430064201355,
    "complex_iplddt": 0.7808892130851746,
    "complex_pde": 0.667348325252533,
    "complex_ipde": 1.4083633422851562,
    "chains_ptm": {
        "0": 0.9761370420455933,
        "1": 0.974418580532074,
        "2": 0.7984468340873718
    },
    "pair_chains_iptm": {
        "0": {
            "0": 0.9761370420455933,
            "1": 0.9524877667427063,
            "2": 0.5195221304893494
        },
        "1": {
            "0": 0.9493815898895264,
            "1": 0.974418580532074,
            "2": 0.5189223885536194
        },
        "2": {
            "0": 0.8050376176834106,
            "1": 0.7997578978538513,
            "2": 0.7984468340873718
        }
    }
}