{
    "confidence_score": 0.8866121172904968,
    "ptm": 0.9225680828094482,
    "iptm": 0.8976935148239136,
    "ligand_iptm": 0.8326326608657837,
    "protein_iptm": 0.9370288252830505,
    "complex_plddt": 0.8838418126106262,
    "complex_iplddt": 0.78462815284729,
    "complex_pde": 0.6014289259910583,
    "complex_ipde": 1.1965603828430176,
    "chains_ptm": {
        "0": 0.9671132564544678,
        "1": 0.9680914282798767,
        "2": 0.8161622881889343
    },
    "pair_chains_iptm": {
        "0": {
            "0": 0.9671132564544678,
            "1": 0.9359549283981323,
            "2": 0.5113689303398132
        },
        "1": {
            "0": 0.9370288252830505,
            "1": 0.9680914282798767,
            "2": 0.5605377554893494
        },
        "2": {
            "0": 0.8326326608657837,
            "1": 0.8293681144714355,
            "2": 0.8161622881889343
        }
    }
}