{
    "confidence_score": 0.8375949263572693,
    "ptm": 0.8413786888122559,
    "iptm": 0.7470991015434265,
    "ligand_iptm": 0.8346168398857117,
    "protein_iptm": 0.721107542514801,
    "complex_plddt": 0.8602188229560852,
    "complex_iplddt": 0.7437779903411865,
    "complex_pde": 0.6595268845558167,
    "complex_ipde": 2.0391037464141846,
    "chains_ptm": {
        "0": 0.9636116623878479,
        "1": 0.9734684824943542,
        "2": 0.8468489050865173
    },
    "pair_chains_iptm": {
        "0": {
            "0": 0.9636116623878479,
            "1": 0.721107542514801,
            "2": 0.6154527068138123
        },
        "1": {
            "0": 0.699572741985321,
            "1": 0.9734684824943542,
            "2": 0.5248121619224548
        },
        "2": {
            "0": 0.8346168398857117,
            "1": 0.8084084391593933,
            "2": 0.8468489050865173
        }
    }
}