{
    "confidence_score": 0.7628642320632935,
    "ptm": 0.667508602142334,
    "iptm": 0.47938549518585205,
    "ligand_iptm": 0.9190436005592346,
    "protein_iptm": 0.18458692729473114,
    "complex_plddt": 0.833733856678009,
    "complex_iplddt": 0.7107046246528625,
    "complex_pde": 1.1586430072784424,
    "complex_ipde": 4.681189060211182,
    "chains_ptm": {
        "0": 0.9652637243270874,
        "1": 0.9469306468963623,
        "2": 0.8884713053703308
    },
    "pair_chains_iptm": {
        "0": {
            "0": 0.9652637243270874,
            "1": 0.18458692729473114,
            "2": 0.7553145289421082
        },
        "1": {
            "0": 0.16344253718852997,
            "1": 0.9469306468963623,
            "2": 0.13159987330436707
        },
        "2": {
            "0": 0.9190436005592346,
            "1": 0.17503096163272858,
            "2": 0.8884713053703308
        }
    }
}