{
    "confidence_score": 0.8105989694595337,
    "ptm": 0.95762699842453,
    "iptm": 0.9411810636520386,
    "ligand_iptm": 0.9735422730445862,
    "protein_iptm": 0.9270063042640686,
    "complex_plddt": 0.7779533863067627,
    "complex_iplddt": 0.5151523351669312,
    "complex_pde": 0.33034753799438477,
    "complex_ipde": 0.5579641461372375,
    "chains_ptm": {
        "0": 0.9826400876045227,
        "1": 0.9874349236488342,
        "2": 0.9391930103302002
    },
    "pair_chains_iptm": {
        "0": {
            "0": 0.9826400876045227,
            "1": 0.9270063042640686,
            "2": 0.7428135871887207
        },
        "1": {
            "0": 0.9104430675506592,
            "1": 0.9874349236488342,
            "2": 0.7919161319732666
        },
        "2": {
            "0": 0.9551921486854553,
            "1": 0.9735422730445862,
            "2": 0.9391930103302002
        }
    }
}