{
    "confidence_score": 0.8918862342834473,
    "ptm": 0.9218318462371826,
    "iptm": 0.8962315320968628,
    "ligand_iptm": 0.8150144815444946,
    "protein_iptm": 0.9403589367866516,
    "complex_plddt": 0.890799880027771,
    "complex_iplddt": 0.7913976907730103,
    "complex_pde": 0.6612530946731567,
    "complex_ipde": 1.3369425535202026,
    "chains_ptm": {
        "0": 0.9680848717689514,
        "1": 0.9649353623390198,
        "2": 0.8035847544670105
    },
    "pair_chains_iptm": {
        "0": {
            "0": 0.9680848717689514,
            "1": 0.9403589367866516,
            "2": 0.49268338084220886
        },
        "1": {
            "0": 0.9399604201316833,
            "1": 0.9649353623390198,
            "2": 0.5013411641120911
        },
        "2": {
            "0": 0.8150144815444946,
            "1": 0.8114180564880371,
            "2": 0.8035847544670105
        }
    }
}