{
    "confidence_score": 0.8734100461006165,
    "ptm": 0.8897483944892883,
    "iptm": 0.8461382985115051,
    "ligand_iptm": 0.7858389019966125,
    "protein_iptm": 0.8846814036369324,
    "complex_plddt": 0.8802279829978943,
    "complex_iplddt": 0.7943100929260254,
    "complex_pde": 0.7784631252288818,
    "complex_ipde": 1.7241220474243164,
    "chains_ptm": {
        "0": 0.9657233953475952,
        "1": 0.9653883576393127,
        "2": 0.7874508500099182
    },
    "pair_chains_iptm": {
        "0": {
            "0": 0.9657233953475952,
            "1": 0.8846814036369324,
            "2": 0.4875846207141876
        },
        "1": {
            "0": 0.8822632431983948,
            "1": 0.9653883576393127,
            "2": 0.48508313298225403
        },
        "2": {
            "0": 0.7858389019966125,
            "1": 0.769883394241333,
            "2": 0.7874508500099182
        }
    }
}