{
    "confidence_score": 0.7305914759635925,
    "ptm": 0.6438294053077698,
    "iptm": 0.413752943277359,
    "ligand_iptm": 0.6298015713691711,
    "protein_iptm": 0.3288741707801819,
    "complex_plddt": 0.8098011016845703,
    "complex_iplddt": 0.5785067081451416,
    "complex_pde": 1.2111197710037231,
    "complex_ipde": 4.628297328948975,
    "chains_ptm": {
        "0": 0.9630950689315796,
        "1": 0.9621204733848572,
        "2": 0.6786096096038818
    },
    "pair_chains_iptm": {
        "0": {
            "0": 0.9630950689315796,
            "1": 0.3288741707801819,
            "2": 0.24141623079776764
        },
        "1": {
            "0": 0.3261241316795349,
            "1": 0.9621204733848572,
            "2": 0.3078365623950958
        },
        "2": {
            "0": 0.5078514218330383,
            "1": 0.6298015713691711,
            "2": 0.6786096096038818
        }
    }
}