{
    "confidence_score": 0.8452281355857849,
    "ptm": 0.8859807848930359,
    "iptm": 0.8218405842781067,
    "ligand_iptm": 0.8932891488075256,
    "protein_iptm": 0.7905449271202087,
    "complex_plddt": 0.8510749340057373,
    "complex_iplddt": 0.6989538669586182,
    "complex_pde": 0.4858188331127167,
    "complex_ipde": 1.2327885627746582,
    "chains_ptm": {
        "0": 0.9713039398193359,
        "1": 0.9779537320137024,
        "2": 0.8631430268287659
    },
    "pair_chains_iptm": {
        "0": {
            "0": 0.9713039398193359,
            "1": 0.7905449271202087,
            "2": 0.6607771515846252
        },
        "1": {
            "0": 0.788905143737793,
            "1": 0.9779537320137024,
            "2": 0.6313848495483398
        },
        "2": {
            "0": 0.8778107166290283,
            "1": 0.8932891488075256,
            "2": 0.8631430268287659
        }
    }
}