{
    "confidence_score": 0.8299162983894348,
    "ptm": 0.8499682545661926,
    "iptm": 0.7515237331390381,
    "ligand_iptm": 0.8478192090988159,
    "protein_iptm": 0.7012395262718201,
    "complex_plddt": 0.8495144248008728,
    "complex_iplddt": 0.6870717406272888,
    "complex_pde": 0.5516625046730042,
    "complex_ipde": 1.530751347541809,
    "chains_ptm": {
        "0": 0.9733977913856506,
        "1": 0.9770382046699524,
        "2": 0.8653479814529419
    },
    "pair_chains_iptm": {
        "0": {
            "0": 0.9733977913856506,
            "1": 0.6895752549171448,
            "2": 0.6502354741096497
        },
        "1": {
            "0": 0.7012395262718201,
            "1": 0.9770382046699524,
            "2": 0.5674378871917725
        },
        "2": {
            "0": 0.8478192090988159,
            "1": 0.8306947946548462,
            "2": 0.8653479814529419
        }
    }
}