{
    "confidence_score": 0.8094012141227722,
    "ptm": 0.8468668460845947,
    "iptm": 0.7532364130020142,
    "ligand_iptm": 0.8625815510749817,
    "protein_iptm": 0.7030691504478455,
    "complex_plddt": 0.8234424591064453,
    "complex_iplddt": 0.6571533679962158,
    "complex_pde": 0.7351547479629517,
    "complex_ipde": 2.287156820297241,
    "chains_ptm": {
        "0": 0.9636660218238831,
        "1": 0.9638858437538147,
        "2": 0.859694242477417
    },
    "pair_chains_iptm": {
        "0": {
            "0": 0.9636660218238831,
            "1": 0.6955690979957581,
            "2": 0.695901095867157
        },
        "1": {
            "0": 0.7030691504478455,
            "1": 0.9638858437538147,
            "2": 0.510779082775116
        },
        "2": {
            "0": 0.8625815510749817,
            "1": 0.7398790717124939,
            "2": 0.859694242477417
        }
    }
}