{
    "confidence_score": 0.8784484267234802,
    "ptm": 0.9005120992660522,
    "iptm": 0.8615807294845581,
    "ligand_iptm": 0.7833172678947449,
    "protein_iptm": 0.9096851348876953,
    "complex_plddt": 0.8826652765274048,
    "complex_iplddt": 0.7862592339515686,
    "complex_pde": 0.7288530468940735,
    "complex_ipde": 1.608315348625183,
    "chains_ptm": {
        "0": 0.9665041565895081,
        "1": 0.9667715430259705,
        "2": 0.7682434916496277
    },
    "pair_chains_iptm": {
        "0": {
            "0": 0.9665041565895081,
            "1": 0.9077785611152649,
            "2": 0.45711201429367065
        },
        "1": {
            "0": 0.9096851348876953,
            "1": 0.9667715430259705,
            "2": 0.49486595392227173
        },
        "2": {
            "0": 0.7833172678947449,
            "1": 0.7763289213180542,
            "2": 0.7682434916496277
        }
    }
}