{
    "confidence_score": 0.8687319755554199,
    "ptm": 0.921807587146759,
    "iptm": 0.8934575319290161,
    "ligand_iptm": 0.8179692625999451,
    "protein_iptm": 0.9374704957008362,
    "complex_plddt": 0.8625505566596985,
    "complex_iplddt": 0.7343736290931702,
    "complex_pde": 0.676074743270874,
    "complex_ipde": 1.439993143081665,
    "chains_ptm": {
        "0": 0.9676343202590942,
        "1": 0.9684048295021057,
        "2": 0.8018093109130859
    },
    "pair_chains_iptm": {
        "0": {
            "0": 0.9676343202590942,
            "1": 0.9374704957008362,
            "2": 0.45651471614837646
        },
        "1": {
            "0": 0.937283992767334,
            "1": 0.9684048295021057,
            "2": 0.4916526675224304
        },
        "2": {
            "0": 0.8179692625999451,
            "1": 0.8165112733840942,
            "2": 0.8018093109130859
        }
    }
}