{
    "confidence_score": 0.8668861389160156,
    "ptm": 0.9098056554794312,
    "iptm": 0.8736908435821533,
    "ligand_iptm": 0.7714650630950928,
    "protein_iptm": 0.9324228167533875,
    "complex_plddt": 0.865185022354126,
    "complex_iplddt": 0.7346071600914001,
    "complex_pde": 0.7323387861251831,
    "complex_ipde": 1.5964311361312866,
    "chains_ptm": {
        "0": 0.9689655303955078,
        "1": 0.9660595059394836,
        "2": 0.7561078667640686
    },
    "pair_chains_iptm": {
        "0": {
            "0": 0.9689655303955078,
            "1": 0.9324228167533875,
            "2": 0.4573291540145874
        },
        "1": {
            "0": 0.9287661910057068,
            "1": 0.9660595059394836,
            "2": 0.4476231336593628
        },
        "2": {
            "0": 0.7714650630950928,
            "1": 0.7708958983421326,
            "2": 0.7561078667640686
        }
    }
}