{
    "confidence_score": 0.8566548228263855,
    "ptm": 0.9111667275428772,
    "iptm": 0.8731120228767395,
    "ligand_iptm": 0.9178516864776611,
    "protein_iptm": 0.8549984693527222,
    "complex_plddt": 0.8525405526161194,
    "complex_iplddt": 0.7100769877433777,
    "complex_pde": 0.4308139979839325,
    "complex_ipde": 0.964222252368927,
    "chains_ptm": {
        "0": 0.9783912897109985,
        "1": 0.9775760173797607,
        "2": 0.8919816613197327
    },
    "pair_chains_iptm": {
        "0": {
            "0": 0.9783912897109985,
            "1": 0.8549984693527222,
            "2": 0.7206588983535767
        },
        "1": {
            "0": 0.8320358991622925,
            "1": 0.9775760173797607,
            "2": 0.6480955481529236
        },
        "2": {
            "0": 0.9131993055343628,
            "1": 0.9178516864776611,
            "2": 0.8919816613197327
        }
    }
}