{
    "confidence_score": 0.8827723860740662,
    "ptm": 0.9163504838943481,
    "iptm": 0.88350909948349,
    "ligand_iptm": 0.7762645483016968,
    "protein_iptm": 0.9432908892631531,
    "complex_plddt": 0.8825881481170654,
    "complex_iplddt": 0.7684468030929565,
    "complex_pde": 0.7215890884399414,
    "complex_ipde": 1.548093318939209,
    "chains_ptm": {
        "0": 0.971889853477478,
        "1": 0.9717538952827454,
        "2": 0.7463322877883911
    },
    "pair_chains_iptm": {
        "0": {
            "0": 0.971889853477478,
            "1": 0.9432908892631531,
            "2": 0.4555714428424835
        },
        "1": {
            "0": 0.9430850148200989,
            "1": 0.9717538952827454,
            "2": 0.4324026107788086
        },
        "2": {
            "0": 0.7762645483016968,
            "1": 0.7746739387512207,
            "2": 0.7463322877883911
        }
    }
}