{
    "confidence_score": 0.8580614328384399,
    "ptm": 0.8613534569740295,
    "iptm": 0.7771263122558594,
    "ligand_iptm": 0.8766433000564575,
    "protein_iptm": 0.7389116287231445,
    "complex_plddt": 0.8782951831817627,
    "complex_iplddt": 0.7699258327484131,
    "complex_pde": 0.5561392903327942,
    "complex_ipde": 1.5531902313232422,
    "chains_ptm": {
        "0": 0.9706083536148071,
        "1": 0.9758406281471252,
        "2": 0.8497104644775391
    },
    "pair_chains_iptm": {
        "0": {
            "0": 0.9706083536148071,
            "1": 0.7358994483947754,
            "2": 0.6142552495002747
        },
        "1": {
            "0": 0.7389116287231445,
            "1": 0.9758406281471252,
            "2": 0.5726062059402466
        },
        "2": {
            "0": 0.8390932083129883,
            "1": 0.8766433000564575,
            "2": 0.8497104644775391
        }
    }
}