{
    "confidence_score": 0.8899402022361755,
    "ptm": 0.9157190918922424,
    "iptm": 0.8847277760505676,
    "ligand_iptm": 0.7948575019836426,
    "protein_iptm": 0.9387176036834717,
    "complex_plddt": 0.8912432789802551,
    "complex_iplddt": 0.7930797338485718,
    "complex_pde": 0.7205692529678345,
    "complex_ipde": 1.5289400815963745,
    "chains_ptm": {
        "0": 0.9678294658660889,
        "1": 0.9688525795936584,
        "2": 0.7548554539680481
    },
    "pair_chains_iptm": {
        "0": {
            "0": 0.9678294658660889,
            "1": 0.9377506971359253,
            "2": 0.4462885558605194
        },
        "1": {
            "0": 0.9387176036834717,
            "1": 0.9688525795936584,
            "2": 0.4244321286678314
        },
        "2": {
            "0": 0.7948575019836426,
            "1": 0.7893182039260864,
            "2": 0.7548554539680481
        }
    }
}