{
    "confidence_score": 0.8451558947563171,
    "ptm": 0.9219911694526672,
    "iptm": 0.8902779221534729,
    "ligand_iptm": 0.9230813980102539,
    "protein_iptm": 0.8764966726303101,
    "complex_plddt": 0.8338753581047058,
    "complex_iplddt": 0.671023964881897,
    "complex_pde": 0.42366036772727966,
    "complex_ipde": 0.9154326319694519,
    "chains_ptm": {
        "0": 0.9774459600448608,
        "1": 0.9794712066650391,
        "2": 0.8761883974075317
    },
    "pair_chains_iptm": {
        "0": {
            "0": 0.9774459600448608,
            "1": 0.8764966726303101,
            "2": 0.6413716077804565
        },
        "1": {
            "0": 0.8644734621047974,
            "1": 0.9794712066650391,
            "2": 0.6143417954444885
        },
        "2": {
            "0": 0.9099355340003967,
            "1": 0.9230813980102539,
            "2": 0.8761883974075317
        }
    }
}