{
    "confidence_score": 0.8866719603538513,
    "ptm": 0.9129608869552612,
    "iptm": 0.8776599764823914,
    "ligand_iptm": 0.7734652757644653,
    "protein_iptm": 0.9394562840461731,
    "complex_plddt": 0.8889248967170715,
    "complex_iplddt": 0.7919451594352722,
    "complex_pde": 0.7572737336158752,
    "complex_ipde": 1.6891237497329712,
    "chains_ptm": {
        "0": 0.9705597162246704,
        "1": 0.9700549244880676,
        "2": 0.7795508503913879
    },
    "pair_chains_iptm": {
        "0": {
            "0": 0.9705597162246704,
            "1": 0.9394562840461731,
            "2": 0.4728536009788513
        },
        "1": {
            "0": 0.936561107635498,
            "1": 0.9700549244880676,
            "2": 0.473073273897171
        },
        "2": {
            "0": 0.7734652757644653,
            "1": 0.7675379514694214,
            "2": 0.7795508503913879
        }
    }
}