{
    "confidence_score": 0.7310160398483276,
    "ptm": 0.6778272390365601,
    "iptm": 0.46313661336898804,
    "ligand_iptm": 0.6179892420768738,
    "protein_iptm": 0.39530855417251587,
    "complex_plddt": 0.797985851764679,
    "complex_iplddt": 0.5693361759185791,
    "complex_pde": 1.122072458267212,
    "complex_ipde": 4.177444934844971,
    "chains_ptm": {
        "0": 0.9636255502700806,
        "1": 0.9606285095214844,
        "2": 0.6601284742355347
    },
    "pair_chains_iptm": {
        "0": {
            "0": 0.9636255502700806,
            "1": 0.39530855417251587,
            "2": 0.2898496389389038
        },
        "1": {
            "0": 0.38081037998199463,
            "1": 0.9606285095214844,
            "2": 0.3007001578807831
        },
        "2": {
            "0": 0.5895227789878845,
            "1": 0.6179892420768738,
            "2": 0.6601284742355347
        }
    }
}