{
    "confidence_score": 0.8615350127220154,
    "ptm": 0.8946684002876282,
    "iptm": 0.8531332612037659,
    "ligand_iptm": 0.7638387084007263,
    "protein_iptm": 0.9072257876396179,
    "complex_plddt": 0.8636354207992554,
    "complex_iplddt": 0.7360961437225342,
    "complex_pde": 0.7573797106742859,
    "complex_ipde": 1.652140498161316,
    "chains_ptm": {
        "0": 0.9655958414077759,
        "1": 0.965842604637146,
        "2": 0.7311480641365051
    },
    "pair_chains_iptm": {
        "0": {
            "0": 0.9655958414077759,
            "1": 0.9072257876396179,
            "2": 0.40346401929855347
        },
        "1": {
            "0": 0.9070097208023071,
            "1": 0.965842604637146,
            "2": 0.41778364777565
        },
        "2": {
            "0": 0.7638387084007263,
            "1": 0.750831127166748,
            "2": 0.7311480641365051
        }
    }
}