{
    "confidence_score": 0.8684968948364258,
    "ptm": 0.9050012826919556,
    "iptm": 0.8676192760467529,
    "ligand_iptm": 0.7757765054702759,
    "protein_iptm": 0.9212952256202698,
    "complex_plddt": 0.868716299533844,
    "complex_iplddt": 0.7450372576713562,
    "complex_pde": 0.7656806111335754,
    "complex_ipde": 1.7164446115493774,
    "chains_ptm": {
        "0": 0.9674990177154541,
        "1": 0.9670038223266602,
        "2": 0.7665812969207764
    },
    "pair_chains_iptm": {
        "0": {
            "0": 0.9674990177154541,
            "1": 0.9212952256202698,
            "2": 0.46319523453712463
        },
        "1": {
            "0": 0.920198380947113,
            "1": 0.9670038223266602,
            "2": 0.4509005844593048
        },
        "2": {
            "0": 0.7757765054702759,
            "1": 0.771896243095398,
            "2": 0.7665812969207764
        }
    }
}