{
    "confidence_score": 0.8485404253005981,
    "ptm": 0.9220897555351257,
    "iptm": 0.887790322303772,
    "ligand_iptm": 0.9138824939727783,
    "protein_iptm": 0.8783563375473022,
    "complex_plddt": 0.8387279510498047,
    "complex_iplddt": 0.679222583770752,
    "complex_pde": 0.4361978769302368,
    "complex_ipde": 0.9755006432533264,
    "chains_ptm": {
        "0": 0.977128803730011,
        "1": 0.981201708316803,
        "2": 0.8929028511047363
    },
    "pair_chains_iptm": {
        "0": {
            "0": 0.977128803730011,
            "1": 0.8783563375473022,
            "2": 0.6829563975334167
        },
        "1": {
            "0": 0.8684442043304443,
            "1": 0.981201708316803,
            "2": 0.6362046003341675
        },
        "2": {
            "0": 0.9138824939727783,
            "1": 0.9093284010887146,
            "2": 0.8929028511047363
        }
    }
}