{
    "confidence_score": 0.8778262138366699,
    "ptm": 0.8311648964881897,
    "iptm": 0.7207327485084534,
    "ligand_iptm": 0.8440138101577759,
    "protein_iptm": 0.6617612838745117,
    "complex_plddt": 0.9170995354652405,
    "complex_iplddt": 0.8593992590904236,
    "complex_pde": 0.5840165019035339,
    "complex_ipde": 1.6584972143173218,
    "chains_ptm": {
        "0": 0.9705330729484558,
        "1": 0.9730214476585388,
        "2": 0.8650644421577454
    },
    "pair_chains_iptm": {
        "0": {
            "0": 0.9705330729484558,
            "1": 0.6460095047950745,
            "2": 0.6749163866043091
        },
        "1": {
            "0": 0.6617612838745117,
            "1": 0.9730214476585388,
            "2": 0.5238677263259888
        },
        "2": {
            "0": 0.8440138101577759,
            "1": 0.7925097346305847,
            "2": 0.8650644421577454
        }
    }
}