{
    "confidence_score": 0.9002097249031067,
    "ptm": 0.9222776293754578,
    "iptm": 0.8939149975776672,
    "ligand_iptm": 0.8153456449508667,
    "protein_iptm": 0.9420579671859741,
    "complex_plddt": 0.9017833471298218,
    "complex_iplddt": 0.8082060813903809,
    "complex_pde": 0.6627373099327087,
    "complex_ipde": 1.3964896202087402,
    "chains_ptm": {
        "0": 0.9700780510902405,
        "1": 0.9699023365974426,
        "2": 0.7946673631668091
    },
    "pair_chains_iptm": {
        "0": {
            "0": 0.9700780510902405,
            "1": 0.9410097599029541,
            "2": 0.47503137588500977
        },
        "1": {
            "0": 0.9420579671859741,
            "1": 0.9699023365974426,
            "2": 0.4933141767978668
        },
        "2": {
            "0": 0.8153456449508667,
            "1": 0.8122890591621399,
            "2": 0.7946673631668091
        }
    }
}