{
    "confidence_score": 0.9013900756835938,
    "ptm": 0.9397289752960205,
    "iptm": 0.9192632436752319,
    "ligand_iptm": 0.8736074566841125,
    "protein_iptm": 0.9491789937019348,
    "complex_plddt": 0.8969218134880066,
    "complex_iplddt": 0.802040696144104,
    "complex_pde": 0.5516414642333984,
    "complex_ipde": 1.058403730392456,
    "chains_ptm": {
        "0": 0.9726486206054688,
        "1": 0.9724123477935791,
        "2": 0.8442437052726746
    },
    "pair_chains_iptm": {
        "0": {
            "0": 0.9726486206054688,
            "1": 0.9491698145866394,
            "2": 0.5681940913200378
        },
        "1": {
            "0": 0.9491789937019348,
            "1": 0.9724123477935791,
            "2": 0.5679196715354919
        },
        "2": {
            "0": 0.8736074566841125,
            "1": 0.8715462684631348,
            "2": 0.8442437052726746
        }
    }
}