{
    "confidence_score": 0.8846096396446228,
    "ptm": 0.9211176037788391,
    "iptm": 0.8897027373313904,
    "ligand_iptm": 0.8032999038696289,
    "protein_iptm": 0.9404838681221008,
    "complex_plddt": 0.8833363056182861,
    "complex_iplddt": 0.7686636447906494,
    "complex_pde": 0.6713786125183105,
    "complex_ipde": 1.4497172832489014,
    "chains_ptm": {
        "0": 0.972311794757843,
        "1": 0.9717941284179688,
        "2": 0.7673676609992981
    },
    "pair_chains_iptm": {
        "0": {
            "0": 0.972311794757843,
            "1": 0.9404838681221008,
            "2": 0.49538281559944153
        },
        "1": {
            "0": 0.9403294324874878,
            "1": 0.9717941284179688,
            "2": 0.46401500701904297
        },
        "2": {
            "0": 0.8032999038696289,
            "1": 0.7990647554397583,
            "2": 0.7673676609992981
        }
    }
}