{
    "confidence_score": 0.8481213450431824,
    "ptm": 0.910727322101593,
    "iptm": 0.8610744476318359,
    "ligand_iptm": 0.9224468469619751,
    "protein_iptm": 0.8504879474639893,
    "complex_plddt": 0.8448830842971802,
    "complex_iplddt": 0.6990074515342712,
    "complex_pde": 0.5032461285591125,
    "complex_ipde": 1.3107895851135254,
    "chains_ptm": {
        "0": 0.9746435880661011,
        "1": 0.9755282402038574,
        "2": 0.8972225189208984
    },
    "pair_chains_iptm": {
        "0": {
            "0": 0.9746435880661011,
            "1": 0.8504879474639893,
            "2": 0.7671109437942505
        },
        "1": {
            "0": 0.8322986960411072,
            "1": 0.9755282402038574,
            "2": 0.6543331146240234
        },
        "2": {
            "0": 0.9224468469619751,
            "1": 0.8718295693397522,
            "2": 0.8972225189208984
        }
    }
}