{
    "confidence_score": 0.892623245716095,
    "ptm": 0.9270369410514832,
    "iptm": 0.8997990489006042,
    "ligand_iptm": 0.8368046879768372,
    "protein_iptm": 0.9369057416915894,
    "complex_plddt": 0.8908292651176453,
    "complex_iplddt": 0.7958490252494812,
    "complex_pde": 0.6269606351852417,
    "complex_ipde": 1.3418902158737183,
    "chains_ptm": {
        "0": 0.971278727054596,
        "1": 0.9688454866409302,
        "2": 0.8089503645896912
    },
    "pair_chains_iptm": {
        "0": {
            "0": 0.971278727054596,
            "1": 0.9366505742073059,
            "2": 0.5571264624595642
        },
        "1": {
            "0": 0.9369057416915894,
            "1": 0.9688454866409302,
            "2": 0.5499143004417419
        },
        "2": {
            "0": 0.8368046879768372,
            "1": 0.8313612937927246,
            "2": 0.8089503645896912
        }
    }
}