{
    "confidence_score": 0.8555774092674255,
    "ptm": 0.9525336623191833,
    "iptm": 0.9361816048622131,
    "ligand_iptm": 0.9618935585021973,
    "protein_iptm": 0.9253509044647217,
    "complex_plddt": 0.8354263305664062,
    "complex_iplddt": 0.6661943197250366,
    "complex_pde": 0.3388908803462982,
    "complex_ipde": 0.5609232783317566,
    "chains_ptm": {
        "0": 0.9814294576644897,
        "1": 0.9821712374687195,
        "2": 0.9190627336502075
    },
    "pair_chains_iptm": {
        "0": {
            "0": 0.9814294576644897,
            "1": 0.9253509044647217,
            "2": 0.7837381362915039
        },
        "1": {
            "0": 0.9124836325645447,
            "1": 0.9821712374687195,
            "2": 0.7654149532318115
        },
        "2": {
            "0": 0.9583805799484253,
            "1": 0.9618935585021973,
            "2": 0.9190627336502075
        }
    }
}