{
    "confidence_score": 0.860050618648529,
    "ptm": 0.898531436920166,
    "iptm": 0.8561474084854126,
    "ligand_iptm": 0.7255048155784607,
    "protein_iptm": 0.9307665824890137,
    "complex_plddt": 0.8610263466835022,
    "complex_iplddt": 0.7303071022033691,
    "complex_pde": 0.7824793457984924,
    "complex_ipde": 1.7620302438735962,
    "chains_ptm": {
        "0": 0.9663635492324829,
        "1": 0.9686090350151062,
        "2": 0.7424615621566772
    },
    "pair_chains_iptm": {
        "0": {
            "0": 0.9663635492324829,
            "1": 0.9307665824890137,
            "2": 0.43243104219436646
        },
        "1": {
            "0": 0.9302152991294861,
            "1": 0.9686090350151062,
            "2": 0.46347665786743164
        },
        "2": {
            "0": 0.719102680683136,
            "1": 0.7255048155784607,
            "2": 0.7424615621566772
        }
    }
}