{
    "confidence_score": 0.8710697293281555,
    "ptm": 0.8862372636795044,
    "iptm": 0.81402987241745,
    "ligand_iptm": 0.9069342017173767,
    "protein_iptm": 0.7688474655151367,
    "complex_plddt": 0.8853296637535095,
    "complex_iplddt": 0.7982017397880554,
    "complex_pde": 0.5504719018936157,
    "complex_ipde": 1.571337103843689,
    "chains_ptm": {
        "0": 0.9759952425956726,
        "1": 0.9712457060813904,
        "2": 0.8791517615318298
    },
    "pair_chains_iptm": {
        "0": {
            "0": 0.9759952425956726,
            "1": 0.7688474655151367,
            "2": 0.7303365468978882
        },
        "1": {
            "0": 0.7685973644256592,
            "1": 0.9712457060813904,
            "2": 0.5744913220405579
        },
        "2": {
            "0": 0.9069342017173767,
            "1": 0.8558947443962097,
            "2": 0.8791517615318298
        }
    }
}