{
    "confidence_score": 0.8505794405937195,
    "ptm": 0.8947508931159973,
    "iptm": 0.8478519916534424,
    "ligand_iptm": 0.8847336173057556,
    "protein_iptm": 0.8316971659660339,
    "complex_plddt": 0.8512613773345947,
    "complex_iplddt": 0.697684109210968,
    "complex_pde": 0.4991278052330017,
    "complex_ipde": 1.2495406866073608,
    "chains_ptm": {
        "0": 0.9726738333702087,
        "1": 0.979679524898529,
        "2": 0.8628445863723755
    },
    "pair_chains_iptm": {
        "0": {
            "0": 0.9726738333702087,
            "1": 0.8316971659660339,
            "2": 0.6645703315734863
        },
        "1": {
            "0": 0.8179904222488403,
            "1": 0.979679524898529,
            "2": 0.6151912808418274
        },
        "2": {
            "0": 0.8741551041603088,
            "1": 0.8847336173057556,
            "2": 0.8628445863723755
        }
    }
}