{
    "confidence_score": 0.8645904660224915,
    "ptm": 0.8885838389396667,
    "iptm": 0.8394215106964111,
    "ligand_iptm": 0.8946400284767151,
    "protein_iptm": 0.815234899520874,
    "complex_plddt": 0.8708826899528503,
    "complex_iplddt": 0.743522047996521,
    "complex_pde": 0.5011972784996033,
    "complex_ipde": 1.2678700685501099,
    "chains_ptm": {
        "0": 0.9729585647583008,
        "1": 0.9776902794837952,
        "2": 0.867586076259613
    },
    "pair_chains_iptm": {
        "0": {
            "0": 0.9729585647583008,
            "1": 0.815234899520874,
            "2": 0.6598897576332092
        },
        "1": {
            "0": 0.7976843118667603,
            "1": 0.9776902794837952,
            "2": 0.6345224380493164
        },
        "2": {
            "0": 0.8614458441734314,
            "1": 0.8946400284767151,
            "2": 0.867586076259613
        }
    }
}