{
    "confidence_score": 0.8557991981506348,
    "ptm": 0.9351436495780945,
    "iptm": 0.9092360138893127,
    "ligand_iptm": 0.9389605522155762,
    "protein_iptm": 0.8980221152305603,
    "complex_plddt": 0.8424400091171265,
    "complex_iplddt": 0.6577869653701782,
    "complex_pde": 0.38428252935409546,
    "complex_ipde": 0.7230251431465149,
    "chains_ptm": {
        "0": 0.977575421333313,
        "1": 0.9769042134284973,
        "2": 0.9138234257698059
    },
    "pair_chains_iptm": {
        "0": {
            "0": 0.977575421333313,
            "1": 0.8980221152305603,
            "2": 0.708093523979187
        },
        "1": {
            "0": 0.8888096213340759,
            "1": 0.9769042134284973,
            "2": 0.6438872814178467
        },
        "2": {
            "0": 0.9389605522155762,
            "1": 0.9348375201225281,
            "2": 0.9138234257698059
        }
    }
}