{
    "confidence_score": 0.8377920389175415,
    "ptm": 0.8783945441246033,
    "iptm": 0.8219457268714905,
    "ligand_iptm": 0.8784851431846619,
    "protein_iptm": 0.7971804141998291,
    "complex_plddt": 0.8417536020278931,
    "complex_iplddt": 0.6633802056312561,
    "complex_pde": 0.5150251388549805,
    "complex_ipde": 1.3763785362243652,
    "chains_ptm": {
        "0": 0.9712904095649719,
        "1": 0.975187361240387,
        "2": 0.8537850379943848
    },
    "pair_chains_iptm": {
        "0": {
            "0": 0.9712904095649719,
            "1": 0.7971804141998291,
            "2": 0.6077443957328796
        },
        "1": {
            "0": 0.7835061550140381,
            "1": 0.975187361240387,
            "2": 0.5960037112236023
        },
        "2": {
            "0": 0.8566393852233887,
            "1": 0.8784851431846619,
            "2": 0.8537850379943848
        }
    }
}