{
    "confidence_score": 0.8880971074104309,
    "ptm": 0.9014432430267334,
    "iptm": 0.8621799349784851,
    "ligand_iptm": 0.7515540719032288,
    "protein_iptm": 0.9266305565834045,
    "complex_plddt": 0.894576370716095,
    "complex_iplddt": 0.8132197856903076,
    "complex_pde": 0.7955251336097717,
    "complex_ipde": 1.8060297966003418,
    "chains_ptm": {
        "0": 0.9665566086769104,
        "1": 0.9619520306587219,
        "2": 0.7572312951087952
    },
    "pair_chains_iptm": {
        "0": {
            "0": 0.9665566086769104,
            "1": 0.9266305565834045,
            "2": 0.4654340147972107
        },
        "1": {
            "0": 0.9223616719245911,
            "1": 0.9619520306587219,
            "2": 0.4627259075641632
        },
        "2": {
            "0": 0.7515540719032288,
            "1": 0.7452907562255859,
            "2": 0.7572312951087952
        }
    }
}