{
    "confidence_score": 0.8494178652763367,
    "ptm": 0.931081235408783,
    "iptm": 0.9033796787261963,
    "ligand_iptm": 0.9626790881156921,
    "protein_iptm": 0.8774055242538452,
    "complex_plddt": 0.835927426815033,
    "complex_iplddt": 0.6769213080406189,
    "complex_pde": 0.3384447991847992,
    "complex_ipde": 0.5443941950798035,
    "chains_ptm": {
        "0": 0.9810947775840759,
        "1": 0.9812899231910706,
        "2": 0.9218893647193909
    },
    "pair_chains_iptm": {
        "0": {
            "0": 0.9810947775840759,
            "1": 0.8774055242538452,
            "2": 0.7843299508094788
        },
        "1": {
            "0": 0.8572655916213989,
            "1": 0.9812899231910706,
            "2": 0.758985161781311
        },
        "2": {
            "0": 0.942777693271637,
            "1": 0.9626790881156921,
            "2": 0.9218893647193909
        }
    }
}