{
    "confidence_score": 0.866345226764679,
    "ptm": 0.8900055885314941,
    "iptm": 0.8429840207099915,
    "ligand_iptm": 0.907873272895813,
    "protein_iptm": 0.8145615458488464,
    "complex_plddt": 0.872185468673706,
    "complex_iplddt": 0.7479401230812073,
    "complex_pde": 0.5417617559432983,
    "complex_ipde": 1.4474925994873047,
    "chains_ptm": {
        "0": 0.9761391878128052,
        "1": 0.9752318859100342,
        "2": 0.8772203326225281
    },
    "pair_chains_iptm": {
        "0": {
            "0": 0.9761391878128052,
            "1": 0.8145615458488464,
            "2": 0.609294056892395
        },
        "1": {
            "0": 0.7949449419975281,
            "1": 0.9752318859100342,
            "2": 0.6033973693847656
        },
        "2": {
            "0": 0.8401771187782288,
            "1": 0.907873272895813,
            "2": 0.8772203326225281
        }
    }
}