{
    "confidence_score": 0.8843909502029419,
    "ptm": 0.9138164520263672,
    "iptm": 0.879313051700592,
    "ligand_iptm": 0.7884400486946106,
    "protein_iptm": 0.9325906038284302,
    "complex_plddt": 0.8856603503227234,
    "complex_iplddt": 0.7834884524345398,
    "complex_pde": 0.7343816161155701,
    "complex_ipde": 1.5987833738327026,
    "chains_ptm": {
        "0": 0.971163272857666,
        "1": 0.9685369729995728,
        "2": 0.7508766651153564
    },
    "pair_chains_iptm": {
        "0": {
            "0": 0.971163272857666,
            "1": 0.9325906038284302,
            "2": 0.4476983845233917
        },
        "1": {
            "0": 0.9314562678337097,
            "1": 0.9685369729995728,
            "2": 0.43893900513648987
        },
        "2": {
            "0": 0.7884400486946106,
            "1": 0.7792012095451355,
            "2": 0.7508766651153564
        }
    }
}