{
    "confidence_score": 0.8369498252868652,
    "ptm": 0.9228231310844421,
    "iptm": 0.8784393668174744,
    "ligand_iptm": 0.9232184290885925,
    "protein_iptm": 0.8712705373764038,
    "complex_plddt": 0.8265774250030518,
    "complex_iplddt": 0.6492250561714172,
    "complex_pde": 0.4553675949573517,
    "complex_ipde": 1.0901192426681519,
    "chains_ptm": {
        "0": 0.9774773716926575,
        "1": 0.9760703444480896,
        "2": 0.8888635635375977
    },
    "pair_chains_iptm": {
        "0": {
            "0": 0.9774773716926575,
            "1": 0.8712705373764038,
            "2": 0.6944838166236877
        },
        "1": {
            "0": 0.8558968901634216,
            "1": 0.9760703444480896,
            "2": 0.6216862201690674
        },
        "2": {
            "0": 0.9232184290885925,
            "1": 0.8926478028297424,
            "2": 0.8888635635375977
        }
    }
}