{
    "confidence_score": 0.870975136756897,
    "ptm": 0.9168124198913574,
    "iptm": 0.8873386383056641,
    "ligand_iptm": 0.7876132726669312,
    "protein_iptm": 0.9431886672973633,
    "complex_plddt": 0.8668842911720276,
    "complex_iplddt": 0.7499423027038574,
    "complex_pde": 0.7357667088508606,
    "complex_ipde": 1.6057924032211304,
    "chains_ptm": {
        "0": 0.9704535007476807,
        "1": 0.9711378216743469,
        "2": 0.7698604464530945
    },
    "pair_chains_iptm": {
        "0": {
            "0": 0.9704535007476807,
            "1": 0.9419118165969849,
            "2": 0.42022132873535156
        },
        "1": {
            "0": 0.9431886672973633,
            "1": 0.9711378216743469,
            "2": 0.4678860008716583
        },
        "2": {
            "0": 0.7876132726669312,
            "1": 0.7821893692016602,
            "2": 0.7698604464530945
        }
    }
}