{
    "confidence_score": 0.8135027885437012,
    "ptm": 0.8236438632011414,
    "iptm": 0.7108131051063538,
    "ligand_iptm": 0.8045939207077026,
    "protein_iptm": 0.6642231941223145,
    "complex_plddt": 0.8391751646995544,
    "complex_iplddt": 0.6622784733772278,
    "complex_pde": 0.7165456414222717,
    "complex_ipde": 2.277269124984741,
    "chains_ptm": {
        "0": 0.9677600264549255,
        "1": 0.9683545231819153,
        "2": 0.8147764801979065
    },
    "pair_chains_iptm": {
        "0": {
            "0": 0.9677600264549255,
            "1": 0.6594226360321045,
            "2": 0.561835765838623
        },
        "1": {
            "0": 0.6642231941223145,
            "1": 0.9683545231819153,
            "2": 0.46857866644859314
        },
        "2": {
            "0": 0.8045939207077026,
            "1": 0.7647318840026855,
            "2": 0.8147764801979065
        }
    }
}