{
    "confidence_score": 0.8314992785453796,
    "ptm": 0.8897529244422913,
    "iptm": 0.8218327760696411,
    "ligand_iptm": 0.9106135368347168,
    "protein_iptm": 0.7857231497764587,
    "complex_plddt": 0.8339158892631531,
    "complex_iplddt": 0.6699228882789612,
    "complex_pde": 0.48179253935813904,
    "complex_ipde": 1.201733946800232,
    "chains_ptm": {
        "0": 0.9742364883422852,
        "1": 0.9793577790260315,
        "2": 0.898159921169281
    },
    "pair_chains_iptm": {
        "0": {
            "0": 0.9742364883422852,
            "1": 0.7857231497764587,
            "2": 0.7123882174491882
        },
        "1": {
            "0": 0.77992844581604,
            "1": 0.9793577790260315,
            "2": 0.5813150405883789
        },
        "2": {
            "0": 0.9106135368347168,
            "1": 0.8733606338500977,
            "2": 0.898159921169281
        }
    }
}