{
    "confidence_score": 0.8390569090843201,
    "ptm": 0.8976418375968933,
    "iptm": 0.8377090096473694,
    "ligand_iptm": 0.8971171379089355,
    "protein_iptm": 0.8201419711112976,
    "complex_plddt": 0.8393937945365906,
    "complex_iplddt": 0.6766467690467834,
    "complex_pde": 0.5027572512626648,
    "complex_ipde": 1.2956104278564453,
    "chains_ptm": {
        "0": 0.9753544926643372,
        "1": 0.9745948314666748,
        "2": 0.878280758857727
    },
    "pair_chains_iptm": {
        "0": {
            "0": 0.9753544926643372,
            "1": 0.8201419711112976,
            "2": 0.6775645017623901
        },
        "1": {
            "0": 0.8046947717666626,
            "1": 0.9745948314666748,
            "2": 0.6138722896575928
        },
        "2": {
            "0": 0.8971171379089355,
            "1": 0.8809134364128113,
            "2": 0.878280758857727
        }
    }
}