{
    "confidence_score": 0.8801453709602356,
    "ptm": 0.9153450131416321,
    "iptm": 0.8837305307388306,
    "ligand_iptm": 0.8000738024711609,
    "protein_iptm": 0.9313201308250427,
    "complex_plddt": 0.8792490363121033,
    "complex_iplddt": 0.7724152207374573,
    "complex_pde": 0.7063132524490356,
    "complex_ipde": 1.4892823696136475,
    "chains_ptm": {
        "0": 0.9689629077911377,
        "1": 0.9684114456176758,
        "2": 0.7955417037010193
    },
    "pair_chains_iptm": {
        "0": {
            "0": 0.9689629077911377,
            "1": 0.9313201308250427,
            "2": 0.5205249786376953
        },
        "1": {
            "0": 0.9307032823562622,
            "1": 0.9684114456176758,
            "2": 0.4891774654388428
        },
        "2": {
            "0": 0.8000738024711609,
            "1": 0.7930184006690979,
            "2": 0.7955417037010193
        }
    }
}