{
    "confidence_score": 0.8688624501228333,
    "ptm": 0.8946685791015625,
    "iptm": 0.850956380367279,
    "ligand_iptm": 0.703106701374054,
    "protein_iptm": 0.9355787038803101,
    "complex_plddt": 0.8733389377593994,
    "complex_iplddt": 0.7474853992462158,
    "complex_pde": 0.9094378352165222,
    "complex_ipde": 2.0945253372192383,
    "chains_ptm": {
        "0": 0.9670835733413696,
        "1": 0.9654281139373779,
        "2": 0.7190738320350647
    },
    "pair_chains_iptm": {
        "0": {
            "0": 0.9670835733413696,
            "1": 0.9355787038803101,
            "2": 0.36189451813697815
        },
        "1": {
            "0": 0.934546172618866,
            "1": 0.9654281139373779,
            "2": 0.39799636602401733
        },
        "2": {
            "0": 0.703106701374054,
            "1": 0.7009037137031555,
            "2": 0.7190738320350647
        }
    }
}