{
    "confidence_score": 0.8472257852554321,
    "ptm": 0.9059888124465942,
    "iptm": 0.8557043075561523,
    "ligand_iptm": 0.8903211355209351,
    "protein_iptm": 0.8440848588943481,
    "complex_plddt": 0.8451061248779297,
    "complex_iplddt": 0.6995793581008911,
    "complex_pde": 0.4905865490436554,
    "complex_ipde": 1.1531075239181519,
    "chains_ptm": {
        "0": 0.9714812636375427,
        "1": 0.9731360077857971,
        "2": 0.84775710105896
    },
    "pair_chains_iptm": {
        "0": {
            "0": 0.9714812636375427,
            "1": 0.8440848588943481,
            "2": 0.6288931369781494
        },
        "1": {
            "0": 0.8402835726737976,
            "1": 0.9731360077857971,
            "2": 0.5755946040153503
        },
        "2": {
            "0": 0.8903211355209351,
            "1": 0.8728386163711548,
            "2": 0.84775710105896
        }
    }
}