{
    "confidence_score": 0.8765425086021423,
    "ptm": 0.9178128838539124,
    "iptm": 0.8706801533699036,
    "ligand_iptm": 0.9217246770858765,
    "protein_iptm": 0.8469160795211792,
    "complex_plddt": 0.8780080080032349,
    "complex_iplddt": 0.7669579386711121,
    "complex_pde": 0.4217241108417511,
    "complex_ipde": 0.9180412888526917,
    "chains_ptm": {
        "0": 0.9758831262588501,
        "1": 0.9787659049034119,
        "2": 0.896989643573761
    },
    "pair_chains_iptm": {
        "0": {
            "0": 0.9758831262588501,
            "1": 0.8469160795211792,
            "2": 0.7385977506637573
        },
        "1": {
            "0": 0.8431882858276367,
            "1": 0.9787659049034119,
            "2": 0.6916133165359497
        },
        "2": {
            "0": 0.9217246770858765,
            "1": 0.91282719373703,
            "2": 0.896989643573761
        }
    }
}