{
    "confidence_score": 0.8002743124961853,
    "ptm": 0.7546042203903198,
    "iptm": 0.5865229964256287,
    "ligand_iptm": 0.7328843474388123,
    "protein_iptm": 0.5112379193305969,
    "complex_plddt": 0.8537120819091797,
    "complex_iplddt": 0.7012065649032593,
    "complex_pde": 0.8579061031341553,
    "complex_ipde": 2.9253385066986084,
    "chains_ptm": {
        "0": 0.9638522267341614,
        "1": 0.965355396270752,
        "2": 0.7856984734535217
    },
    "pair_chains_iptm": {
        "0": {
            "0": 0.9638522267341614,
            "1": 0.5112379193305969,
            "2": 0.5017560720443726
        },
        "1": {
            "0": 0.511012613773346,
            "1": 0.965355396270752,
            "2": 0.40964949131011963
        },
        "2": {
            "0": 0.7328843474388123,
            "1": 0.6696933507919312,
            "2": 0.7856984734535217
        }
    }
}