{
    "confidence_score": 0.8703215718269348,
    "ptm": 0.8868183493614197,
    "iptm": 0.8369500041007996,
    "ligand_iptm": 0.6737144589424133,
    "protein_iptm": 0.9299329519271851,
    "complex_plddt": 0.8786644339561462,
    "complex_iplddt": 0.7579226493835449,
    "complex_pde": 0.9439327120780945,
    "complex_ipde": 2.2694060802459717,
    "chains_ptm": {
        "0": 0.9675936698913574,
        "1": 0.9669999480247498,
        "2": 0.7498127222061157
    },
    "pair_chains_iptm": {
        "0": {
            "0": 0.9675936698913574,
            "1": 0.9299329519271851,
            "2": 0.3747941553592682
        },
        "1": {
            "0": 0.9274563193321228,
            "1": 0.9669999480247498,
            "2": 0.40982499718666077
        },
        "2": {
            "0": 0.6715618968009949,
            "1": 0.6737144589424133,
            "2": 0.7498127222061157
        }
    }
}