{
    "confidence_score": 0.894905686378479,
    "ptm": 0.915176272392273,
    "iptm": 0.8821778893470764,
    "ligand_iptm": 0.79250168800354,
    "protein_iptm": 0.9348269701004028,
    "complex_plddt": 0.8980875611305237,
    "complex_iplddt": 0.8147430419921875,
    "complex_pde": 0.7326249480247498,
    "complex_ipde": 1.6144108772277832,
    "chains_ptm": {
        "0": 0.9707630276679993,
        "1": 0.9695447683334351,
        "2": 0.7793305516242981
    },
    "pair_chains_iptm": {
        "0": {
            "0": 0.9707630276679993,
            "1": 0.9348269701004028,
            "2": 0.49602723121643066
        },
        "1": {
            "0": 0.930578887462616,
            "1": 0.9695447683334351,
            "2": 0.4698157012462616
        },
        "2": {
            "0": 0.79250168800354,
            "1": 0.7880129218101501,
            "2": 0.7793305516242981
        }
    }
}