{
    "confidence_score": 0.8556469082832336,
    "ptm": 0.9070101976394653,
    "iptm": 0.8695235848426819,
    "ligand_iptm": 0.7573200464248657,
    "protein_iptm": 0.9347158670425415,
    "complex_plddt": 0.8521776795387268,
    "complex_iplddt": 0.7164125442504883,
    "complex_pde": 0.7762330770492554,
    "complex_ipde": 1.7656786441802979,
    "chains_ptm": {
        "0": 0.9685128927230835,
        "1": 0.9681424498558044,
        "2": 0.7823463678359985
    },
    "pair_chains_iptm": {
        "0": {
            "0": 0.9685128927230835,
            "1": 0.9347158670425415,
            "2": 0.44467705488204956
        },
        "1": {
            "0": 0.9322961568832397,
            "1": 0.9681424498558044,
            "2": 0.48937198519706726
        },
        "2": {
            "0": 0.7573200464248657,
            "1": 0.7572311162948608,
            "2": 0.7823463678359985
        }
    }
}