{
    "confidence_score": 0.850579559803009,
    "ptm": 0.8738589882850647,
    "iptm": 0.7943111062049866,
    "ligand_iptm": 0.8895614147186279,
    "protein_iptm": 0.7436572313308716,
    "complex_plddt": 0.8646466135978699,
    "complex_iplddt": 0.7297834753990173,
    "complex_pde": 0.5062007904052734,
    "complex_ipde": 1.311274528503418,
    "chains_ptm": {
        "0": 0.9718144536018372,
        "1": 0.972309410572052,
        "2": 0.8737809658050537
    },
    "pair_chains_iptm": {
        "0": {
            "0": 0.9718144536018372,
            "1": 0.7378320693969727,
            "2": 0.7095367908477783
        },
        "1": {
            "0": 0.7436572313308716,
            "1": 0.972309410572052,
            "2": 0.5608463883399963
        },
        "2": {
            "0": 0.8895614147186279,
            "1": 0.8274090886116028,
            "2": 0.8737809658050537
        }
    }
}