{
    "confidence_score": 0.8350791931152344,
    "ptm": 0.8601598143577576,
    "iptm": 0.7681199908256531,
    "ligand_iptm": 0.8828119039535522,
    "protein_iptm": 0.7063004374504089,
    "complex_plddt": 0.8518189787864685,
    "complex_iplddt": 0.6976982355117798,
    "complex_pde": 0.5012150406837463,
    "complex_ipde": 1.3605432510375977,
    "chains_ptm": {
        "0": 0.9752309322357178,
        "1": 0.9764983654022217,
        "2": 0.8845666646957397
    },
    "pair_chains_iptm": {
        "0": {
            "0": 0.9752309322357178,
            "1": 0.6910523176193237,
            "2": 0.7391360402107239
        },
        "1": {
            "0": 0.7063004374504089,
            "1": 0.9764983654022217,
            "2": 0.5940691828727722
        },
        "2": {
            "0": 0.8828119039535522,
            "1": 0.8357622027397156,
            "2": 0.8845666646957397
        }
    }
}