{
    "confidence_score": 0.8392869234085083,
    "ptm": 0.9403851628303528,
    "iptm": 0.9178153872489929,
    "ligand_iptm": 0.9365999698638916,
    "protein_iptm": 0.9134289026260376,
    "complex_plddt": 0.8196547627449036,
    "complex_iplddt": 0.6466249823570251,
    "complex_pde": 0.3921363949775696,
    "complex_ipde": 0.7888016104698181,
    "chains_ptm": {
        "0": 0.9785870313644409,
        "1": 0.9811256527900696,
        "2": 0.892668604850769
    },
    "pair_chains_iptm": {
        "0": {
            "0": 0.9785870313644409,
            "1": 0.9134289026260376,
            "2": 0.7233954071998596
        },
        "1": {
            "0": 0.9054374694824219,
            "1": 0.9811256527900696,
            "2": 0.6420243978500366
        },
        "2": {
            "0": 0.9365999698638916,
            "1": 0.9285975098609924,
            "2": 0.892668604850769
        }
    }
}