{
    "confidence_score": 0.8933097124099731,
    "ptm": 0.9132744669914246,
    "iptm": 0.8787757754325867,
    "ligand_iptm": 0.7661795020103455,
    "protein_iptm": 0.9426776170730591,
    "complex_plddt": 0.896943211555481,
    "complex_iplddt": 0.8078303933143616,
    "complex_pde": 0.7379881739616394,
    "complex_ipde": 1.58943510055542,
    "chains_ptm": {
        "0": 0.9705601930618286,
        "1": 0.9712908864021301,
        "2": 0.7622067928314209
    },
    "pair_chains_iptm": {
        "0": {
            "0": 0.9705601930618286,
            "1": 0.942005455493927,
            "2": 0.4620257616043091
        },
        "1": {
            "0": 0.9426776170730591,
            "1": 0.9712908864021301,
            "2": 0.46877777576446533
        },
        "2": {
            "0": 0.7661795020103455,
            "1": 0.7621789574623108,
            "2": 0.7622067928314209
        }
    }
}