{
    "confidence_score": 0.8792669177055359,
    "ptm": 0.9049665331840515,
    "iptm": 0.8667858839035034,
    "ligand_iptm": 0.754570484161377,
    "protein_iptm": 0.9302095174789429,
    "complex_plddt": 0.8823872208595276,
    "complex_iplddt": 0.7781828045845032,
    "complex_pde": 0.8069333434104919,
    "complex_ipde": 1.8450405597686768,
    "chains_ptm": {
        "0": 0.9668710827827454,
        "1": 0.9666337370872498,
        "2": 0.7799382209777832
    },
    "pair_chains_iptm": {
        "0": {
            "0": 0.9668710827827454,
            "1": 0.9301900267601013,
            "2": 0.45700371265411377
        },
        "1": {
            "0": 0.9302095174789429,
            "1": 0.9666337370872498,
            "2": 0.44977203011512756
        },
        "2": {
            "0": 0.754570484161377,
            "1": 0.7478299736976624,
            "2": 0.7799382209777832
        }
    }
}