{
    "confidence_score": 0.8988986015319824,
    "ptm": 0.9139289855957031,
    "iptm": 0.8731327652931213,
    "ligand_iptm": 0.9495822191238403,
    "protein_iptm": 0.839646577835083,
    "complex_plddt": 0.9053400158882141,
    "complex_iplddt": 0.8304088711738586,
    "complex_pde": 0.3878023326396942,
    "complex_ipde": 0.7982695698738098,
    "chains_ptm": {
        "0": 0.9790139198303223,
        "1": 0.9791821837425232,
        "2": 0.9366037249565125
    },
    "pair_chains_iptm": {
        "0": {
            "0": 0.9790139198303223,
            "1": 0.839646577835083,
            "2": 0.7555983662605286
        },
        "1": {
            "0": 0.8309149146080017,
            "1": 0.9791821837425232,
            "2": 0.7498438358306885
        },
        "2": {
            "0": 0.9268941283226013,
            "1": 0.9495822191238403,
            "2": 0.9366037249565125
        }
    }
}