{
    "confidence_score": 0.885153591632843,
    "ptm": 0.9229079484939575,
    "iptm": 0.8953496217727661,
    "ligand_iptm": 0.83198082447052,
    "protein_iptm": 0.9339957237243652,
    "complex_plddt": 0.8826045989990234,
    "complex_iplddt": 0.7804533839225769,
    "complex_pde": 0.6573359966278076,
    "complex_ipde": 1.3686269521713257,
    "chains_ptm": {
        "0": 0.9701327681541443,
        "1": 0.9695974588394165,
        "2": 0.8048399686813354
    },
    "pair_chains_iptm": {
        "0": {
            "0": 0.9701327681541443,
            "1": 0.9339957237243652,
            "2": 0.517236590385437
        },
        "1": {
            "0": 0.9326863288879395,
            "1": 0.9695974588394165,
            "2": 0.5113847851753235
        },
        "2": {
            "0": 0.83198082447052,
            "1": 0.8260561227798462,
            "2": 0.8048399686813354
        }
    }
}