{
    "confidence_score": 0.8576937913894653,
    "ptm": 0.8991072773933411,
    "iptm": 0.842547595500946,
    "ligand_iptm": 0.9053380489349365,
    "protein_iptm": 0.8140403628349304,
    "complex_plddt": 0.8614803552627563,
    "complex_iplddt": 0.7284576296806335,
    "complex_pde": 0.4597454071044922,
    "complex_ipde": 1.0766929388046265,
    "chains_ptm": {
        "0": 0.974358081817627,
        "1": 0.9780051708221436,
        "2": 0.8964701890945435
    },
    "pair_chains_iptm": {
        "0": {
            "0": 0.974358081817627,
            "1": 0.8106019496917725,
            "2": 0.7096691131591797
        },
        "1": {
            "0": 0.8140403628349304,
            "1": 0.9780051708221436,
            "2": 0.6359065175056458
        },
        "2": {
            "0": 0.9053380489349365,
            "1": 0.8872066140174866,
            "2": 0.8964701890945435
        }
    }
}