{
    "confidence_score": 0.8614658713340759,
    "ptm": 0.8910662531852722,
    "iptm": 0.8438509106636047,
    "ligand_iptm": 0.6976467370986938,
    "protein_iptm": 0.9290698170661926,
    "complex_plddt": 0.8658695220947266,
    "complex_iplddt": 0.7365238666534424,
    "complex_pde": 0.9616766571998596,
    "complex_ipde": 2.23008131980896,
    "chains_ptm": {
        "0": 0.967410683631897,
        "1": 0.9681754112243652,
        "2": 0.7279871106147766
    },
    "pair_chains_iptm": {
        "0": {
            "0": 0.967410683631897,
            "1": 0.925954282283783,
            "2": 0.36014068126678467
        },
        "1": {
            "0": 0.9290698170661926,
            "1": 0.9681754112243652,
            "2": 0.3273794651031494
        },
        "2": {
            "0": 0.6976467370986938,
            "1": 0.6901062726974487,
            "2": 0.7279871106147766
        }
    }
}