{
    "confidence_score": 0.8870403170585632,
    "ptm": 0.9101014733314514,
    "iptm": 0.8725147247314453,
    "ligand_iptm": 0.751436710357666,
    "protein_iptm": 0.9402230978012085,
    "complex_plddt": 0.8906717896461487,
    "complex_iplddt": 0.7957924008369446,
    "complex_pde": 0.778745174407959,
    "complex_ipde": 1.738469123840332,
    "chains_ptm": {
        "0": 0.9727774262428284,
        "1": 0.972490668296814,
        "2": 0.7585042119026184
    },
    "pair_chains_iptm": {
        "0": {
            "0": 0.9727774262428284,
            "1": 0.9402230978012085,
            "2": 0.4288495182991028
        },
        "1": {
            "0": 0.9401105046272278,
            "1": 0.972490668296814,
            "2": 0.4168376326560974
        },
        "2": {
            "0": 0.751436710357666,
            "1": 0.7499837279319763,
            "2": 0.7585042119026184
        }
    }
}