{
    "confidence_score": 0.8387321829795837,
    "ptm": 0.8440103530883789,
    "iptm": 0.7422211170196533,
    "ligand_iptm": 0.8491923809051514,
    "protein_iptm": 0.7028051018714905,
    "complex_plddt": 0.862859845161438,
    "complex_iplddt": 0.7301252484321594,
    "complex_pde": 0.610521137714386,
    "complex_ipde": 1.7359060049057007,
    "chains_ptm": {
        "0": 0.9697296619415283,
        "1": 0.9656026363372803,
        "2": 0.8735024929046631
    },
    "pair_chains_iptm": {
        "0": {
            "0": 0.9697296619415283,
            "1": 0.7028051018714905,
            "2": 0.6280365586280823
        },
        "1": {
            "0": 0.6877175569534302,
            "1": 0.9656026363372803,
            "2": 0.5101848244667053
        },
        "2": {
            "0": 0.8491923809051514,
            "1": 0.8288540244102478,
            "2": 0.8735024929046631
        }
    }
}