{
    "confidence_score": 0.8539896011352539,
    "ptm": 0.9159078598022461,
    "iptm": 0.8794207572937012,
    "ligand_iptm": 0.7563368678092957,
    "protein_iptm": 0.9490819573402405,
    "complex_plddt": 0.8476318120956421,
    "complex_iplddt": 0.6900152564048767,
    "complex_pde": 0.7407082915306091,
    "complex_ipde": 1.6278468370437622,
    "chains_ptm": {
        "0": 0.9754382967948914,
        "1": 0.9719284772872925,
        "2": 0.7507832646369934
    },
    "pair_chains_iptm": {
        "0": {
            "0": 0.9754382967948914,
            "1": 0.9490819573402405,
            "2": 0.429977148771286
        },
        "1": {
            "0": 0.947232723236084,
            "1": 0.9719284772872925,
            "2": 0.4223235547542572
        },
        "2": {
            "0": 0.7555859684944153,
            "1": 0.7563368678092957,
            "2": 0.7507832646369934
        }
    }
}