{
    "confidence_score": 0.8709285855293274,
    "ptm": 0.9041716456413269,
    "iptm": 0.8558695912361145,
    "ligand_iptm": 0.9261785745620728,
    "protein_iptm": 0.8253426551818848,
    "complex_plddt": 0.8746932744979858,
    "complex_iplddt": 0.7463381290435791,
    "complex_pde": 0.40185362100601196,
    "complex_ipde": 0.782874584197998,
    "chains_ptm": {
        "0": 0.9760271310806274,
        "1": 0.9759144186973572,
        "2": 0.8884411454200745
    },
    "pair_chains_iptm": {
        "0": {
            "0": 0.9760271310806274,
            "1": 0.8253426551818848,
            "2": 0.6851536631584167
        },
        "1": {
            "0": 0.8091328144073486,
            "1": 0.9759144186973572,
            "2": 0.6584513187408447
        },
        "2": {
            "0": 0.9261785745620728,
            "1": 0.9255630970001221,
            "2": 0.8884411454200745
        }
    }
}