{
    "confidence_score": 0.8211183547973633,
    "ptm": 0.8072105050086975,
    "iptm": 0.68082594871521,
    "ligand_iptm": 0.8061472177505493,
    "protein_iptm": 0.6299168467521667,
    "complex_plddt": 0.8561913967132568,
    "complex_iplddt": 0.6973984241485596,
    "complex_pde": 0.6530933976173401,
    "complex_ipde": 2.088444471359253,
    "chains_ptm": {
        "0": 0.9694146513938904,
        "1": 0.9708867073059082,
        "2": 0.8323794603347778
    },
    "pair_chains_iptm": {
        "0": {
            "0": 0.9694146513938904,
            "1": 0.6299168467521667,
            "2": 0.582859992980957
        },
        "1": {
            "0": 0.6274025440216064,
            "1": 0.9708867073059082,
            "2": 0.5085242390632629
        },
        "2": {
            "0": 0.7711026072502136,
            "1": 0.8061472177505493,
            "2": 0.8323794603347778
        }
    }
}