{
    "confidence_score": 0.8862005472183228,
    "ptm": 0.9006360769271851,
    "iptm": 0.8614701628684998,
    "ligand_iptm": 0.758237361907959,
    "protein_iptm": 0.9214746356010437,
    "complex_plddt": 0.8923830986022949,
    "complex_iplddt": 0.8049713373184204,
    "complex_pde": 0.7731676697731018,
    "complex_ipde": 1.7012406587600708,
    "chains_ptm": {
        "0": 0.9632815718650818,
        "1": 0.9624617695808411,
        "2": 0.7832338809967041
    },
    "pair_chains_iptm": {
        "0": {
            "0": 0.9632815718650818,
            "1": 0.9214746356010437,
            "2": 0.49044814705848694
        },
        "1": {
            "0": 0.9179306030273438,
            "1": 0.9624617695808411,
            "2": 0.4840766489505768
        },
        "2": {
            "0": 0.758237361907959,
            "1": 0.756255567073822,
            "2": 0.7832338809967041
        }
    }
}