{
    "confidence_score": 0.888067901134491,
    "ptm": 0.922814667224884,
    "iptm": 0.8951541781425476,
    "ligand_iptm": 0.8153101801872253,
    "protein_iptm": 0.9416672587394714,
    "complex_plddt": 0.8862963914871216,
    "complex_iplddt": 0.782758355140686,
    "complex_pde": 0.661202609539032,
    "complex_ipde": 1.3607558012008667,
    "chains_ptm": {
        "0": 0.9708496928215027,
        "1": 0.9688491821289062,
        "2": 0.8120805025100708
    },
    "pair_chains_iptm": {
        "0": {
            "0": 0.9708496928215027,
            "1": 0.9416672587394714,
            "2": 0.4835943281650543
        },
        "1": {
            "0": 0.941259503364563,
            "1": 0.9688491821289062,
            "2": 0.5187257528305054
        },
        "2": {
            "0": 0.8133512735366821,
            "1": 0.8153101801872253,
            "2": 0.8120805025100708
        }
    }
}