{
    "confidence_score": 0.8260329365730286,
    "ptm": 0.798588752746582,
    "iptm": 0.6609155535697937,
    "ligand_iptm": 0.7733596563339233,
    "protein_iptm": 0.6143400073051453,
    "complex_plddt": 0.8673123121261597,
    "complex_iplddt": 0.7397124171257019,
    "complex_pde": 0.7259664535522461,
    "complex_ipde": 2.285735845565796,
    "chains_ptm": {
        "0": 0.9691668152809143,
        "1": 0.9711191654205322,
        "2": 0.8159934282302856
    },
    "pair_chains_iptm": {
        "0": {
            "0": 0.9691668152809143,
            "1": 0.6143400073051453,
            "2": 0.5786796808242798
        },
        "1": {
            "0": 0.6014502644538879,
            "1": 0.9711191654205322,
            "2": 0.511063277721405
        },
        "2": {
            "0": 0.7733596563339233,
            "1": 0.7710245847702026,
            "2": 0.8159934282302856
        }
    }
}