{
    "confidence_score": 0.8818129897117615,
    "ptm": 0.9162057638168335,
    "iptm": 0.8837616443634033,
    "ligand_iptm": 0.7828776240348816,
    "protein_iptm": 0.9418891668319702,
    "complex_plddt": 0.8813257813453674,
    "complex_iplddt": 0.7747951149940491,
    "complex_pde": 0.7456805109977722,
    "complex_ipde": 1.6097025871276855,
    "chains_ptm": {
        "0": 0.9673219323158264,
        "1": 0.9672279953956604,
        "2": 0.7663079500198364
    },
    "pair_chains_iptm": {
        "0": {
            "0": 0.9673219323158264,
            "1": 0.9406341314315796,
            "2": 0.4517558217048645
        },
        "1": {
            "0": 0.9418891668319702,
            "1": 0.9672279953956604,
            "2": 0.4746151566505432
        },
        "2": {
            "0": 0.7828776240348816,
            "1": 0.7828530073165894,
            "2": 0.7663079500198364
        }
    }
}