{
    "confidence_score": 0.8826665282249451,
    "ptm": 0.9100103378295898,
    "iptm": 0.8749997019767761,
    "ligand_iptm": 0.8075576424598694,
    "protein_iptm": 0.9155234098434448,
    "complex_plddt": 0.8845832347869873,
    "complex_iplddt": 0.7833057045936584,
    "complex_pde": 0.6518679857254028,
    "complex_ipde": 1.356576681137085,
    "chains_ptm": {
        "0": 0.9712124466896057,
        "1": 0.9701424241065979,
        "2": 0.7954750657081604
    },
    "pair_chains_iptm": {
        "0": {
            "0": 0.9712124466896057,
            "1": 0.9155234098434448,
            "2": 0.49403586983680725
        },
        "1": {
            "0": 0.9129682779312134,
            "1": 0.9701424241065979,
            "2": 0.5238739848136902
        },
        "2": {
            "0": 0.8075576424598694,
            "1": 0.8021342158317566,
            "2": 0.7954750657081604
        }
    }
}