{
    "confidence_score": 0.8812915086746216,
    "ptm": 0.9195332527160645,
    "iptm": 0.8887593150138855,
    "ligand_iptm": 0.7991737127304077,
    "protein_iptm": 0.9398354291915894,
    "complex_plddt": 0.8794245719909668,
    "complex_iplddt": 0.7759762406349182,
    "complex_pde": 0.7021170258522034,
    "complex_ipde": 1.550107717514038,
    "chains_ptm": {
        "0": 0.9723860025405884,
        "1": 0.9709140658378601,
        "2": 0.7592819929122925
    },
    "pair_chains_iptm": {
        "0": {
            "0": 0.9723860025405884,
            "1": 0.9398354291915894,
            "2": 0.4724341630935669
        },
        "1": {
            "0": 0.9384036064147949,
            "1": 0.9709140658378601,
            "2": 0.460374116897583
        },
        "2": {
            "0": 0.7991737127304077,
            "1": 0.7948222160339355,
            "2": 0.7592819929122925
        }
    }
}