{
    "confidence_score": 0.823394775390625,
    "ptm": 0.8524085879325867,
    "iptm": 0.7584800720214844,
    "ligand_iptm": 0.8681455254554749,
    "protein_iptm": 0.7013905048370361,
    "complex_plddt": 0.8396234512329102,
    "complex_iplddt": 0.6772575378417969,
    "complex_pde": 0.5848891735076904,
    "complex_ipde": 1.5989978313446045,
    "chains_ptm": {
        "0": 0.969038188457489,
        "1": 0.9698805212974548,
        "2": 0.8651200532913208
    },
    "pair_chains_iptm": {
        "0": {
            "0": 0.969038188457489,
            "1": 0.6973738074302673,
            "2": 0.6720661520957947
        },
        "1": {
            "0": 0.7013905048370361,
            "1": 0.9698805212974548,
            "2": 0.5262843370437622
        },
        "2": {
            "0": 0.8681455254554749,
            "1": 0.8116779923439026,
            "2": 0.8651200532913208
        }
    }
}