{
    "confidence_score": 0.868125855922699,
    "ptm": 0.9159388542175293,
    "iptm": 0.8659470677375793,
    "ligand_iptm": 0.9271690845489502,
    "protein_iptm": 0.8406811356544495,
    "complex_plddt": 0.8686704635620117,
    "complex_iplddt": 0.7417553067207336,
    "complex_pde": 0.40700259804725647,
    "complex_ipde": 0.9197767972946167,
    "chains_ptm": {
        "0": 0.9786767959594727,
        "1": 0.9773945808410645,
        "2": 0.9125081896781921
    },
    "pair_chains_iptm": {
        "0": {
            "0": 0.9786767959594727,
            "1": 0.8406811356544495,
            "2": 0.7680966258049011
        },
        "1": {
            "0": 0.832604169845581,
            "1": 0.9773945808410645,
            "2": 0.6914904117584229
        },
        "2": {
            "0": 0.9271690845489502,
            "1": 0.9200774431228638,
            "2": 0.9125081896781921
        }
    }
}