{
    "confidence_score": 0.8950115442276001,
    "ptm": 0.9257029891014099,
    "iptm": 0.8975654244422913,
    "ligand_iptm": 0.8212683200836182,
    "protein_iptm": 0.9431006908416748,
    "complex_plddt": 0.8943730592727661,
    "complex_iplddt": 0.8049505949020386,
    "complex_pde": 0.6601056456565857,
    "complex_ipde": 1.4020304679870605,
    "chains_ptm": {
        "0": 0.973229706287384,
        "1": 0.972584068775177,
        "2": 0.796708345413208
    },
    "pair_chains_iptm": {
        "0": {
            "0": 0.973229706287384,
            "1": 0.9431006908416748,
            "2": 0.5345409512519836
        },
        "1": {
            "0": 0.9412186145782471,
            "1": 0.972584068775177,
            "2": 0.5105084180831909
        },
        "2": {
            "0": 0.8212683200836182,
            "1": 0.8127222061157227,
            "2": 0.796708345413208
        }
    }
}