{
    "confidence_score": 0.852796196937561,
    "ptm": 0.8755425810813904,
    "iptm": 0.8194348812103271,
    "ligand_iptm": 0.9039863348007202,
    "protein_iptm": 0.7823999524116516,
    "complex_plddt": 0.8611365556716919,
    "complex_iplddt": 0.71122807264328,
    "complex_pde": 0.4940347671508789,
    "complex_ipde": 1.2740309238433838,
    "chains_ptm": {
        "0": 0.9720451831817627,
        "1": 0.9772375226020813,
        "2": 0.868838906288147
    },
    "pair_chains_iptm": {
        "0": {
            "0": 0.9720451831817627,
            "1": 0.7823999524116516,
            "2": 0.6141946911811829
        },
        "1": {
            "0": 0.7631277441978455,
            "1": 0.9772375226020813,
            "2": 0.6188305020332336
        },
        "2": {
            "0": 0.8563521504402161,
            "1": 0.9039863348007202,
            "2": 0.868838906288147
        }
    }
}