{
    "confidence_score": 0.8814378976821899,
    "ptm": 0.9102421402931213,
    "iptm": 0.8752913475036621,
    "ligand_iptm": 0.7845107316970825,
    "protein_iptm": 0.92963045835495,
    "complex_plddt": 0.8829745054244995,
    "complex_iplddt": 0.7882954478263855,
    "complex_pde": 0.761400043964386,
    "complex_ipde": 1.702940583229065,
    "chains_ptm": {
        "0": 0.9693173766136169,
        "1": 0.9679564833641052,
        "2": 0.7746402025222778
    },
    "pair_chains_iptm": {
        "0": {
            "0": 0.9693173766136169,
            "1": 0.92963045835495,
            "2": 0.4671347141265869
        },
        "1": {
            "0": 0.9271908402442932,
            "1": 0.9679564833641052,
            "2": 0.4542255103588104
        },
        "2": {
            "0": 0.7845107316970825,
            "1": 0.7755661010742188,
            "2": 0.7746402025222778
        }
    }
}