{
    "confidence_score": 0.8831433653831482,
    "ptm": 0.963180661201477,
    "iptm": 0.9506657123565674,
    "ligand_iptm": 0.9706364274024963,
    "protein_iptm": 0.944882869720459,
    "complex_plddt": 0.8662627339363098,
    "complex_iplddt": 0.7756186723709106,
    "complex_pde": 0.31735438108444214,
    "complex_ipde": 0.4566781222820282,
    "chains_ptm": {
        "0": 0.9808299541473389,
        "1": 0.9858637452125549,
        "2": 0.9400761127471924
    },
    "pair_chains_iptm": {
        "0": {
            "0": 0.9808299541473389,
            "1": 0.944882869720459,
            "2": 0.8396285772323608
        },
        "1": {
            "0": 0.9326336979866028,
            "1": 0.9858637452125549,
            "2": 0.8068287372589111
        },
        "2": {
            "0": 0.9706364274024963,
            "1": 0.9638681411743164,
            "2": 0.9400761127471924
        }
    }
}