{
    "confidence_score": 0.8606013655662537,
    "ptm": 0.90394127368927,
    "iptm": 0.8632538318634033,
    "ligand_iptm": 0.7424605488777161,
    "protein_iptm": 0.9345078468322754,
    "complex_plddt": 0.8599382042884827,
    "complex_iplddt": 0.7265871167182922,
    "complex_pde": 0.7939501404762268,
    "complex_ipde": 1.7957231998443604,
    "chains_ptm": {
        "0": 0.9687985777854919,
        "1": 0.9699934124946594,
        "2": 0.7631582617759705
    },
    "pair_chains_iptm": {
        "0": {
            "0": 0.9687985777854919,
            "1": 0.9329583644866943,
            "2": 0.4409415125846863
        },
        "1": {
            "0": 0.9345078468322754,
            "1": 0.9699934124946594,
            "2": 0.4481428265571594
        },
        "2": {
            "0": 0.7424605488777161,
            "1": 0.7400006055831909,
            "2": 0.7631582617759705
        }
    }
}