{
    "confidence_score": 0.8694511651992798,
    "ptm": 0.950614333152771,
    "iptm": 0.9290915727615356,
    "ligand_iptm": 0.963483989238739,
    "protein_iptm": 0.9201788306236267,
    "complex_plddt": 0.854541003704071,
    "complex_iplddt": 0.7435089945793152,
    "complex_pde": 0.3294216990470886,
    "complex_ipde": 0.5345441699028015,
    "chains_ptm": {
        "0": 0.9794922471046448,
        "1": 0.9849281907081604,
        "2": 0.9305304288864136
    },
    "pair_chains_iptm": {
        "0": {
            "0": 0.9794922471046448,
            "1": 0.9201788306236267,
            "2": 0.814403772354126
        },
        "1": {
            "0": 0.9133334159851074,
            "1": 0.9849281907081604,
            "2": 0.7757949233055115
        },
        "2": {
            "0": 0.963483989238739,
            "1": 0.9490312933921814,
            "2": 0.9305304288864136
        }
    }
}