{
    "confidence_score": 0.8808998465538025,
    "ptm": 0.8916062712669373,
    "iptm": 0.8400648236274719,
    "ligand_iptm": 0.9264078736305237,
    "protein_iptm": 0.8022449612617493,
    "complex_plddt": 0.891108512878418,
    "complex_iplddt": 0.7868736386299133,
    "complex_pde": 0.4350135326385498,
    "complex_ipde": 0.9488592147827148,
    "chains_ptm": {
        "0": 0.975430428981781,
        "1": 0.9790771007537842,
        "2": 0.9090527892112732
    },
    "pair_chains_iptm": {
        "0": {
            "0": 0.975430428981781,
            "1": 0.8022449612617493,
            "2": 0.641185998916626
        },
        "1": {
            "0": 0.7860417366027832,
            "1": 0.9790771007537842,
            "2": 0.6740636825561523
        },
        "2": {
            "0": 0.8951905965805054,
            "1": 0.9264078736305237,
            "2": 0.9090527892112732
        }
    }
}