{
    "confidence_score": 0.857555091381073,
    "ptm": 0.9153211712837219,
    "iptm": 0.8729461431503296,
    "ligand_iptm": 0.9269657135009766,
    "protein_iptm": 0.8594114184379578,
    "complex_plddt": 0.8537073135375977,
    "complex_iplddt": 0.7213335037231445,
    "complex_pde": 0.44333600997924805,
    "complex_ipde": 0.9821312427520752,
    "chains_ptm": {
        "0": 0.9753454923629761,
        "1": 0.9756381511688232,
        "2": 0.9001095294952393
    },
    "pair_chains_iptm": {
        "0": {
            "0": 0.9753454923629761,
            "1": 0.8594114184379578,
            "2": 0.7439135909080505
        },
        "1": {
            "0": 0.8386889696121216,
            "1": 0.9756381511688232,
            "2": 0.6463651061058044
        },
        "2": {
            "0": 0.9269657135009766,
            "1": 0.9090530872344971,
            "2": 0.9001095294952393
        }
    }
}