{
    "confidence_score": 0.8804848790168762,
    "ptm": 0.944772481918335,
    "iptm": 0.9219886064529419,
    "ligand_iptm": 0.9624133110046387,
    "protein_iptm": 0.9054544568061829,
    "complex_plddt": 0.870108962059021,
    "complex_iplddt": 0.7706484198570251,
    "complex_pde": 0.37862837314605713,
    "complex_ipde": 0.7087035179138184,
    "chains_ptm": {
        "0": 0.9748100638389587,
        "1": 0.981579601764679,
        "2": 0.9375337958335876
    },
    "pair_chains_iptm": {
        "0": {
            "0": 0.9748100638389587,
            "1": 0.9017186760902405,
            "2": 0.8051767945289612
        },
        "1": {
            "0": 0.9054544568061829,
            "1": 0.981579601764679,
            "2": 0.7510231733322144
        },
        "2": {
            "0": 0.9624133110046387,
            "1": 0.9387191534042358,
            "2": 0.9375337958335876
        }
    }
}