{
    "confidence_score": 0.8713159561157227,
    "ptm": 0.9108967781066895,
    "iptm": 0.8774446249008179,
    "ligand_iptm": 0.7776579856872559,
    "protein_iptm": 0.935391366481781,
    "complex_plddt": 0.8697838187217712,
    "complex_iplddt": 0.7422032952308655,
    "complex_pde": 0.7422328591346741,
    "complex_ipde": 1.5664387941360474,
    "chains_ptm": {
        "0": 0.9679461121559143,
        "1": 0.9671217799186707,
        "2": 0.772070586681366
    },
    "pair_chains_iptm": {
        "0": {
            "0": 0.9679461121559143,
            "1": 0.935391366481781,
            "2": 0.43086177110671997
        },
        "1": {
            "0": 0.9352468848228455,
            "1": 0.9671217799186707,
            "2": 0.4386821687221527
        },
        "2": {
            "0": 0.7776579856872559,
            "1": 0.7769811749458313,
            "2": 0.772070586681366
        }
    }
}