{
    "confidence_score": 0.8441149592399597,
    "ptm": 0.8576412796974182,
    "iptm": 0.7666857838630676,
    "ligand_iptm": 0.8499837517738342,
    "protein_iptm": 0.723615288734436,
    "complex_plddt": 0.8634722828865051,
    "complex_iplddt": 0.7157264351844788,
    "complex_pde": 0.5644738078117371,
    "complex_ipde": 1.5902987718582153,
    "chains_ptm": {
        "0": 0.9701364040374756,
        "1": 0.9751293659210205,
        "2": 0.8819541335105896
    },
    "pair_chains_iptm": {
        "0": {
            "0": 0.9701364040374756,
            "1": 0.7155053615570068,
            "2": 0.6088656783103943
        },
        "1": {
            "0": 0.723615288734436,
            "1": 0.9751293659210205,
            "2": 0.5624212622642517
        },
        "2": {
            "0": 0.8499837517738342,
            "1": 0.8486424684524536,
            "2": 0.8819541335105896
        }
    }
}