{
    "confidence_score": 0.8785945773124695,
    "ptm": 0.9228231310844421,
    "iptm": 0.8945139050483704,
    "ligand_iptm": 0.8066949844360352,
    "protein_iptm": 0.9443879127502441,
    "complex_plddt": 0.8746147155761719,
    "complex_iplddt": 0.7500438690185547,
    "complex_pde": 0.6932077407836914,
    "complex_ipde": 1.4589980840682983,
    "chains_ptm": {
        "0": 0.9708163142204285,
        "1": 0.9694911241531372,
        "2": 0.7871116995811462
    },
    "pair_chains_iptm": {
        "0": {
            "0": 0.9708163142204285,
            "1": 0.9443879127502441,
            "2": 0.46718236804008484
        },
        "1": {
            "0": 0.9430693984031677,
            "1": 0.9694911241531372,
            "2": 0.47051846981048584
        },
        "2": {
            "0": 0.8066949844360352,
            "1": 0.8059523105621338,
            "2": 0.7871116995811462
        }
    }
}