{
    "confidence_score": 0.8708856701850891,
    "ptm": 0.9260044693946838,
    "iptm": 0.8969541788101196,
    "ligand_iptm": 0.9339069128036499,
    "protein_iptm": 0.8807682991027832,
    "complex_plddt": 0.8643684983253479,
    "complex_iplddt": 0.7311140894889832,
    "complex_pde": 0.40915796160697937,
    "complex_ipde": 0.8449440002441406,
    "chains_ptm": {
        "0": 0.9781838059425354,
        "1": 0.9786579012870789,
        "2": 0.9117615222930908
    },
    "pair_chains_iptm": {
        "0": {
            "0": 0.9781838059425354,
            "1": 0.8807682991027832,
            "2": 0.739134669303894
        },
        "1": {
            "0": 0.8615000247955322,
            "1": 0.9786579012870789,
            "2": 0.7019803524017334
        },
        "2": {
            "0": 0.9226407408714294,
            "1": 0.9339069128036499,
            "2": 0.9117615222930908
        }
    }
}