{
    "confidence_score": 0.8285436034202576,
    "ptm": 0.9488738179206848,
    "iptm": 0.9273305535316467,
    "ligand_iptm": 0.9700653553009033,
    "protein_iptm": 0.9128036499023438,
    "complex_plddt": 0.8038467764854431,
    "complex_iplddt": 0.618267297744751,
    "complex_pde": 0.326955109834671,
    "complex_ipde": 0.531365692615509,
    "chains_ptm": {
        "0": 0.9806016683578491,
        "1": 0.984085738658905,
        "2": 0.9523588418960571
    },
    "pair_chains_iptm": {
        "0": {
            "0": 0.9806016683578491,
            "1": 0.9128036499023438,
            "2": 0.7867230772972107
        },
        "1": {
            "0": 0.901566207408905,
            "1": 0.984085738658905,
            "2": 0.7224366068840027
        },
        "2": {
            "0": 0.9700653553009033,
            "1": 0.9604955911636353,
            "2": 0.9523588418960571
        }
    }
}