{
    "confidence_score": 0.8837295770645142,
    "ptm": 0.9002557992935181,
    "iptm": 0.8621355295181274,
    "ligand_iptm": 0.7471376657485962,
    "protein_iptm": 0.9267999529838562,
    "complex_plddt": 0.8891280293464661,
    "complex_iplddt": 0.7919201850891113,
    "complex_pde": 0.7956835031509399,
    "complex_ipde": 1.8281595706939697,
    "chains_ptm": {
        "0": 0.967162549495697,
        "1": 0.9672591090202332,
        "2": 0.7519088983535767
    },
    "pair_chains_iptm": {
        "0": {
            "0": 0.967162549495697,
            "1": 0.9267999529838562,
            "2": 0.42816027998924255
        },
        "1": {
            "0": 0.9260367155075073,
            "1": 0.9672591090202332,
            "2": 0.418223112821579
        },
        "2": {
            "0": 0.7471376657485962,
            "1": 0.7376487255096436,
            "2": 0.7519088983535767
        }
    }
}