{
    "confidence_score": 0.8547444343566895,
    "ptm": 0.8855292797088623,
    "iptm": 0.8192752599716187,
    "ligand_iptm": 0.8882260918617249,
    "protein_iptm": 0.7931804060935974,
    "complex_plddt": 0.8636117577552795,
    "complex_iplddt": 0.7321427464485168,
    "complex_pde": 0.5025553107261658,
    "complex_ipde": 1.2351449728012085,
    "chains_ptm": {
        "0": 0.9720045924186707,
        "1": 0.9755613803863525,
        "2": 0.880634605884552
    },
    "pair_chains_iptm": {
        "0": {
            "0": 0.9720045924186707,
            "1": 0.7931804060935974,
            "2": 0.6593484282493591
        },
        "1": {
            "0": 0.7820085883140564,
            "1": 0.9755613803863525,
            "2": 0.5589033961296082
        },
        "2": {
            "0": 0.8785450458526611,
            "1": 0.8882260918617249,
            "2": 0.880634605884552
        }
    }
}