{
    "confidence_score": 0.8545846343040466,
    "ptm": 0.8862329721450806,
    "iptm": 0.8420926332473755,
    "ligand_iptm": 0.7646384835243225,
    "protein_iptm": 0.8873754143714905,
    "complex_plddt": 0.8577076196670532,
    "complex_iplddt": 0.722473680973053,
    "complex_pde": 0.7738207578659058,
    "complex_ipde": 1.7872685194015503,
    "chains_ptm": {
        "0": 0.9661054015159607,
        "1": 0.9640966057777405,
        "2": 0.7789060473442078
    },
    "pair_chains_iptm": {
        "0": {
            "0": 0.9661054015159607,
            "1": 0.8873754143714905,
            "2": 0.46870115399360657
        },
        "1": {
            "0": 0.8831026554107666,
            "1": 0.9640966057777405,
            "2": 0.4991671144962311
        },
        "2": {
            "0": 0.7584583759307861,
            "1": 0.7646384835243225,
            "2": 0.7789060473442078
        }
    }
}