{
    "confidence_score": 0.8805963397026062,
    "ptm": 0.9174850583076477,
    "iptm": 0.8835751414299011,
    "ligand_iptm": 0.7864468097686768,
    "protein_iptm": 0.9421705007553101,
    "complex_plddt": 0.8798516392707825,
    "complex_iplddt": 0.7714874744415283,
    "complex_pde": 0.703403115272522,
    "complex_ipde": 1.5340741872787476,
    "chains_ptm": {
        "0": 0.9739576578140259,
        "1": 0.973153829574585,
        "2": 0.7467523813247681
    },
    "pair_chains_iptm": {
        "0": {
            "0": 0.9739576578140259,
            "1": 0.9421705007553101,
            "2": 0.4477083683013916
        },
        "1": {
            "0": 0.9396764039993286,
            "1": 0.973153829574585,
            "2": 0.4391413629055023
        },
        "2": {
            "0": 0.7864468097686768,
            "1": 0.7796465158462524,
            "2": 0.7467523813247681
        }
    }
}