{
    "confidence_score": 0.8669390082359314,
    "ptm": 0.9022199511528015,
    "iptm": 0.8628731966018677,
    "ligand_iptm": 0.7459027171134949,
    "protein_iptm": 0.9312644004821777,
    "complex_plddt": 0.8679553866386414,
    "complex_iplddt": 0.735708475112915,
    "complex_pde": 0.7850885391235352,
    "complex_ipde": 1.722404956817627,
    "chains_ptm": {
        "0": 0.9670616984367371,
        "1": 0.9678083658218384,
        "2": 0.7664487957954407
    },
    "pair_chains_iptm": {
        "0": {
            "0": 0.9670616984367371,
            "1": 0.930550217628479,
            "2": 0.4449365437030792
        },
        "1": {
            "0": 0.9312644004821777,
            "1": 0.9678083658218384,
            "2": 0.4515545666217804
        },
        "2": {
            "0": 0.7411310076713562,
            "1": 0.7459027171134949,
            "2": 0.7664487957954407
        }
    }
}