{
    "confidence_score": 0.8369144797325134,
    "ptm": 0.8604691624641418,
    "iptm": 0.7744823694229126,
    "ligand_iptm": 0.8637738227844238,
    "protein_iptm": 0.7404415607452393,
    "complex_plddt": 0.8525224924087524,
    "complex_iplddt": 0.6933571696281433,
    "complex_pde": 0.5554851293563843,
    "complex_ipde": 1.4931161403656006,
    "chains_ptm": {
        "0": 0.9715770483016968,
        "1": 0.9754881858825684,
        "2": 0.8641502857208252
    },
    "pair_chains_iptm": {
        "0": {
            "0": 0.9715770483016968,
            "1": 0.7403115034103394,
            "2": 0.6129862666130066
        },
        "1": {
            "0": 0.7404415607452393,
            "1": 0.9754881858825684,
            "2": 0.565110445022583
        },
        "2": {
            "0": 0.8411683440208435,
            "1": 0.8637738227844238,
            "2": 0.8641502857208252
        }
    }
}