{
    "confidence_score": 0.8787820935249329,
    "ptm": 0.9202616810798645,
    "iptm": 0.8897376656532288,
    "ligand_iptm": 0.7997469902038574,
    "protein_iptm": 0.9430117607116699,
    "complex_plddt": 0.8760431408882141,
    "complex_iplddt": 0.755966067314148,
    "complex_pde": 0.7040613889694214,
    "complex_ipde": 1.5154438018798828,
    "chains_ptm": {
        "0": 0.9692322015762329,
        "1": 0.9708582758903503,
        "2": 0.7944412231445312
    },
    "pair_chains_iptm": {
        "0": {
            "0": 0.9692322015762329,
            "1": 0.9425362348556519,
            "2": 0.4776145815849304
        },
        "1": {
            "0": 0.9430117607116699,
            "1": 0.9708582758903503,
            "2": 0.4918915331363678
        },
        "2": {
            "0": 0.7997469902038574,
            "1": 0.7963056564331055,
            "2": 0.7944412231445312
        }
    }
}