{
    "confidence_score": 0.8896002769470215,
    "ptm": 0.9220083951950073,
    "iptm": 0.8904896974563599,
    "ligand_iptm": 0.7983697056770325,
    "protein_iptm": 0.9468269944190979,
    "complex_plddt": 0.8893778920173645,
    "complex_iplddt": 0.787891149520874,
    "complex_pde": 0.6790804266929626,
    "complex_ipde": 1.3860173225402832,
    "chains_ptm": {
        "0": 0.9726533889770508,
        "1": 0.9694294333457947,
        "2": 0.7751815319061279
    },
    "pair_chains_iptm": {
        "0": {
            "0": 0.9726533889770508,
            "1": 0.9455808997154236,
            "2": 0.46779459714889526
        },
        "1": {
            "0": 0.9468269944190979,
            "1": 0.9694294333457947,
            "2": 0.47084009647369385
        },
        "2": {
            "0": 0.7983697056770325,
            "1": 0.7941386103630066,
            "2": 0.7751815319061279
        }
    }
}