{
    "confidence_score": 0.8509439826011658,
    "ptm": 0.8746148943901062,
    "iptm": 0.7956077456474304,
    "ligand_iptm": 0.8816596269607544,
    "protein_iptm": 0.7510942816734314,
    "complex_plddt": 0.8647780418395996,
    "complex_iplddt": 0.7301505208015442,
    "complex_pde": 0.5683493614196777,
    "complex_ipde": 1.5740829706192017,
    "chains_ptm": {
        "0": 0.9725990891456604,
        "1": 0.971451997756958,
        "2": 0.8511021137237549
    },
    "pair_chains_iptm": {
        "0": {
            "0": 0.9725990891456604,
            "1": 0.7509831786155701,
            "2": 0.6597892642021179
        },
        "1": {
            "0": 0.7510942816734314,
            "1": 0.971451997756958,
            "2": 0.5329281091690063
        },
        "2": {
            "0": 0.8816596269607544,
            "1": 0.8160208463668823,
            "2": 0.8511021137237549
        }
    }
}