{
    "confidence_score": 0.8835923075675964,
    "ptm": 0.9236502051353455,
    "iptm": 0.894684374332428,
    "ligand_iptm": 0.8147952556610107,
    "protein_iptm": 0.9408480525016785,
    "complex_plddt": 0.8808192610740662,
    "complex_iplddt": 0.7797533273696899,
    "complex_pde": 0.6501116156578064,
    "complex_ipde": 1.3650363683700562,
    "chains_ptm": {
        "0": 0.9686893820762634,
        "1": 0.9697252511978149,
        "2": 0.815986156463623
    },
    "pair_chains_iptm": {
        "0": {
            "0": 0.9686893820762634,
            "1": 0.9408480525016785,
            "2": 0.5461207032203674
        },
        "1": {
            "0": 0.9406532645225525,
            "1": 0.9697252511978149,
            "2": 0.553827166557312
        },
        "2": {
            "0": 0.8145141005516052,
            "1": 0.8147952556610107,
            "2": 0.815986156463623
        }
    }
}