{
    "confidence_score": 0.8832659721374512,
    "ptm": 0.9192445874214172,
    "iptm": 0.8878964185714722,
    "ligand_iptm": 0.8081964254379272,
    "protein_iptm": 0.9362739324569702,
    "complex_plddt": 0.8821083307266235,
    "complex_iplddt": 0.7873505353927612,
    "complex_pde": 0.7088701128959656,
    "complex_ipde": 1.5402207374572754,
    "chains_ptm": {
        "0": 0.971404492855072,
        "1": 0.9696700572967529,
        "2": 0.7787668108940125
    },
    "pair_chains_iptm": {
        "0": {
            "0": 0.971404492855072,
            "1": 0.9362739324569702,
            "2": 0.4873875677585602
        },
        "1": {
            "0": 0.9340036511421204,
            "1": 0.9696700572967529,
            "2": 0.4707290530204773
        },
        "2": {
            "0": 0.8081964254379272,
            "1": 0.7995575070381165,
            "2": 0.7787668108940125
        }
    }
}