{
    "confidence_score": 0.7292489409446716,
    "ptm": 0.6972683668136597,
    "iptm": 0.5436699986457825,
    "ligand_iptm": 0.8966260552406311,
    "protein_iptm": 0.40739452838897705,
    "complex_plddt": 0.7756437063217163,
    "complex_iplddt": 0.4991846978664398,
    "complex_pde": 1.082419514656067,
    "complex_ipde": 4.398144721984863,
    "chains_ptm": {
        "0": 0.9629267454147339,
        "1": 0.9756651520729065,
        "2": 0.8867771029472351
    },
    "pair_chains_iptm": {
        "0": {
            "0": 0.9629267454147339,
            "1": 0.40739452838897705,
            "2": 0.20194068551063538
        },
        "1": {
            "0": 0.39417821168899536,
            "1": 0.9756651520729065,
            "2": 0.6790671348571777
        },
        "2": {
            "0": 0.3147711157798767,
            "1": 0.8966260552406311,
            "2": 0.8867771029472351
        }
    }
}