{
    "confidence_score": 0.8243443369865417,
    "ptm": 0.8921216130256653,
    "iptm": 0.828813910484314,
    "ligand_iptm": 0.8918465971946716,
    "protein_iptm": 0.8038709759712219,
    "complex_plddt": 0.8232269287109375,
    "complex_iplddt": 0.6262174844741821,
    "complex_pde": 0.4681834876537323,
    "complex_ipde": 1.1469883918762207,
    "chains_ptm": {
        "0": 0.9746749401092529,
        "1": 0.9767465591430664,
        "2": 0.8894546031951904
    },
    "pair_chains_iptm": {
        "0": {
            "0": 0.9746749401092529,
            "1": 0.8038709759712219,
            "2": 0.6785438060760498
        },
        "1": {
            "0": 0.7953547239303589,
            "1": 0.9767465591430664,
            "2": 0.6288208961486816
        },
        "2": {
            "0": 0.8918465971946716,
            "1": 0.8799488544464111,
            "2": 0.8894546031951904
        }
    }
}