{
    "confidence_score": 0.8804794549942017,
    "ptm": 0.913008987903595,
    "iptm": 0.8814131021499634,
    "ligand_iptm": 0.788533627986908,
    "protein_iptm": 0.9338107705116272,
    "complex_plddt": 0.8802459836006165,
    "complex_iplddt": 0.770271360874176,
    "complex_pde": 0.7438177466392517,
    "complex_ipde": 1.6367464065551758,
    "chains_ptm": {
        "0": 0.9689883589744568,
        "1": 0.9701157212257385,
        "2": 0.7722101807594299
    },
    "pair_chains_iptm": {
        "0": {
            "0": 0.9689883589744568,
            "1": 0.9338107705116272,
            "2": 0.46222102642059326
        },
        "1": {
            "0": 0.9337280988693237,
            "1": 0.9701157212257385,
            "2": 0.44463425874710083
        },
        "2": {
            "0": 0.788533627986908,
            "1": 0.7831310629844666,
            "2": 0.7722101807594299
        }
    }
}