{
    "confidence_score": 0.819902241230011,
    "ptm": 0.8391761779785156,
    "iptm": 0.7343172430992126,
    "ligand_iptm": 0.8294116258621216,
    "protein_iptm": 0.6853145956993103,
    "complex_plddt": 0.841298520565033,
    "complex_iplddt": 0.6677396297454834,
    "complex_pde": 0.656751811504364,
    "complex_ipde": 1.9564766883850098,
    "chains_ptm": {
        "0": 0.9699023365974426,
        "1": 0.9720854759216309,
        "2": 0.8320658802986145
    },
    "pair_chains_iptm": {
        "0": {
            "0": 0.9699023365974426,
            "1": 0.6731138229370117,
            "2": 0.6168907880783081
        },
        "1": {
            "0": 0.6853145956993103,
            "1": 0.9720854759216309,
            "2": 0.495259165763855
        },
        "2": {
            "0": 0.8294116258621216,
            "1": 0.7770708203315735,
            "2": 0.8320658802986145
        }
    }
}