{
    "confidence_score": 0.8261793255805969,
    "ptm": 0.9231337904930115,
    "iptm": 0.8794910907745361,
    "ligand_iptm": 0.9271135330200195,
    "protein_iptm": 0.8623259663581848,
    "complex_plddt": 0.8128513097763062,
    "complex_iplddt": 0.6288541555404663,
    "complex_pde": 0.42584535479545593,
    "complex_ipde": 0.9717169404029846,
    "chains_ptm": {
        "0": 0.977655291557312,
        "1": 0.9796596169471741,
        "2": 0.87627112865448
    },
    "pair_chains_iptm": {
        "0": {
            "0": 0.977655291557312,
            "1": 0.8623259663581848,
            "2": 0.7305723428726196
        },
        "1": {
            "0": 0.8537244200706482,
            "1": 0.9796596169471741,
            "2": 0.6497061252593994
        },
        "2": {
            "0": 0.9271135330200195,
            "1": 0.8997949957847595,
            "2": 0.87627112865448
        }
    }
}