{
    "confidence_score": 0.8640036582946777,
    "ptm": 0.8972263336181641,
    "iptm": 0.8540036082267761,
    "ligand_iptm": 0.7282646298408508,
    "protein_iptm": 0.9273328185081482,
    "complex_plddt": 0.8665036559104919,
    "complex_iplddt": 0.745625376701355,
    "complex_pde": 0.8607592582702637,
    "complex_ipde": 1.9963048696517944,
    "chains_ptm": {
        "0": 0.9674960970878601,
        "1": 0.9674708843231201,
        "2": 0.7524325847625732
    },
    "pair_chains_iptm": {
        "0": {
            "0": 0.9674960970878601,
            "1": 0.9273328185081482,
            "2": 0.41433054208755493
        },
        "1": {
            "0": 0.925086259841919,
            "1": 0.9674708843231201,
            "2": 0.406537801027298
        },
        "2": {
            "0": 0.7282646298408508,
            "1": 0.7195611000061035,
            "2": 0.7524325847625732
        }
    }
}