{
    "confidence_score": 0.8686179518699646,
    "ptm": 0.8470824360847473,
    "iptm": 0.7726439833641052,
    "ligand_iptm": 0.8685290813446045,
    "protein_iptm": 0.7318572402000427,
    "complex_plddt": 0.8926114439964294,
    "complex_iplddt": 0.7930290102958679,
    "complex_pde": 0.6211421489715576,
    "complex_ipde": 1.7783236503601074,
    "chains_ptm": {
        "0": 0.9708430171012878,
        "1": 0.974982738494873,
        "2": 0.8583199381828308
    },
    "pair_chains_iptm": {
        "0": {
            "0": 0.9708430171012878,
            "1": 0.7318572402000427,
            "2": 0.5651101469993591
        },
        "1": {
            "0": 0.72519850730896,
            "1": 0.974982738494873,
            "2": 0.5868775248527527
        },
        "2": {
            "0": 0.795295238494873,
            "1": 0.8685290813446045,
            "2": 0.8583199381828308
        }
    }
}