{
    "confidence_score": 0.8865966796875,
    "ptm": 0.9316012859344482,
    "iptm": 0.907865047454834,
    "ligand_iptm": 0.8516802787780762,
    "protein_iptm": 0.9423267841339111,
    "complex_plddt": 0.8812795281410217,
    "complex_iplddt": 0.7724948525428772,
    "complex_pde": 0.5982967019081116,
    "complex_ipde": 1.1995279788970947,
    "chains_ptm": {
        "0": 0.971922755241394,
        "1": 0.9718385934829712,
        "2": 0.8550351858139038
    },
    "pair_chains_iptm": {
        "0": {
            "0": 0.971922755241394,
            "1": 0.9423267841339111,
            "2": 0.5908936262130737
        },
        "1": {
            "0": 0.9410784244537354,
            "1": 0.9718385934829712,
            "2": 0.5840342044830322
        },
        "2": {
            "0": 0.8516802787780762,
            "1": 0.8506616950035095,
            "2": 0.8550351858139038
        }
    }
}