{
    "confidence_score": 0.8800747990608215,
    "ptm": 0.889704704284668,
    "iptm": 0.8455562591552734,
    "ligand_iptm": 0.7593966126441956,
    "protein_iptm": 0.8954237699508667,
    "complex_plddt": 0.8887044191360474,
    "complex_iplddt": 0.7942333817481995,
    "complex_pde": 0.7735942006111145,
    "complex_ipde": 1.7259202003479004,
    "chains_ptm": {
        "0": 0.9652478098869324,
        "1": 0.9648210406303406,
        "2": 0.776846170425415
    },
    "pair_chains_iptm": {
        "0": {
            "0": 0.9652478098869324,
            "1": 0.8929325342178345,
            "2": 0.4498799741268158
        },
        "1": {
            "0": 0.8954237699508667,
            "1": 0.9648210406303406,
            "2": 0.4680000841617584
        },
        "2": {
            "0": 0.7593966126441956,
            "1": 0.7563800811767578,
            "2": 0.776846170425415
        }
    }
}