{
    "confidence_score": 0.8789624571800232,
    "ptm": 0.8872231245040894,
    "iptm": 0.8423115611076355,
    "ligand_iptm": 0.7579348087310791,
    "protein_iptm": 0.8905364871025085,
    "complex_plddt": 0.8881251215934753,
    "complex_iplddt": 0.7982639670372009,
    "complex_pde": 0.8211901187896729,
    "complex_ipde": 1.8961542844772339,
    "chains_ptm": {
        "0": 0.9648290276527405,
        "1": 0.9647474884986877,
        "2": 0.7796255350112915
    },
    "pair_chains_iptm": {
        "0": {
            "0": 0.9648290276527405,
            "1": 0.8898563385009766,
            "2": 0.449448823928833
        },
        "1": {
            "0": 0.8905364871025085,
            "1": 0.9647474884986877,
            "2": 0.44511678814888
        },
        "2": {
            "0": 0.7579348087310791,
            "1": 0.7456319332122803,
            "2": 0.7796255350112915
        }
    }
}