{
    "confidence_score": 0.8836733102798462,
    "ptm": 0.9309241771697998,
    "iptm": 0.9073755741119385,
    "ligand_iptm": 0.8477751016616821,
    "protein_iptm": 0.9431188702583313,
    "complex_plddt": 0.877747654914856,
    "complex_iplddt": 0.7688931226730347,
    "complex_pde": 0.580098569393158,
    "complex_ipde": 1.12143874168396,
    "chains_ptm": {
        "0": 0.9702624678611755,
        "1": 0.9665176868438721,
        "2": 0.8292846083641052
    },
    "pair_chains_iptm": {
        "0": {
            "0": 0.9702624678611755,
            "1": 0.9431188702583313,
            "2": 0.5406281352043152
        },
        "1": {
            "0": 0.9427887201309204,
            "1": 0.9665176868438721,
            "2": 0.5338258743286133
        },
        "2": {
            "0": 0.8477751016616821,
            "1": 0.8448150753974915,
            "2": 0.8292846083641052
        }
    }
}