{
    "confidence_score": 0.8650946617126465,
    "ptm": 0.9228941798210144,
    "iptm": 0.8890188932418823,
    "ligand_iptm": 0.9311509728431702,
    "protein_iptm": 0.8705642819404602,
    "complex_plddt": 0.8591135740280151,
    "complex_iplddt": 0.7320164442062378,
    "complex_pde": 0.4156774878501892,
    "complex_ipde": 0.8663404583930969,
    "chains_ptm": {
        "0": 0.9716730117797852,
        "1": 0.9789991974830627,
        "2": 0.9091141223907471
    },
    "pair_chains_iptm": {
        "0": {
            "0": 0.9716730117797852,
            "1": 0.8705642819404602,
            "2": 0.7274313569068909
        },
        "1": {
            "0": 0.8577346801757812,
            "1": 0.9789991974830627,
            "2": 0.6769683361053467
        },
        "2": {
            "0": 0.930077314376831,
            "1": 0.9311509728431702,
            "2": 0.9091141223907471
        }
    }
}