{
    "confidence_score": 0.8722448348999023,
    "ptm": 0.9081882238388062,
    "iptm": 0.8726745247840881,
    "ligand_iptm": 0.7798030376434326,
    "protein_iptm": 0.9278412461280823,
    "complex_plddt": 0.8721374273300171,
    "complex_iplddt": 0.7546091675758362,
    "complex_pde": 0.7399587631225586,
    "complex_ipde": 1.5871433019638062,
    "chains_ptm": {
        "0": 0.9679383039474487,
        "1": 0.9678314924240112,
        "2": 0.77386873960495
    },
    "pair_chains_iptm": {
        "0": {
            "0": 0.9679383039474487,
            "1": 0.9276754856109619,
            "2": 0.4560280740261078
        },
        "1": {
            "0": 0.9278412461280823,
            "1": 0.9678314924240112,
            "2": 0.43734392523765564
        },
        "2": {
            "0": 0.7798030376434326,
            "1": 0.7725754976272583,
            "2": 0.77386873960495
        }
    }
}