{
    "confidence_score": 0.8083828091621399,
    "ptm": 0.8691027760505676,
    "iptm": 0.7887935042381287,
    "ligand_iptm": 0.8529939651489258,
    "protein_iptm": 0.762794017791748,
    "complex_plddt": 0.8132801651954651,
    "complex_iplddt": 0.603217601776123,
    "complex_pde": 0.547435462474823,
    "complex_ipde": 1.5007814168930054,
    "chains_ptm": {
        "0": 0.9716995358467102,
        "1": 0.9746951460838318,
        "2": 0.8627150654792786
    },
    "pair_chains_iptm": {
        "0": {
            "0": 0.9716995358467102,
            "1": 0.762794017791748,
            "2": 0.6223926544189453
        },
        "1": {
            "0": 0.7567371129989624,
            "1": 0.9746951460838318,
            "2": 0.597486138343811
        },
        "2": {
            "0": 0.8468579053878784,
            "1": 0.8529939651489258,
            "2": 0.8627150654792786
        }
    }
}