{
    "confidence_score": 0.9053241610527039,
    "ptm": 0.921943724155426,
    "iptm": 0.8789287805557251,
    "ligand_iptm": 0.9310641884803772,
    "protein_iptm": 0.8520333766937256,
    "complex_plddt": 0.9119229912757874,
    "complex_iplddt": 0.8397631645202637,
    "complex_pde": 0.40674445033073425,
    "complex_ipde": 0.8685551881790161,
    "chains_ptm": {
        "0": 0.9757040143013,
        "1": 0.9775927066802979,
        "2": 0.8999215960502625
    },
    "pair_chains_iptm": {
        "0": {
            "0": 0.9757040143013,
            "1": 0.8509263396263123,
            "2": 0.7330947518348694
        },
        "1": {
            "0": 0.8520333766937256,
            "1": 0.9775927066802979,
            "2": 0.7025185823440552
        },
        "2": {
            "0": 0.9310641884803772,
            "1": 0.9199765920639038,
            "2": 0.8999215960502625
        }
    }
}