{
    "confidence_score": 0.8735613226890564,
    "ptm": 0.9029655456542969,
    "iptm": 0.8630529642105103,
    "ligand_iptm": 0.7404509782791138,
    "protein_iptm": 0.9316354393959045,
    "complex_plddt": 0.876188337802887,
    "complex_iplddt": 0.760122537612915,
    "complex_pde": 0.7604936361312866,
    "complex_ipde": 1.7330759763717651,
    "chains_ptm": {
        "0": 0.9683364033699036,
        "1": 0.9659139513969421,
        "2": 0.7554945349693298
    },
    "pair_chains_iptm": {
        "0": {
            "0": 0.9683364033699036,
            "1": 0.9316354393959045,
            "2": 0.43373697996139526
        },
        "1": {
            "0": 0.9292632937431335,
            "1": 0.9659139513969421,
            "2": 0.4445512890815735
        },
        "2": {
            "0": 0.7404509782791138,
            "1": 0.738483190536499,
            "2": 0.7554945349693298
        }
    }
}