{
    "confidence_score": 0.865068256855011,
    "ptm": 0.9099445343017578,
    "iptm": 0.8759243488311768,
    "ligand_iptm": 0.7623812556266785,
    "protein_iptm": 0.9381523728370667,
    "complex_plddt": 0.8623541593551636,
    "complex_iplddt": 0.730523943901062,
    "complex_pde": 0.6993787288665771,
    "complex_ipde": 1.5112659931182861,
    "chains_ptm": {
        "0": 0.9679839611053467,
        "1": 0.9671928882598877,
        "2": 0.7514147162437439
    },
    "pair_chains_iptm": {
        "0": {
            "0": 0.9679839611053467,
            "1": 0.9381523728370667,
            "2": 0.4417961537837982
        },
        "1": {
            "0": 0.9378796815872192,
            "1": 0.9671928882598877,
            "2": 0.4730057716369629
        },
        "2": {
            "0": 0.7623812556266785,
            "1": 0.7594680786132812,
            "2": 0.7514147162437439
        }
    }
}