{
    "confidence_score": 0.8892298936843872,
    "ptm": 0.9309265613555908,
    "iptm": 0.9049831032752991,
    "ligand_iptm": 0.8347813487052917,
    "protein_iptm": 0.9458179473876953,
    "complex_plddt": 0.885291576385498,
    "complex_iplddt": 0.7758340239524841,
    "complex_pde": 0.6214337348937988,
    "complex_ipde": 1.2908812761306763,
    "chains_ptm": {
        "0": 0.9744383692741394,
        "1": 0.973878800868988,
        "2": 0.7854354381561279
    },
    "pair_chains_iptm": {
        "0": {
            "0": 0.9744383692741394,
            "1": 0.9458179473876953,
            "2": 0.5293229818344116
        },
        "1": {
            "0": 0.9455832242965698,
            "1": 0.973878800868988,
            "2": 0.5037515163421631
        },
        "2": {
            "0": 0.8347813487052917,
            "1": 0.8303104043006897,
            "2": 0.7854354381561279
        }
    }
}