{
    "confidence_score": 0.8892173767089844,
    "ptm": 0.9135866761207581,
    "iptm": 0.8775935173034668,
    "ligand_iptm": 0.7570605278015137,
    "protein_iptm": 0.9474734663963318,
    "complex_plddt": 0.8921234011650085,
    "complex_iplddt": 0.7959234118461609,
    "complex_pde": 0.7617669105529785,
    "complex_ipde": 1.6498440504074097,
    "chains_ptm": {
        "0": 0.9729101657867432,
        "1": 0.973444938659668,
        "2": 0.7585152387619019
    },
    "pair_chains_iptm": {
        "0": {
            "0": 0.9729101657867432,
            "1": 0.9470584988594055,
            "2": 0.43580177426338196
        },
        "1": {
            "0": 0.9474734663963318,
            "1": 0.973444938659668,
            "2": 0.4725119471549988
        },
        "2": {
            "0": 0.7570605278015137,
            "1": 0.7556105852127075,
            "2": 0.7585152387619019
        }
    }
}