{
    "confidence_score": 0.8886130452156067,
    "ptm": 0.9200292229652405,
    "iptm": 0.8901044130325317,
    "ligand_iptm": 0.8094698190689087,
    "protein_iptm": 0.9365541338920593,
    "complex_plddt": 0.8882401585578918,
    "complex_iplddt": 0.7959688305854797,
    "complex_pde": 0.6971434950828552,
    "complex_ipde": 1.5158389806747437,
    "chains_ptm": {
        "0": 0.9724599123001099,
        "1": 0.9703477025032043,
        "2": 0.7810975909233093
    },
    "pair_chains_iptm": {
        "0": {
            "0": 0.9724599123001099,
            "1": 0.9365541338920593,
            "2": 0.4909537434577942
        },
        "1": {
            "0": 0.9338459968566895,
            "1": 0.9703477025032043,
            "2": 0.48105388879776
        },
        "2": {
            "0": 0.8094698190689087,
            "1": 0.8033397197723389,
            "2": 0.7810975909233093
        }
    }
}