{
    "confidence_score": 0.8342782258987427,
    "ptm": 0.7800936102867126,
    "iptm": 0.629940927028656,
    "ligand_iptm": 0.7716562151908875,
    "protein_iptm": 0.5544605255126953,
    "complex_plddt": 0.8853625655174255,
    "complex_iplddt": 0.7761832475662231,
    "complex_pde": 0.7236319780349731,
    "complex_ipde": 2.310234308242798,
    "chains_ptm": {
        "0": 0.9681596159934998,
        "1": 0.9667930006980896,
        "2": 0.808161199092865
    },
    "pair_chains_iptm": {
        "0": {
            "0": 0.9681596159934998,
            "1": 0.5417455434799194,
            "2": 0.5566087961196899
        },
        "1": {
            "0": 0.5544605255126953,
            "1": 0.9667930006980896,
            "2": 0.4140593707561493
        },
        "2": {
            "0": 0.7716562151908875,
            "1": 0.7194485664367676,
            "2": 0.808161199092865
        }
    }
}