{
    "confidence_score": 0.8865856528282166,
    "ptm": 0.9160115122795105,
    "iptm": 0.8848987221717834,
    "ligand_iptm": 0.7973026633262634,
    "protein_iptm": 0.9370712041854858,
    "complex_plddt": 0.8870072960853577,
    "complex_iplddt": 0.7821910977363586,
    "complex_pde": 0.7263787984848022,
    "complex_ipde": 1.564694881439209,
    "chains_ptm": {
        "0": 0.9677611589431763,
        "1": 0.9674824476242065,
        "2": 0.7837016582489014
    },
    "pair_chains_iptm": {
        "0": {
            "0": 0.9677611589431763,
            "1": 0.9370712041854858,
            "2": 0.47005200386047363
        },
        "1": {
            "0": 0.936732828617096,
            "1": 0.9674824476242065,
            "2": 0.479275643825531
        },
        "2": {
            "0": 0.7973026633262634,
            "1": 0.7951372265815735,
            "2": 0.7837016582489014
        }
    }
}