{
    "confidence_score": 0.76923006772995,
    "ptm": 0.6911103129386902,
    "iptm": 0.4817148745059967,
    "ligand_iptm": 0.6466927528381348,
    "protein_iptm": 0.4094518721103668,
    "complex_plddt": 0.8411087989807129,
    "complex_iplddt": 0.6753819584846497,
    "complex_pde": 1.1619502305984497,
    "complex_ipde": 4.437335968017578,
    "chains_ptm": {
        "0": 0.962984025478363,
        "1": 0.9584694504737854,
        "2": 0.7445361614227295
    },
    "pair_chains_iptm": {
        "0": {
            "0": 0.962984025478363,
            "1": 0.4094518721103668,
            "2": 0.4429953992366791
        },
        "1": {
            "0": 0.4053528308868408,
            "1": 0.9584694504737854,
            "2": 0.3822639584541321
        },
        "2": {
            "0": 0.6191866993904114,
            "1": 0.6466927528381348,
            "2": 0.7445361614227295
        }
    }
}