{
    "confidence_score": 0.9086695909500122,
    "ptm": 0.9351245760917664,
    "iptm": 0.9124676585197449,
    "ligand_iptm": 0.8597491383552551,
    "protein_iptm": 0.9444859623908997,
    "complex_plddt": 0.9077200889587402,
    "complex_iplddt": 0.8275454044342041,
    "complex_pde": 0.5704328417778015,
    "complex_ipde": 1.1159290075302124,
    "chains_ptm": {
        "0": 0.9738174080848694,
        "1": 0.970659613609314,
        "2": 0.8403695225715637
    },
    "pair_chains_iptm": {
        "0": {
            "0": 0.9738174080848694,
            "1": 0.9444859623908997,
            "2": 0.5797815322875977
        },
        "1": {
            "0": 0.9441601634025574,
            "1": 0.970659613609314,
            "2": 0.5856305956840515
        },
        "2": {
            "0": 0.8597491383552551,
            "1": 0.8571450114250183,
            "2": 0.8403695225715637
        }
    }
}