{
    "confidence_score": 0.8541741371154785,
    "ptm": 0.9147306084632874,
    "iptm": 0.879915714263916,
    "ligand_iptm": 0.936707079410553,
    "protein_iptm": 0.8556103706359863,
    "complex_plddt": 0.8477387428283691,
    "complex_iplddt": 0.6864030361175537,
    "complex_pde": 0.4422759711742401,
    "complex_ipde": 1.0000990629196167,
    "chains_ptm": {
        "0": 0.9741387963294983,
        "1": 0.9778323769569397,
        "2": 0.9168740510940552
    },
    "pair_chains_iptm": {
        "0": {
            "0": 0.9741387963294983,
            "1": 0.8556103706359863,
            "2": 0.6383697986602783
        },
        "1": {
            "0": 0.8284787535667419,
            "1": 0.9778323769569397,
            "2": 0.7072355151176453
        },
        "2": {
            "0": 0.9004470109939575,
            "1": 0.936707079410553,
            "2": 0.9168740510940552
        }
    }
}