{
    "confidence_score": 0.8277832269668579,
    "ptm": 0.8265812397003174,
    "iptm": 0.7148452401161194,
    "ligand_iptm": 0.8211702704429626,
    "protein_iptm": 0.6598094701766968,
    "complex_plddt": 0.8560177087783813,
    "complex_iplddt": 0.69631427526474,
    "complex_pde": 0.6206673979759216,
    "complex_ipde": 1.8366897106170654,
    "chains_ptm": {
        "0": 0.9693288803100586,
        "1": 0.9737935662269592,
        "2": 0.816730260848999
    },
    "pair_chains_iptm": {
        "0": {
            "0": 0.9693288803100586,
            "1": 0.6512708067893982,
            "2": 0.5810620188713074
        },
        "1": {
            "0": 0.6598094701766968,
            "1": 0.9737935662269592,
            "2": 0.5041067004203796
        },
        "2": {
            "0": 0.8211702704429626,
            "1": 0.8009394407272339,
            "2": 0.816730260848999
        }
    }
}