{
    "confidence_score": 0.8416828513145447,
    "ptm": 0.8923595547676086,
    "iptm": 0.8433862328529358,
    "ligand_iptm": 0.9037107825279236,
    "protein_iptm": 0.8211021423339844,
    "complex_plddt": 0.8412569761276245,
    "complex_iplddt": 0.6747139096260071,
    "complex_pde": 0.5158975720405579,
    "complex_ipde": 1.370025873184204,
    "chains_ptm": {
        "0": 0.9733577370643616,
        "1": 0.9792484641075134,
        "2": 0.88489830493927
    },
    "pair_chains_iptm": {
        "0": {
            "0": 0.9733577370643616,
            "1": 0.8211021423339844,
            "2": 0.6245805621147156
        },
        "1": {
            "0": 0.8115389347076416,
            "1": 0.9792484641075134,
            "2": 0.6474663615226746
        },
        "2": {
            "0": 0.863853394985199,
            "1": 0.9037107825279236,
            "2": 0.88489830493927
        }
    }
}