{
    "confidence_score": 0.7955275774002075,
    "ptm": 0.7578480839729309,
    "iptm": 0.5990177989006042,
    "ligand_iptm": 0.7860766649246216,
    "protein_iptm": 0.5010331869125366,
    "complex_plddt": 0.8446549773216248,
    "complex_iplddt": 0.7028080224990845,
    "complex_pde": 0.9925321340560913,
    "complex_ipde": 3.484647274017334,
    "chains_ptm": {
        "0": 0.95513516664505,
        "1": 0.9599580764770508,
        "2": 0.8052588105201721
    },
    "pair_chains_iptm": {
        "0": {
            "0": 0.95513516664505,
            "1": 0.49272412061691284,
            "2": 0.6177539229393005
        },
        "1": {
            "0": 0.5010331869125366,
            "1": 0.9599580764770508,
            "2": 0.3372810482978821
        },
        "2": {
            "0": 0.7860766649246216,
            "1": 0.5913529992103577,
            "2": 0.8052588105201721
        }
    }
}