{
    "confidence_score": 0.877140462398529,
    "ptm": 0.914362370967865,
    "iptm": 0.8822441101074219,
    "ligand_iptm": 0.7900754809379578,
    "protein_iptm": 0.9360492825508118,
    "complex_plddt": 0.8758644461631775,
    "complex_iplddt": 0.7645596265792847,
    "complex_pde": 0.7503315210342407,
    "complex_ipde": 1.6674083471298218,
    "chains_ptm": {
        "0": 0.9693966507911682,
        "1": 0.9682024717330933,
        "2": 0.773662805557251
    },
    "pair_chains_iptm": {
        "0": {
            "0": 0.9693966507911682,
            "1": 0.9360492825508118,
            "2": 0.4664332866668701
        },
        "1": {
            "0": 0.9343881607055664,
            "1": 0.9682024717330933,
            "2": 0.44101810455322266
        },
        "2": {
            "0": 0.7900754809379578,
            "1": 0.7827707529067993,
            "2": 0.773662805557251
        }
    }
}