{
    "confidence_score": 0.8710304498672485,
    "ptm": 0.9068027138710022,
    "iptm": 0.8719196319580078,
    "ligand_iptm": 0.7753981351852417,
    "protein_iptm": 0.9294702410697937,
    "complex_plddt": 0.8708081841468811,
    "complex_iplddt": 0.7441962957382202,
    "complex_pde": 0.7617968916893005,
    "complex_ipde": 1.7541964054107666,
    "chains_ptm": {
        "0": 0.9676011800765991,
        "1": 0.9658966064453125,
        "2": 0.75642991065979
    },
    "pair_chains_iptm": {
        "0": {
            "0": 0.9676011800765991,
            "1": 0.9294702410697937,
            "2": 0.45642656087875366
        },
        "1": {
            "0": 0.9277448654174805,
            "1": 0.9658966064453125,
            "2": 0.4403732419013977
        },
        "2": {
            "0": 0.7753981351852417,
            "1": 0.7725192308425903,
            "2": 0.75642991065979
        }
    }
}