{
    "confidence_score": 0.8883964419364929,
    "ptm": 0.9191806316375732,
    "iptm": 0.8926159739494324,
    "ligand_iptm": 0.8119014501571655,
    "protein_iptm": 0.938190221786499,
    "complex_plddt": 0.8873416185379028,
    "complex_iplddt": 0.7822864055633545,
    "complex_pde": 0.6689696907997131,
    "complex_ipde": 1.352236032485962,
    "chains_ptm": {
        "0": 0.9705316424369812,
        "1": 0.9697702527046204,
        "2": 0.7971604466438293
    },
    "pair_chains_iptm": {
        "0": {
            "0": 0.9705316424369812,
            "1": 0.938190221786499,
            "2": 0.4876592755317688
        },
        "1": {
            "0": 0.9378764629364014,
            "1": 0.9697702527046204,
            "2": 0.489221453666687
        },
        "2": {
            "0": 0.8119014501571655,
            "1": 0.8081485033035278,
            "2": 0.7971604466438293
        }
    }
}