{
    "confidence_score": 0.837640106678009,
    "ptm": 0.8641118407249451,
    "iptm": 0.7788744568824768,
    "ligand_iptm": 0.8773241639137268,
    "protein_iptm": 0.7321007251739502,
    "complex_plddt": 0.8523314595222473,
    "complex_iplddt": 0.7137667536735535,
    "complex_pde": 0.5047486424446106,
    "complex_ipde": 1.382766842842102,
    "chains_ptm": {
        "0": 0.9742100834846497,
        "1": 0.9743573665618896,
        "2": 0.8649327754974365
    },
    "pair_chains_iptm": {
        "0": {
            "0": 0.9742100834846497,
            "1": 0.7321007251739502,
            "2": 0.7116291522979736
        },
        "1": {
            "0": 0.7284963130950928,
            "1": 0.9743573665618896,
            "2": 0.5774343609809875
        },
        "2": {
            "0": 0.8773241639137268,
            "1": 0.8535889983177185,
            "2": 0.8649327754974365
        }
    }
}