{
    "confidence_score": 0.8544039726257324,
    "ptm": 0.9195007681846619,
    "iptm": 0.8746178150177002,
    "ligand_iptm": 0.9558098316192627,
    "protein_iptm": 0.8308496475219727,
    "complex_plddt": 0.8493505120277405,
    "complex_iplddt": 0.7425894737243652,
    "complex_pde": 0.45482537150382996,
    "complex_ipde": 1.1071994304656982,
    "chains_ptm": {
        "0": 0.974769651889801,
        "1": 0.9763188362121582,
        "2": 0.9176989197731018
    },
    "pair_chains_iptm": {
        "0": {
            "0": 0.974769651889801,
            "1": 0.8297021389007568,
            "2": 0.7908907532691956
        },
        "1": {
            "0": 0.8308496475219727,
            "1": 0.9763188362121582,
            "2": 0.6485564112663269
        },
        "2": {
            "0": 0.9558098316192627,
            "1": 0.8597147464752197,
            "2": 0.9176989197731018
        }
    }
}