{
    "confidence_score": 0.890920102596283,
    "ptm": 0.9103103876113892,
    "iptm": 0.8792452812194824,
    "ligand_iptm": 0.7920892834663391,
    "protein_iptm": 0.9304967522621155,
    "complex_plddt": 0.8938387632369995,
    "complex_iplddt": 0.8000140190124512,
    "complex_pde": 0.6725262403488159,
    "complex_ipde": 1.4105734825134277,
    "chains_ptm": {
        "0": 0.9621995091438293,
        "1": 0.9623100161552429,
        "2": 0.7761340141296387
    },
    "pair_chains_iptm": {
        "0": {
            "0": 0.9621995091438293,
            "1": 0.9302720427513123,
            "2": 0.46824946999549866
        },
        "1": {
            "0": 0.9304967522621155,
            "1": 0.9623100161552429,
            "2": 0.47681260108947754
        },
        "2": {
            "0": 0.7920892834663391,
            "1": 0.787412703037262,
            "2": 0.7761340141296387
        }
    }
}