{
    "confidence_score": 0.8753948211669922,
    "ptm": 0.8955380320549011,
    "iptm": 0.8528041839599609,
    "ligand_iptm": 0.7405216693878174,
    "protein_iptm": 0.9181317687034607,
    "complex_plddt": 0.8810424208641052,
    "complex_iplddt": 0.781600832939148,
    "complex_pde": 0.8476848006248474,
    "complex_ipde": 1.9355368614196777,
    "chains_ptm": {
        "0": 0.9648315906524658,
        "1": 0.9638404250144958,
        "2": 0.7633135318756104
    },
    "pair_chains_iptm": {
        "0": {
            "0": 0.9648315906524658,
            "1": 0.9173646569252014,
            "2": 0.44236883521080017
        },
        "1": {
            "0": 0.9181317687034607,
            "1": 0.9638404250144958,
            "2": 0.424085795879364
        },
        "2": {
            "0": 0.7405216693878174,
            "1": 0.7304840087890625,
            "2": 0.7633135318756104
        }
    }
}