{
    "confidence_score": 0.8932073712348938,
    "ptm": 0.913708508014679,
    "iptm": 0.8778376579284668,
    "ligand_iptm": 0.7688848972320557,
    "protein_iptm": 0.9408300518989563,
    "complex_plddt": 0.8970498442649841,
    "complex_iplddt": 0.8059238195419312,
    "complex_pde": 0.7275505661964417,
    "complex_ipde": 1.555294156074524,
    "chains_ptm": {
        "0": 0.9687829613685608,
        "1": 0.9701589941978455,
        "2": 0.7696111798286438
    },
    "pair_chains_iptm": {
        "0": {
            "0": 0.9687829613685608,
            "1": 0.9399355053901672,
            "2": 0.4633863866329193
        },
        "1": {
            "0": 0.9408300518989563,
            "1": 0.9701589941978455,
            "2": 0.47430869936943054
        },
        "2": {
            "0": 0.7688848972320557,
            "1": 0.7649112939834595,
            "2": 0.7696111798286438
        }
    }
}