{
    "confidence_score": 0.824934184551239,
    "ptm": 0.8625914454460144,
    "iptm": 0.777400553226471,
    "ligand_iptm": 0.8431481122970581,
    "protein_iptm": 0.7482658624649048,
    "complex_plddt": 0.8368175625801086,
    "complex_iplddt": 0.6497161388397217,
    "complex_pde": 0.5776548981666565,
    "complex_ipde": 1.592833161354065,
    "chains_ptm": {
        "0": 0.9685562252998352,
        "1": 0.9722209572792053,
        "2": 0.824207067489624
    },
    "pair_chains_iptm": {
        "0": {
            "0": 0.9685562252998352,
            "1": 0.7482658624649048,
            "2": 0.5627627968788147
        },
        "1": {
            "0": 0.7441263198852539,
            "1": 0.9722209572792053,
            "2": 0.5306797623634338
        },
        "2": {
            "0": 0.8380644917488098,
            "1": 0.8431481122970581,
            "2": 0.824207067489624
        }
    }
}