{
    "confidence_score": 0.873115062713623,
    "ptm": 0.8949138522148132,
    "iptm": 0.8353367447853088,
    "ligand_iptm": 0.9081543684005737,
    "protein_iptm": 0.8034413456916809,
    "complex_plddt": 0.882559597492218,
    "complex_iplddt": 0.7615330219268799,
    "complex_pde": 0.43063655495643616,
    "complex_ipde": 0.9715686440467834,
    "chains_ptm": {
        "0": 0.9767334461212158,
        "1": 0.9783692359924316,
        "2": 0.8826134204864502
    },
    "pair_chains_iptm": {
        "0": {
            "0": 0.9767334461212158,
            "1": 0.8034413456916809,
            "2": 0.7145714163780212
        },
        "1": {
            "0": 0.798384428024292,
            "1": 0.9783692359924316,
            "2": 0.6542520523071289
        },
        "2": {
            "0": 0.8903341889381409,
            "1": 0.9081543684005737,
            "2": 0.8826134204864502
        }
    }
}