{
    "confidence_score": 0.8843833208084106,
    "ptm": 0.9249404668807983,
    "iptm": 0.8949166536331177,
    "ligand_iptm": 0.8099015951156616,
    "protein_iptm": 0.9465508460998535,
    "complex_plddt": 0.8817499876022339,
    "complex_iplddt": 0.770264208316803,
    "complex_pde": 0.6409935355186462,
    "complex_ipde": 1.3566242456436157,
    "chains_ptm": {
        "0": 0.9710374474525452,
        "1": 0.9707273840904236,
        "2": 0.784280002117157
    },
    "pair_chains_iptm": {
        "0": {
            "0": 0.9710374474525452,
            "1": 0.9465508460998535,
            "2": 0.5335305333137512
        },
        "1": {
            "0": 0.9440996050834656,
            "1": 0.9707273840904236,
            "2": 0.5244570374488831
        },
        "2": {
            "0": 0.8099015951156616,
            "1": 0.806140661239624,
            "2": 0.784280002117157
        }
    }
}