{
    "confidence_score": 0.8919714093208313,
    "ptm": 0.9211738705635071,
    "iptm": 0.8915252685546875,
    "ligand_iptm": 0.8139135837554932,
    "protein_iptm": 0.9352403283119202,
    "complex_plddt": 0.8920828700065613,
    "complex_iplddt": 0.8081600069999695,
    "complex_pde": 0.6607645750045776,
    "complex_ipde": 1.393381953239441,
    "chains_ptm": {
        "0": 0.9712124466896057,
        "1": 0.9665614366531372,
        "2": 0.8192175030708313
    },
    "pair_chains_iptm": {
        "0": {
            "0": 0.9712124466896057,
            "1": 0.9352403283119202,
            "2": 0.5218812227249146
        },
        "1": {
            "0": 0.9342984557151794,
            "1": 0.9665614366531372,
            "2": 0.5345601439476013
        },
        "2": {
            "0": 0.8137816786766052,
            "1": 0.8139135837554932,
            "2": 0.8192175030708313
        }
    }
}