{
    "confidence_score": 0.8769416213035583,
    "ptm": 0.9178670644760132,
    "iptm": 0.883353590965271,
    "ligand_iptm": 0.7722368836402893,
    "protein_iptm": 0.948211669921875,
    "complex_plddt": 0.875338613986969,
    "complex_iplddt": 0.763877272605896,
    "complex_pde": 0.7262288928031921,
    "complex_ipde": 1.613540768623352,
    "chains_ptm": {
        "0": 0.9750068187713623,
        "1": 0.9707909822463989,
        "2": 0.7530925273895264
    },
    "pair_chains_iptm": {
        "0": {
            "0": 0.9750068187713623,
            "1": 0.948211669921875,
            "2": 0.4652652144432068
        },
        "1": {
            "0": 0.9448808431625366,
            "1": 0.9707909822463989,
            "2": 0.4594760239124298
        },
        "2": {
            "0": 0.7722368836402893,
            "1": 0.765116810798645,
            "2": 0.7530925273895264
        }
    }
}