{
    "confidence_score": 0.8683456778526306,
    "ptm": 0.8989843130111694,
    "iptm": 0.8583709597587585,
    "ligand_iptm": 0.7504488825798035,
    "protein_iptm": 0.9214261174201965,
    "complex_plddt": 0.8708392977714539,
    "complex_iplddt": 0.760612964630127,
    "complex_pde": 0.7985069155693054,
    "complex_ipde": 1.7766404151916504,
    "chains_ptm": {
        "0": 0.9660055041313171,
        "1": 0.9650278091430664,
        "2": 0.7750055193901062
    },
    "pair_chains_iptm": {
        "0": {
            "0": 0.9660055041313171,
            "1": 0.9214261174201965,
            "2": 0.45676589012145996
        },
        "1": {
            "0": 0.9206201434135437,
            "1": 0.9650278091430664,
            "2": 0.4780031144618988
        },
        "2": {
            "0": 0.7504488825798035,
            "1": 0.7472552061080933,
            "2": 0.7750055193901062
        }
    }
}