{
    "confidence_score": 0.8924474716186523,
    "ptm": 0.9081722497940063,
    "iptm": 0.874517560005188,
    "ligand_iptm": 0.8262999057769775,
    "protein_iptm": 0.9047666192054749,
    "complex_plddt": 0.8969299793243408,
    "complex_iplddt": 0.8184213638305664,
    "complex_pde": 0.6678271889686584,
    "complex_ipde": 1.4225777387619019,
    "chains_ptm": {
        "0": 0.9673280715942383,
        "1": 0.9683143496513367,
        "2": 0.8125301003456116
    },
    "pair_chains_iptm": {
        "0": {
            "0": 0.9673280715942383,
            "1": 0.9047666192054749,
            "2": 0.5319365859031677
        },
        "1": {
            "0": 0.9040747880935669,
            "1": 0.9683143496513367,
            "2": 0.522792637348175
        },
        "2": {
            "0": 0.8262999057769775,
            "1": 0.8151142597198486,
            "2": 0.8125301003456116
        }
    }
}