{
    "confidence_score": 0.8973046541213989,
    "ptm": 0.9266284108161926,
    "iptm": 0.897076427936554,
    "ligand_iptm": 0.9344834089279175,
    "protein_iptm": 0.8806915283203125,
    "complex_plddt": 0.897361695766449,
    "complex_iplddt": 0.8140652775764465,
    "complex_pde": 0.4134030342102051,
    "complex_ipde": 0.8621899485588074,
    "chains_ptm": {
        "0": 0.9742996096611023,
        "1": 0.9801912903785706,
        "2": 0.8946493268013
    },
    "pair_chains_iptm": {
        "0": {
            "0": 0.9742996096611023,
            "1": 0.8806915283203125,
            "2": 0.7450791597366333
        },
        "1": {
            "0": 0.8613244295120239,
            "1": 0.9801912903785706,
            "2": 0.6955076456069946
        },
        "2": {
            "0": 0.9234000444412231,
            "1": 0.9344834089279175,
            "2": 0.8946493268013
        }
    }
}