{
    "confidence_score": 0.8817914128303528,
    "ptm": 0.913474440574646,
    "iptm": 0.8791548013687134,
    "ligand_iptm": 0.7841566205024719,
    "protein_iptm": 0.9356836676597595,
    "complex_plddt": 0.882450520992279,
    "complex_iplddt": 0.7740039825439453,
    "complex_pde": 0.7282611131668091,
    "complex_ipde": 1.529732346534729,
    "chains_ptm": {
        "0": 0.9701058268547058,
        "1": 0.9676414132118225,
        "2": 0.7986547350883484
    },
    "pair_chains_iptm": {
        "0": {
            "0": 0.9701058268547058,
            "1": 0.9356576204299927,
            "2": 0.4976412355899811
        },
        "1": {
            "0": 0.9356836676597595,
            "1": 0.9676414132118225,
            "2": 0.5050183534622192
        },
        "2": {
            "0": 0.7841566205024719,
            "1": 0.7816183567047119,
            "2": 0.7986547350883484
        }
    }
}