{
    "confidence_score": 0.8537564277648926,
    "ptm": 0.8778073191642761,
    "iptm": 0.8215992450714111,
    "ligand_iptm": 0.8984029293060303,
    "protein_iptm": 0.790305495262146,
    "complex_plddt": 0.8617957234382629,
    "complex_iplddt": 0.7169773578643799,
    "complex_pde": 0.5366692543029785,
    "complex_ipde": 1.4167053699493408,
    "chains_ptm": {
        "0": 0.9761701226234436,
        "1": 0.9740167260169983,
        "2": 0.8665337562561035
    },
    "pair_chains_iptm": {
        "0": {
            "0": 0.9761701226234436,
            "1": 0.790305495262146,
            "2": 0.5620994567871094
        },
        "1": {
            "0": 0.7767736315727234,
            "1": 0.9740167260169983,
            "2": 0.6162328124046326
        },
        "2": {
            "0": 0.8405259251594543,
            "1": 0.8984029293060303,
            "2": 0.8665337562561035
        }
    }
}