{
    "confidence_score": 0.877504825592041,
    "ptm": 0.8871580958366394,
    "iptm": 0.8235702514648438,
    "ligand_iptm": 0.8881556391716003,
    "protein_iptm": 0.7888261675834656,
    "complex_plddt": 0.8909884691238403,
    "complex_iplddt": 0.7969387173652649,
    "complex_pde": 0.47710415720939636,
    "complex_ipde": 1.1581412553787231,
    "chains_ptm": {
        "0": 0.9714898467063904,
        "1": 0.9745838642120361,
        "2": 0.8726605176925659
    },
    "pair_chains_iptm": {
        "0": {
            "0": 0.9714898467063904,
            "1": 0.786916971206665,
            "2": 0.7021068930625916
        },
        "1": {
            "0": 0.7888261675834656,
            "1": 0.9745838642120361,
            "2": 0.6255594491958618
        },
        "2": {
            "0": 0.8881556391716003,
            "1": 0.8778654336929321,
            "2": 0.8726605176925659
        }
    }
}