{
    "confidence_score": 0.8833149075508118,
    "ptm": 0.9338411092758179,
    "iptm": 0.9106526970863342,
    "ligand_iptm": 0.8522167205810547,
    "protein_iptm": 0.9463275074958801,
    "complex_plddt": 0.8764804601669312,
    "complex_iplddt": 0.7608357667922974,
    "complex_pde": 0.6028295755386353,
    "complex_ipde": 1.21775484085083,
    "chains_ptm": {
        "0": 0.969329297542572,
        "1": 0.9694435000419617,
        "2": 0.8447573184967041
    },
    "pair_chains_iptm": {
        "0": {
            "0": 0.969329297542572,
            "1": 0.9458934664726257,
            "2": 0.5621059536933899
        },
        "1": {
            "0": 0.9463275074958801,
            "1": 0.9694435000419617,
            "2": 0.5564032196998596
        },
        "2": {
            "0": 0.8522167205810547,
            "1": 0.8502798676490784,
            "2": 0.8447573184967041
        }
    }
}