{
    "confidence_score": 0.8650999069213867,
    "ptm": 0.8996627330780029,
    "iptm": 0.8591129183769226,
    "ligand_iptm": 0.7529994249343872,
    "protein_iptm": 0.9226052165031433,
    "complex_plddt": 0.8665966987609863,
    "complex_iplddt": 0.7587588429450989,
    "complex_pde": 0.8195188045501709,
    "complex_ipde": 1.8777077198028564,
    "chains_ptm": {
        "0": 0.9657121896743774,
        "1": 0.9620217084884644,
        "2": 0.7789121866226196
    },
    "pair_chains_iptm": {
        "0": {
            "0": 0.9657121896743774,
            "1": 0.921683132648468,
            "2": 0.44944843649864197
        },
        "1": {
            "0": 0.9226052165031433,
            "1": 0.9620217084884644,
            "2": 0.4429638981819153
        },
        "2": {
            "0": 0.7529994249343872,
            "1": 0.7456808686256409,
            "2": 0.7789121866226196
        }
    }
}