{
    "confidence_score": 0.8593994975090027,
    "ptm": 0.9100514650344849,
    "iptm": 0.8722807168960571,
    "ligand_iptm": 0.7556986808776855,
    "protein_iptm": 0.9373852610588074,
    "complex_plddt": 0.8561791777610779,
    "complex_iplddt": 0.7087574005126953,
    "complex_pde": 0.7479345202445984,
    "complex_ipde": 1.6455750465393066,
    "chains_ptm": {
        "0": 0.9717882871627808,
        "1": 0.9708419442176819,
        "2": 0.7398040890693665
    },
    "pair_chains_iptm": {
        "0": {
            "0": 0.9717882871627808,
            "1": 0.9373852610588074,
            "2": 0.4008980691432953
        },
        "1": {
            "0": 0.9364323019981384,
            "1": 0.9708419442176819,
            "2": 0.44621542096138
        },
        "2": {
            "0": 0.7516965270042419,
            "1": 0.7556986808776855,
            "2": 0.7398040890693665
        }
    }
}