{
    "confidence_score": 0.9091229438781738,
    "ptm": 0.9456732273101807,
    "iptm": 0.9279873967170715,
    "ligand_iptm": 0.9546862840652466,
    "protein_iptm": 0.9162927865982056,
    "complex_plddt": 0.9044068455696106,
    "complex_iplddt": 0.8334280252456665,
    "complex_pde": 0.3677523732185364,
    "complex_ipde": 0.645235538482666,
    "chains_ptm": {
        "0": 0.9763764142990112,
        "1": 0.9777284264564514,
        "2": 0.9114788174629211
    },
    "pair_chains_iptm": {
        "0": {
            "0": 0.9763764142990112,
            "1": 0.9162927865982056,
            "2": 0.7581813931465149
        },
        "1": {
            "0": 0.8994364142417908,
            "1": 0.9777284264564514,
            "2": 0.7221629619598389
        },
        "2": {
            "0": 0.9490007758140564,
            "1": 0.9546862840652466,
            "2": 0.9114788174629211
        }
    }
}