{
    "confidence_score": 0.8822811245918274,
    "ptm": 0.9135938882827759,
    "iptm": 0.8800253868103027,
    "ligand_iptm": 0.7831613421440125,
    "protein_iptm": 0.9365898966789246,
    "complex_plddt": 0.8828451037406921,
    "complex_iplddt": 0.7712513208389282,
    "complex_pde": 0.743610143661499,
    "complex_ipde": 1.6192103624343872,
    "chains_ptm": {
        "0": 0.9713599681854248,
        "1": 0.970207154750824,
        "2": 0.7693672776222229
    },
    "pair_chains_iptm": {
        "0": {
            "0": 0.9713599681854248,
            "1": 0.9365898966789246,
            "2": 0.46115773916244507
        },
        "1": {
            "0": 0.9362049102783203,
            "1": 0.970207154750824,
            "2": 0.4402438998222351
        },
        "2": {
            "0": 0.7831613421440125,
            "1": 0.7811697721481323,
            "2": 0.7693672776222229
        }
    }
}