{
    "confidence_score": 0.8755621314048767,
    "ptm": 0.8977811336517334,
    "iptm": 0.8556277751922607,
    "ligand_iptm": 0.7425209879875183,
    "protein_iptm": 0.9230623245239258,
    "complex_plddt": 0.8805456757545471,
    "complex_iplddt": 0.7842987179756165,
    "complex_pde": 0.8423865437507629,
    "complex_ipde": 1.9364902973175049,
    "chains_ptm": {
        "0": 0.9676759243011475,
        "1": 0.9654147028923035,
        "2": 0.7506890296936035
    },
    "pair_chains_iptm": {
        "0": {
            "0": 0.9676759243011475,
            "1": 0.9230623245239258,
            "2": 0.4304412007331848
        },
        "1": {
            "0": 0.9205713868141174,
            "1": 0.9654147028923035,
            "2": 0.4071604609489441
        },
        "2": {
            "0": 0.7425209879875183,
            "1": 0.7322560548782349,
            "2": 0.7506890296936035
        }
    }
}