{
    "confidence_score": 0.8639376759529114,
    "ptm": 0.9264005422592163,
    "iptm": 0.8961203694343567,
    "ligand_iptm": 0.9367831945419312,
    "protein_iptm": 0.8788577914237976,
    "complex_plddt": 0.85589200258255,
    "complex_iplddt": 0.7283218502998352,
    "complex_pde": 0.3906421363353729,
    "complex_ipde": 0.7780570983886719,
    "chains_ptm": {
        "0": 0.9756882190704346,
        "1": 0.9812829494476318,
        "2": 0.9154425263404846
    },
    "pair_chains_iptm": {
        "0": {
            "0": 0.9756882190704346,
            "1": 0.8788577914237976,
            "2": 0.7447011470794678
        },
        "1": {
            "0": 0.869147539138794,
            "1": 0.9812829494476318,
            "2": 0.6815159320831299
        },
        "2": {
            "0": 0.9367831945419312,
            "1": 0.9357447624206543,
            "2": 0.9154425263404846
        }
    }
}