{
    "confidence_score": 0.8454093337059021,
    "ptm": 0.9165910482406616,
    "iptm": 0.8821619153022766,
    "ligand_iptm": 0.9408811330795288,
    "protein_iptm": 0.8564419150352478,
    "complex_plddt": 0.8362210988998413,
    "complex_iplddt": 0.639177143573761,
    "complex_pde": 0.4708138108253479,
    "complex_ipde": 1.1734668016433716,
    "chains_ptm": {
        "0": 0.9772933125495911,
        "1": 0.9789936542510986,
        "2": 0.8811542987823486
    },
    "pair_chains_iptm": {
        "0": {
            "0": 0.9772933125495911,
            "1": 0.8564419150352478,
            "2": 0.585597574710846
        },
        "1": {
            "0": 0.8246848583221436,
            "1": 0.9789936542510986,
            "2": 0.6887317895889282
        },
        "2": {
            "0": 0.8680792450904846,
            "1": 0.9408811330795288,
            "2": 0.8811542987823486
        }
    }
}