{
    "confidence_score": 0.8525202870368958,
    "ptm": 0.876152753829956,
    "iptm": 0.7971683740615845,
    "ligand_iptm": 0.8800260424613953,
    "protein_iptm": 0.75667804479599,
    "complex_plddt": 0.86635822057724,
    "complex_iplddt": 0.7440150380134583,
    "complex_pde": 0.5227429866790771,
    "complex_ipde": 1.3756731748580933,
    "chains_ptm": {
        "0": 0.9738339781761169,
        "1": 0.974591076374054,
        "2": 0.867021918296814
    },
    "pair_chains_iptm": {
        "0": {
            "0": 0.9738339781761169,
            "1": 0.7506507635116577,
            "2": 0.6674700975418091
        },
        "1": {
            "0": 0.75667804479599,
            "1": 0.974591076374054,
            "2": 0.5659790635108948
        },
        "2": {
            "0": 0.8800260424613953,
            "1": 0.8480914235115051,
            "2": 0.867021918296814
        }
    }
}