{
    "confidence_score": 0.8742432594299316,
    "ptm": 0.9195803999900818,
    "iptm": 0.8896582722663879,
    "ligand_iptm": 0.802156388759613,
    "protein_iptm": 0.9395362734794617,
    "complex_plddt": 0.8703895211219788,
    "complex_iplddt": 0.7577100396156311,
    "complex_pde": 0.6699406504631042,
    "complex_ipde": 1.4425437450408936,
    "chains_ptm": {
        "0": 0.9726694226264954,
        "1": 0.9727905988693237,
        "2": 0.7790266275405884
    },
    "pair_chains_iptm": {
        "0": {
            "0": 0.9726694226264954,
            "1": 0.9395362734794617,
            "2": 0.4976247251033783
        },
        "1": {
            "0": 0.9388392567634583,
            "1": 0.9727905988693237,
            "2": 0.5015347003936768
        },
        "2": {
            "0": 0.802156388759613,
            "1": 0.7940828800201416,
            "2": 0.7790266275405884
        }
    }
}