{
    "confidence_score": 0.8845152854919434,
    "ptm": 0.9140646457672119,
    "iptm": 0.8797082304954529,
    "ligand_iptm": 0.7888129353523254,
    "protein_iptm": 0.9329075217247009,
    "complex_plddt": 0.8857170343399048,
    "complex_iplddt": 0.7819700241088867,
    "complex_pde": 0.7357602119445801,
    "complex_ipde": 1.621949553489685,
    "chains_ptm": {
        "0": 0.9717673063278198,
        "1": 0.969419538974762,
        "2": 0.7652495503425598
    },
    "pair_chains_iptm": {
        "0": {
            "0": 0.9717673063278198,
            "1": 0.9329075217247009,
            "2": 0.4868209660053253
        },
        "1": {
            "0": 0.9316837191581726,
            "1": 0.969419538974762,
            "2": 0.46705007553100586
        },
        "2": {
            "0": 0.7888129353523254,
            "1": 0.7823553681373596,
            "2": 0.7652495503425598
        }
    }
}