{
    "confidence_score": 0.8787193298339844,
    "ptm": 0.9276240468025208,
    "iptm": 0.900991678237915,
    "ligand_iptm": 0.8223320841789246,
    "protein_iptm": 0.9456300735473633,
    "complex_plddt": 0.8731513023376465,
    "complex_iplddt": 0.7578487992286682,
    "complex_pde": 0.656521201133728,
    "complex_ipde": 1.3812912702560425,
    "chains_ptm": {
        "0": 0.969176709651947,
        "1": 0.9693127870559692,
        "2": 0.7956064343452454
    },
    "pair_chains_iptm": {
        "0": {
            "0": 0.969176709651947,
            "1": 0.9456300735473633,
            "2": 0.47426772117614746
        },
        "1": {
            "0": 0.9444790482521057,
            "1": 0.9693127870559692,
            "2": 0.4921027719974518
        },
        "2": {
            "0": 0.8223320841789246,
            "1": 0.8222081661224365,
            "2": 0.7956064343452454
        }
    }
}