{
    "confidence_score": 0.8304068446159363,
    "ptm": 0.8491777181625366,
    "iptm": 0.7552683353424072,
    "ligand_iptm": 0.8337109684944153,
    "protein_iptm": 0.7158795595169067,
    "complex_plddt": 0.8491914868354797,
    "complex_iplddt": 0.6882906556129456,
    "complex_pde": 0.624348521232605,
    "complex_ipde": 1.8171498775482178,
    "chains_ptm": {
        "0": 0.9664028882980347,
        "1": 0.9693951606750488,
        "2": 0.8290073275566101
    },
    "pair_chains_iptm": {
        "0": {
            "0": 0.9664028882980347,
            "1": 0.7158795595169067,
            "2": 0.5938704609870911
        },
        "1": {
            "0": 0.7132633924484253,
            "1": 0.9693951606750488,
            "2": 0.4957085847854614
        },
        "2": {
            "0": 0.8337109684944153,
            "1": 0.8045293688774109,
            "2": 0.8290073275566101
        }
    }
}