{
    "confidence_score": 0.870552659034729,
    "ptm": 0.9030210375785828,
    "iptm": 0.8648034334182739,
    "ligand_iptm": 0.7429212927818298,
    "protein_iptm": 0.9338275194168091,
    "complex_plddt": 0.8719899654388428,
    "complex_iplddt": 0.7510241270065308,
    "complex_pde": 0.8189528584480286,
    "complex_ipde": 1.827254056930542,
    "chains_ptm": {
        "0": 0.9665693044662476,
        "1": 0.966154932975769,
        "2": 0.7195428013801575
    },
    "pair_chains_iptm": {
        "0": {
            "0": 0.9665693044662476,
            "1": 0.9338275194168091,
            "2": 0.3865935206413269
        },
        "1": {
            "0": 0.933159351348877,
            "1": 0.966154932975769,
            "2": 0.37444812059402466
        },
        "2": {
            "0": 0.7416336536407471,
            "1": 0.7429212927818298,
            "2": 0.7195428013801575
        }
    }
}