{
    "confidence_score": 0.8309349417686462,
    "ptm": 0.9080058932304382,
    "iptm": 0.8653059601783752,
    "ligand_iptm": 0.9434229135513306,
    "protein_iptm": 0.8362564444541931,
    "complex_plddt": 0.8223421573638916,
    "complex_iplddt": 0.6983371376991272,
    "complex_pde": 0.49031955003738403,
    "complex_ipde": 1.1795306205749512,
    "chains_ptm": {
        "0": 0.9689422249794006,
        "1": 0.9763951301574707,
        "2": 0.9014672636985779
    },
    "pair_chains_iptm": {
        "0": {
            "0": 0.9689422249794006,
            "1": 0.8327077627182007,
            "2": 0.7843157052993774
        },
        "1": {
            "0": 0.8362564444541931,
            "1": 0.9763951301574707,
            "2": 0.5374113917350769
        },
        "2": {
            "0": 0.9434229135513306,
            "1": 0.8035075664520264,
            "2": 0.9014672636985779
        }
    }
}