{
    "confidence_score": 0.8681063055992126,
    "ptm": 0.9184778332710266,
    "iptm": 0.8848556876182556,
    "ligand_iptm": 0.7750758528709412,
    "protein_iptm": 0.9457709789276123,
    "complex_plddt": 0.8639189004898071,
    "complex_iplddt": 0.7506071329116821,
    "complex_pde": 0.7094672322273254,
    "complex_ipde": 1.528423547744751,
    "chains_ptm": {
        "0": 0.9736730456352234,
        "1": 0.9700995087623596,
        "2": 0.7535578608512878
    },
    "pair_chains_iptm": {
        "0": {
            "0": 0.9736730456352234,
            "1": 0.9457709789276123,
            "2": 0.4668112099170685
        },
        "1": {
            "0": 0.9444164037704468,
            "1": 0.9700995087623596,
            "2": 0.46679794788360596
        },
        "2": {
            "0": 0.7750758528709412,
            "1": 0.7735775113105774,
            "2": 0.7535578608512878
        }
    }
}