{
    "confidence_score": 0.8513502478599548,
    "ptm": 0.9044555425643921,
    "iptm": 0.8559290766716003,
    "ligand_iptm": 0.9213598370552063,
    "protein_iptm": 0.8293762803077698,
    "complex_plddt": 0.8502054810523987,
    "complex_iplddt": 0.7101194858551025,
    "complex_pde": 0.42787396907806396,
    "complex_ipde": 0.9279922246932983,
    "chains_ptm": {
        "0": 0.9739000797271729,
        "1": 0.9773187637329102,
        "2": 0.9127012491226196
    },
    "pair_chains_iptm": {
        "0": {
            "0": 0.9739000797271729,
            "1": 0.8293762803077698,
            "2": 0.7167975902557373
        },
        "1": {
            "0": 0.8167006969451904,
            "1": 0.9773187637329102,
            "2": 0.6364518404006958
        },
        "2": {
            "0": 0.9213598370552063,
            "1": 0.9173590540885925,
            "2": 0.9127012491226196
        }
    }
}