{
    "confidence_score": 0.9110146760940552,
    "ptm": 0.9336740970611572,
    "iptm": 0.9119904041290283,
    "ligand_iptm": 0.8534860014915466,
    "protein_iptm": 0.9459169507026672,
    "complex_plddt": 0.9107707142829895,
    "complex_iplddt": 0.8312816619873047,
    "complex_pde": 0.5685785412788391,
    "complex_ipde": 1.1087247133255005,
    "chains_ptm": {
        "0": 0.9715594053268433,
        "1": 0.9698570370674133,
        "2": 0.8358137607574463
    },
    "pair_chains_iptm": {
        "0": {
            "0": 0.9715594053268433,
            "1": 0.9459169507026672,
            "2": 0.5744229555130005
        },
        "1": {
            "0": 0.9445443749427795,
            "1": 0.9698570370674133,
            "2": 0.5778476595878601
        },
        "2": {
            "0": 0.8534860014915466,
            "1": 0.8512254953384399,
            "2": 0.8358137607574463
        }
    }
}