{
    "confidence_score": 0.8407333493232727,
    "ptm": 0.9250858426094055,
    "iptm": 0.8840650916099548,
    "ligand_iptm": 0.9306841492652893,
    "protein_iptm": 0.8658815026283264,
    "complex_plddt": 0.8299004435539246,
    "complex_iplddt": 0.6638060808181763,
    "complex_pde": 0.41008421778678894,
    "complex_ipde": 0.8908140659332275,
    "chains_ptm": {
        "0": 0.9769396185874939,
        "1": 0.9804860949516296,
        "2": 0.8955211639404297
    },
    "pair_chains_iptm": {
        "0": {
            "0": 0.9769396185874939,
            "1": 0.8658815026283264,
            "2": 0.7112610340118408
        },
        "1": {
            "0": 0.8603135347366333,
            "1": 0.9804860949516296,
            "2": 0.6414515972137451
        },
        "2": {
            "0": 0.9306841492652893,
            "1": 0.9115555286407471,
            "2": 0.8955211639404297
        }
    }
}