{
    "confidence_score": 0.843040406703949,
    "ptm": 0.8529531359672546,
    "iptm": 0.7583563327789307,
    "ligand_iptm": 0.8304900527000427,
    "protein_iptm": 0.7272530198097229,
    "complex_plddt": 0.86421138048172,
    "complex_iplddt": 0.7375062704086304,
    "complex_pde": 0.6024471521377563,
    "complex_ipde": 1.6766657829284668,
    "chains_ptm": {
        "0": 0.9706164002418518,
        "1": 0.9727693200111389,
        "2": 0.8413016200065613
    },
    "pair_chains_iptm": {
        "0": {
            "0": 0.9706164002418518,
            "1": 0.7272530198097229,
            "2": 0.603410542011261
        },
        "1": {
            "0": 0.7214028239250183,
            "1": 0.9727693200111389,
            "2": 0.5071491599082947
        },
        "2": {
            "0": 0.8304900527000427,
            "1": 0.82865309715271,
            "2": 0.8413016200065613
        }
    }
}