{
    "confidence_score": 0.8911722302436829,
    "ptm": 0.9252278208732605,
    "iptm": 0.896781325340271,
    "ligand_iptm": 0.8174999356269836,
    "protein_iptm": 0.9423974752426147,
    "complex_plddt": 0.889769971370697,
    "complex_iplddt": 0.7955834269523621,
    "complex_pde": 0.6695265173912048,
    "complex_ipde": 1.4480253458023071,
    "chains_ptm": {
        "0": 0.9730678796768188,
        "1": 0.9717625975608826,
        "2": 0.7687680125236511
    },
    "pair_chains_iptm": {
        "0": {
            "0": 0.9730678796768188,
            "1": 0.9423974752426147,
            "2": 0.5036536455154419
        },
        "1": {
            "0": 0.9410431981086731,
            "1": 0.9717625975608826,
            "2": 0.46870604157447815
        },
        "2": {
            "0": 0.8174999356269836,
            "1": 0.8134489059448242,
            "2": 0.7687680125236511
        }
    }
}