{
    "confidence_score": 0.8982848525047302,
    "ptm": 0.927200436592102,
    "iptm": 0.9014018177986145,
    "ligand_iptm": 0.8424448370933533,
    "protein_iptm": 0.9376621246337891,
    "complex_plddt": 0.8975055813789368,
    "complex_iplddt": 0.8144851922988892,
    "complex_pde": 0.6167290210723877,
    "complex_ipde": 1.232210636138916,
    "chains_ptm": {
        "0": 0.9710507392883301,
        "1": 0.9706849455833435,
        "2": 0.8249537944793701
    },
    "pair_chains_iptm": {
        "0": {
            "0": 0.9710507392883301,
            "1": 0.9376621246337891,
            "2": 0.5426042079925537
        },
        "1": {
            "0": 0.9369832873344421,
            "1": 0.9706849455833435,
            "2": 0.5415016412734985
        },
        "2": {
            "0": 0.8424448370933533,
            "1": 0.8384610414505005,
            "2": 0.8249537944793701
        }
    }
}