{
    "confidence_score": 0.8382758498191833,
    "ptm": 0.8637941479682922,
    "iptm": 0.7853480577468872,
    "ligand_iptm": 0.8647289276123047,
    "protein_iptm": 0.7438670992851257,
    "complex_plddt": 0.8515077829360962,
    "complex_iplddt": 0.6988987922668457,
    "complex_pde": 0.4942547380924225,
    "complex_ipde": 1.314746618270874,
    "chains_ptm": {
        "0": 0.9734179973602295,
        "1": 0.9769565463066101,
        "2": 0.8709890246391296
    },
    "pair_chains_iptm": {
        "0": {
            "0": 0.9734179973602295,
            "1": 0.7334491014480591,
            "2": 0.6888103485107422
        },
        "1": {
            "0": 0.7438670992851257,
            "1": 0.9769565463066101,
            "2": 0.61989825963974
        },
        "2": {
            "0": 0.8635045289993286,
            "1": 0.8647289276123047,
            "2": 0.8709890246391296
        }
    }
}