{
    "confidence_score": 0.8991603255271912,
    "ptm": 0.9331917762756348,
    "iptm": 0.908183753490448,
    "ligand_iptm": 0.8439863920211792,
    "protein_iptm": 0.9460009336471558,
    "complex_plddt": 0.896904468536377,
    "complex_iplddt": 0.802545428276062,
    "complex_pde": 0.5954747200012207,
    "complex_ipde": 1.189238429069519,
    "chains_ptm": {
        "0": 0.975154459476471,
        "1": 0.9716765880584717,
        "2": 0.824857234954834
    },
    "pair_chains_iptm": {
        "0": {
            "0": 0.975154459476471,
            "1": 0.9460009336471558,
            "2": 0.5498248338699341
        },
        "1": {
            "0": 0.9457874298095703,
            "1": 0.9716765880584717,
            "2": 0.5485299825668335
        },
        "2": {
            "0": 0.8439863920211792,
            "1": 0.8413706421852112,
            "2": 0.824857234954834
        }
    }
}