{
    "confidence_score": 0.8349969983100891,
    "ptm": 0.8505043387413025,
    "iptm": 0.7519513964653015,
    "ligand_iptm": 0.8504393696784973,
    "protein_iptm": 0.702170729637146,
    "complex_plddt": 0.8557584285736084,
    "complex_iplddt": 0.6973274946212769,
    "complex_pde": 0.587806224822998,
    "complex_ipde": 1.6950851678848267,
    "chains_ptm": {
        "0": 0.9720982313156128,
        "1": 0.9743064045906067,
        "2": 0.8639805912971497
    },
    "pair_chains_iptm": {
        "0": {
            "0": 0.9720982313156128,
            "1": 0.6971164345741272,
            "2": 0.6686320900917053
        },
        "1": {
            "0": 0.702170729637146,
            "1": 0.9743064045906067,
            "2": 0.5546469688415527
        },
        "2": {
            "0": 0.8504393696784973,
            "1": 0.8136419057846069,
            "2": 0.8639805912971497
        }
    }
}