{
    "confidence_score": 0.8867418169975281,
    "ptm": 0.9050562977790833,
    "iptm": 0.8690564036369324,
    "ligand_iptm": 0.7783697843551636,
    "protein_iptm": 0.9229068160057068,
    "complex_plddt": 0.8911632299423218,
    "complex_iplddt": 0.806648850440979,
    "complex_pde": 0.7544407248497009,
    "complex_ipde": 1.6855013370513916,
    "chains_ptm": {
        "0": 0.9664812684059143,
        "1": 0.9641577005386353,
        "2": 0.749977171421051
    },
    "pair_chains_iptm": {
        "0": {
            "0": 0.9664812684059143,
            "1": 0.9229068160057068,
            "2": 0.4547983407974243
        },
        "1": {
            "0": 0.9192613363265991,
            "1": 0.9641577005386353,
            "2": 0.4594023823738098
        },
        "2": {
            "0": 0.7783697843551636,
            "1": 0.7684678435325623,
            "2": 0.749977171421051
        }
    }
}