{
    "confidence_score": 0.8713645339012146,
    "ptm": 0.9106348752975464,
    "iptm": 0.8782125115394592,
    "ligand_iptm": 0.7755598425865173,
    "protein_iptm": 0.9382474422454834,
    "complex_plddt": 0.869652509689331,
    "complex_iplddt": 0.7415274381637573,
    "complex_pde": 0.740591824054718,
    "complex_ipde": 1.5533376932144165,
    "chains_ptm": {
        "0": 0.9691569805145264,
        "1": 0.966606616973877,
        "2": 0.7678883075714111
    },
    "pair_chains_iptm": {
        "0": {
            "0": 0.9691569805145264,
            "1": 0.9382474422454834,
            "2": 0.46247729659080505
        },
        "1": {
            "0": 0.9362136721611023,
            "1": 0.966606616973877,
            "2": 0.4441259503364563
        },
        "2": {
            "0": 0.7755598425865173,
            "1": 0.770745575428009,
            "2": 0.7678883075714111
        }
    }
}