{
    "confidence_score": 0.8739620447158813,
    "ptm": 0.9018427729606628,
    "iptm": 0.8619958162307739,
    "ligand_iptm": 0.7447333931922913,
    "protein_iptm": 0.9285982251167297,
    "complex_plddt": 0.8769536018371582,
    "complex_iplddt": 0.7594941854476929,
    "complex_pde": 0.8031374216079712,
    "complex_ipde": 1.8285295963287354,
    "chains_ptm": {
        "0": 0.9678394794464111,
        "1": 0.9666374921798706,
        "2": 0.7694512009620667
    },
    "pair_chains_iptm": {
        "0": {
            "0": 0.9678394794464111,
            "1": 0.9285982251167297,
            "2": 0.431229829788208
        },
        "1": {
            "0": 0.9273395538330078,
            "1": 0.9666374921798706,
            "2": 0.42332223057746887
        },
        "2": {
            "0": 0.7447333931922913,
            "1": 0.7416220903396606,
            "2": 0.7694512009620667
        }
    }
}