{
    "confidence_score": 0.9057292938232422,
    "ptm": 0.9190124273300171,
    "iptm": 0.8876070976257324,
    "ligand_iptm": 0.8090654015541077,
    "protein_iptm": 0.9356136322021484,
    "complex_plddt": 0.9102598428726196,
    "complex_iplddt": 0.8454751372337341,
    "complex_pde": 0.6858154535293579,
    "complex_ipde": 1.4447077512741089,
    "chains_ptm": {
        "0": 0.9672306776046753,
        "1": 0.967029869556427,
        "2": 0.8251412510871887
    },
    "pair_chains_iptm": {
        "0": {
            "0": 0.9672306776046753,
            "1": 0.9356136322021484,
            "2": 0.5602220296859741
        },
        "1": {
            "0": 0.9341186285018921,
            "1": 0.967029869556427,
            "2": 0.5543743968009949
        },
        "2": {
            "0": 0.8090654015541077,
            "1": 0.8029748797416687,
            "2": 0.8251412510871887
        }
    }
}