{
    "confidence_score": 0.8520639538764954,
    "ptm": 0.87263023853302,
    "iptm": 0.7936316132545471,
    "ligand_iptm": 0.8931695818901062,
    "protein_iptm": 0.7419847846031189,
    "complex_plddt": 0.8666719794273376,
    "complex_iplddt": 0.7241057753562927,
    "complex_pde": 0.4628460109233856,
    "complex_ipde": 1.1499782800674438,
    "chains_ptm": {
        "0": 0.9759429097175598,
        "1": 0.9792899489402771,
        "2": 0.8944721817970276
    },
    "pair_chains_iptm": {
        "0": {
            "0": 0.9759429097175598,
            "1": 0.7346566915512085,
            "2": 0.6824914813041687
        },
        "1": {
            "0": 0.7419847846031189,
            "1": 0.9792899489402771,
            "2": 0.6493677496910095
        },
        "2": {
            "0": 0.8931695818901062,
            "1": 0.8643454313278198,
            "2": 0.8944721817970276
        }
    }
}