{
    "confidence_score": 0.8813959360122681,
    "ptm": 0.9074852466583252,
    "iptm": 0.8702552318572998,
    "ligand_iptm": 0.7926899194717407,
    "protein_iptm": 0.9125966429710388,
    "complex_plddt": 0.8841811418533325,
    "complex_iplddt": 0.78630530834198,
    "complex_pde": 0.6838857531547546,
    "complex_ipde": 1.4911999702453613,
    "chains_ptm": {
        "0": 0.9705802202224731,
        "1": 0.970885694026947,
        "2": 0.7907471060752869
    },
    "pair_chains_iptm": {
        "0": {
            "0": 0.9705802202224731,
            "1": 0.9125966429710388,
            "2": 0.5007874369621277
        },
        "1": {
            "0": 0.9117799997329712,
            "1": 0.970885694026947,
            "2": 0.49553075432777405
        },
        "2": {
            "0": 0.7926899194717407,
            "1": 0.7897167205810547,
            "2": 0.7907471060752869
        }
    }
}