{
    "confidence_score": 0.8849080204963684,
    "ptm": 0.9019959568977356,
    "iptm": 0.8626765608787537,
    "ligand_iptm": 0.7631174325942993,
    "protein_iptm": 0.9214341044425964,
    "complex_plddt": 0.8904658555984497,
    "complex_iplddt": 0.8095239996910095,
    "complex_pde": 0.7950335741043091,
    "complex_ipde": 1.7905603647232056,
    "chains_ptm": {
        "0": 0.9664623141288757,
        "1": 0.9654353260993958,
        "2": 0.7711058855056763
    },
    "pair_chains_iptm": {
        "0": {
            "0": 0.9664623141288757,
            "1": 0.9214341044425964,
            "2": 0.46554651856422424
        },
        "1": {
            "0": 0.9190195202827454,
            "1": 0.9654353260993958,
            "2": 0.4518391788005829
        },
        "2": {
            "0": 0.7631174325942993,
            "1": 0.7555435299873352,
            "2": 0.7711058855056763
        }
    }
}