{
    "confidence_score": 0.895067036151886,
    "ptm": 0.9146213531494141,
    "iptm": 0.8807268738746643,
    "ligand_iptm": 0.7906187772750854,
    "protein_iptm": 0.9346607327461243,
    "complex_plddt": 0.8986520767211914,
    "complex_iplddt": 0.8151557445526123,
    "complex_pde": 0.7422505617141724,
    "complex_ipde": 1.596148133277893,
    "chains_ptm": {
        "0": 0.9700840711593628,
        "1": 0.9701796770095825,
        "2": 0.7883654832839966
    },
    "pair_chains_iptm": {
        "0": {
            "0": 0.9700840711593628,
            "1": 0.9346607327461243,
            "2": 0.49966272711753845
        },
        "1": {
            "0": 0.9328358173370361,
            "1": 0.9701796770095825,
            "2": 0.4871203899383545
        },
        "2": {
            "0": 0.7906187772750854,
            "1": 0.783432126045227,
            "2": 0.7883654832839966
        }
    }
}