{
    "confidence_score": 0.8618461489677429,
    "ptm": 0.9038686156272888,
    "iptm": 0.8659088015556335,
    "ligand_iptm": 0.7841984033584595,
    "protein_iptm": 0.9188982248306274,
    "complex_plddt": 0.8608304858207703,
    "complex_iplddt": 0.7316027283668518,
    "complex_pde": 0.7426555752754211,
    "complex_ipde": 1.6303492784500122,
    "chains_ptm": {
        "0": 0.9684939384460449,
        "1": 0.9685084223747253,
        "2": 0.7578452229499817
    },
    "pair_chains_iptm": {
        "0": {
            "0": 0.9684939384460449,
            "1": 0.9188982248306274,
            "2": 0.4550440013408661
        },
        "1": {
            "0": 0.9160234332084656,
            "1": 0.9685084223747253,
            "2": 0.4274307191371918
        },
        "2": {
            "0": 0.7841984033584595,
            "1": 0.7668153047561646,
            "2": 0.7578452229499817
        }
    }
}