{
    "confidence_score": 0.9012854695320129,
    "ptm": 0.9271103739738464,
    "iptm": 0.8989680409431458,
    "ligand_iptm": 0.8250808119773865,
    "protein_iptm": 0.9439725279808044,
    "complex_plddt": 0.9018648266792297,
    "complex_iplddt": 0.8223392963409424,
    "complex_pde": 0.6310539841651917,
    "complex_ipde": 1.2873402833938599,
    "chains_ptm": {
        "0": 0.970734715461731,
        "1": 0.9701175093650818,
        "2": 0.8194822072982788
    },
    "pair_chains_iptm": {
        "0": {
            "0": 0.970734715461731,
            "1": 0.9439725279808044,
            "2": 0.5521381497383118
        },
        "1": {
            "0": 0.9436731338500977,
            "1": 0.9701175093650818,
            "2": 0.5431774258613586
        },
        "2": {
            "0": 0.8250808119773865,
            "1": 0.8221988677978516,
            "2": 0.8194822072982788
        }
    }
}