{
    "confidence_score": 0.8917528986930847,
    "ptm": 0.9201321005821228,
    "iptm": 0.8825063705444336,
    "ligand_iptm": 0.9246336221694946,
    "protein_iptm": 0.8640538454055786,
    "complex_plddt": 0.8940645456314087,
    "complex_iplddt": 0.8045744299888611,
    "complex_pde": 0.4150323271751404,
    "complex_ipde": 0.9028173089027405,
    "chains_ptm": {
        "0": 0.9741098284721375,
        "1": 0.9809481501579285,
        "2": 0.8955260515213013
    },
    "pair_chains_iptm": {
        "0": {
            "0": 0.9741098284721375,
            "1": 0.8640538454055786,
            "2": 0.7187961935997009
        },
        "1": {
            "0": 0.8541781902313232,
            "1": 0.9809481501579285,
            "2": 0.6702786684036255
        },
        "2": {
            "0": 0.921432375907898,
            "1": 0.9246336221694946,
            "2": 0.8955260515213013
        }
    }
}