{
    "confidence_score": 0.8215093016624451,
    "ptm": 0.8648759722709656,
    "iptm": 0.7773516774177551,
    "ligand_iptm": 0.8767970204353333,
    "protein_iptm": 0.7265670299530029,
    "complex_plddt": 0.8325486183166504,
    "complex_iplddt": 0.6527044177055359,
    "complex_pde": 0.5620001554489136,
    "complex_ipde": 1.6153943538665771,
    "chains_ptm": {
        "0": 0.9733664393424988,
        "1": 0.9761121869087219,
        "2": 0.86966472864151
    },
    "pair_chains_iptm": {
        "0": {
            "0": 0.9733664393424988,
            "1": 0.7113196849822998,
            "2": 0.6726866960525513
        },
        "1": {
            "0": 0.7265670299530029,
            "1": 0.9761121869087219,
            "2": 0.5461106896400452
        },
        "2": {
            "0": 0.8767970204353333,
            "1": 0.8209981322288513,
            "2": 0.86966472864151
        }
    }
}