{
    "confidence_score": 0.8401933908462524,
    "ptm": 0.8582499623298645,
    "iptm": 0.7650144100189209,
    "ligand_iptm": 0.8476282954216003,
    "protein_iptm": 0.727285623550415,
    "complex_plddt": 0.8589881062507629,
    "complex_iplddt": 0.7005925178527832,
    "complex_pde": 0.5402306318283081,
    "complex_ipde": 1.4902212619781494,
    "chains_ptm": {
        "0": 0.9730606079101562,
        "1": 0.9766831398010254,
        "2": 0.843876838684082
    },
    "pair_chains_iptm": {
        "0": {
            "0": 0.9730606079101562,
            "1": 0.727285623550415,
            "2": 0.6546133756637573
        },
        "1": {
            "0": 0.7194046378135681,
            "1": 0.9766831398010254,
            "2": 0.549177348613739
        },
        "2": {
            "0": 0.8476282954216003,
            "1": 0.8421037197113037,
            "2": 0.843876838684082
        }
    }
}