{
    "confidence_score": 0.8587028384208679,
    "ptm": 0.9303473234176636,
    "iptm": 0.8941323757171631,
    "ligand_iptm": 0.9291746616363525,
    "protein_iptm": 0.8830838203430176,
    "complex_plddt": 0.8498454689979553,
    "complex_iplddt": 0.7058225870132446,
    "complex_pde": 0.41399452090263367,
    "complex_ipde": 0.8611167669296265,
    "chains_ptm": {
        "0": 0.9751688241958618,
        "1": 0.9789624214172363,
        "2": 0.8948547840118408
    },
    "pair_chains_iptm": {
        "0": {
            "0": 0.9751688241958618,
            "1": 0.8830838203430176,
            "2": 0.6897819638252258
        },
        "1": {
            "0": 0.8747860193252563,
            "1": 0.9789624214172363,
            "2": 0.7072901129722595
        },
        "2": {
            "0": 0.9291746616363525,
            "1": 0.9167652726173401,
            "2": 0.8948547840118408
        }
    }
}