{
    "confidence_score": 0.8581220507621765,
    "ptm": 0.8971503376960754,
    "iptm": 0.8564474582672119,
    "ligand_iptm": 0.7439641356468201,
    "protein_iptm": 0.9232356548309326,
    "complex_plddt": 0.8585407137870789,
    "complex_iplddt": 0.7253574132919312,
    "complex_pde": 0.8556612730026245,
    "complex_ipde": 1.9552209377288818,
    "chains_ptm": {
        "0": 0.9652162194252014,
        "1": 0.9655506610870361,
        "2": 0.7429689168930054
    },
    "pair_chains_iptm": {
        "0": {
            "0": 0.9652162194252014,
            "1": 0.9232356548309326,
            "2": 0.4021657109260559
        },
        "1": {
            "0": 0.9225261211395264,
            "1": 0.9655506610870361,
            "2": 0.37340596318244934
        },
        "2": {
            "0": 0.7439641356468201,
            "1": 0.7310094833374023,
            "2": 0.7429689168930054
        }
    }
}