{
    "confidence_score": 0.8767983317375183,
    "ptm": 0.9052465558052063,
    "iptm": 0.8672764301300049,
    "ligand_iptm": 0.7770866751670837,
    "protein_iptm": 0.9254274368286133,
    "complex_plddt": 0.8791788220405579,
    "complex_iplddt": 0.7723078727722168,
    "complex_pde": 0.7817262411117554,
    "complex_ipde": 1.7554973363876343,
    "chains_ptm": {
        "0": 0.9604169130325317,
        "1": 0.9663498401641846,
        "2": 0.7891244888305664
    },
    "pair_chains_iptm": {
        "0": {
            "0": 0.9604169130325317,
            "1": 0.9254274368286133,
            "2": 0.46238598227500916
        },
        "1": {
            "0": 0.9246304631233215,
            "1": 0.9663498401641846,
            "2": 0.507350742816925
        },
        "2": {
            "0": 0.7606213092803955,
            "1": 0.7770866751670837,
            "2": 0.7891244888305664
        }
    }
}