{
    "confidence_score": 0.8828701376914978,
    "ptm": 0.9042186737060547,
    "iptm": 0.8674075603485107,
    "ligand_iptm": 0.801283061504364,
    "protein_iptm": 0.9076794981956482,
    "complex_plddt": 0.8867356777191162,
    "complex_iplddt": 0.7930986285209656,
    "complex_pde": 0.7084671258926392,
    "complex_ipde": 1.5460686683654785,
    "chains_ptm": {
        "0": 0.9679257869720459,
        "1": 0.9665437340736389,
        "2": 0.7754501104354858
    },
    "pair_chains_iptm": {
        "0": {
            "0": 0.9679257869720459,
            "1": 0.9076794981956482,
            "2": 0.4881950616836548
        },
        "1": {
            "0": 0.9065706729888916,
            "1": 0.9665437340736389,
            "2": 0.4756369888782501
        },
        "2": {
            "0": 0.801283061504364,
            "1": 0.7869707345962524,
            "2": 0.7754501104354858
        }
    }
}