{
    "confidence_score": 0.8843912482261658,
    "ptm": 0.9261359572410583,
    "iptm": 0.8984113931655884,
    "ligand_iptm": 0.8270765542984009,
    "protein_iptm": 0.9419176578521729,
    "complex_plddt": 0.8808861374855042,
    "complex_iplddt": 0.7654832601547241,
    "complex_pde": 0.6488577127456665,
    "complex_ipde": 1.355934500694275,
    "chains_ptm": {
        "0": 0.972675621509552,
        "1": 0.9712569117546082,
        "2": 0.7881342768669128
    },
    "pair_chains_iptm": {
        "0": {
            "0": 0.972675621509552,
            "1": 0.9419176578521729,
            "2": 0.4956325590610504
        },
        "1": {
            "0": 0.940521776676178,
            "1": 0.9712569117546082,
            "2": 0.48456069827079773
        },
        "2": {
            "0": 0.8270765542984009,
            "1": 0.8196035623550415,
            "2": 0.7881342768669128
        }
    }
}