{
    "confidence_score": 0.822642982006073,
    "ptm": 0.7726911902427673,
    "iptm": 0.6434787511825562,
    "ligand_iptm": 0.8147477507591248,
    "protein_iptm": 0.5725702047348022,
    "complex_plddt": 0.867434024810791,
    "complex_iplddt": 0.7261319160461426,
    "complex_pde": 0.7081026434898376,
    "complex_ipde": 2.1597635746002197,
    "chains_ptm": {
        "0": 0.9692245721817017,
        "1": 0.9712892174720764,
        "2": 0.8064525723457336
    },
    "pair_chains_iptm": {
        "0": {
            "0": 0.9692245721817017,
            "1": 0.5725702047348022,
            "2": 0.4468010365962982
        },
        "1": {
            "0": 0.5651509165763855,
            "1": 0.9712892174720764,
            "2": 0.5541079640388489
        },
        "2": {
            "0": 0.7185865044593811,
            "1": 0.8147477507591248,
            "2": 0.8064525723457336
        }
    }
}