{
    "confidence_score": 0.8780337572097778,
    "ptm": 0.9319750666618347,
    "iptm": 0.9044890403747559,
    "ligand_iptm": 0.9553110599517822,
    "protein_iptm": 0.8822281956672668,
    "complex_plddt": 0.8714199066162109,
    "complex_iplddt": 0.723060131072998,
    "complex_pde": 0.34332144260406494,
    "complex_ipde": 0.5684457421302795,
    "chains_ptm": {
        "0": 0.9801255464553833,
        "1": 0.9817933440208435,
        "2": 0.9126637578010559
    },
    "pair_chains_iptm": {
        "0": {
            "0": 0.9801255464553833,
            "1": 0.8822281956672668,
            "2": 0.7418709397315979
        },
        "1": {
            "0": 0.8679105639457703,
            "1": 0.9817933440208435,
            "2": 0.700065553188324
        },
        "2": {
            "0": 0.9550367593765259,
            "1": 0.9553110599517822,
            "2": 0.9126637578010559
        }
    }
}