{
    "confidence_score": 0.8523344993591309,
    "ptm": 0.9305745363235474,
    "iptm": 0.8982381224632263,
    "ligand_iptm": 0.9412434697151184,
    "protein_iptm": 0.8843308091163635,
    "complex_plddt": 0.8408585786819458,
    "complex_iplddt": 0.7138420939445496,
    "complex_pde": 0.40493133664131165,
    "complex_ipde": 0.8428580164909363,
    "chains_ptm": {
        "0": 0.9722952246665955,
        "1": 0.9776480197906494,
        "2": 0.9052732586860657
    },
    "pair_chains_iptm": {
        "0": {
            "0": 0.9722952246665955,
            "1": 0.8843308091163635,
            "2": 0.7666006088256836
        },
        "1": {
            "0": 0.8803315758705139,
            "1": 0.9776480197906494,
            "2": 0.6968321204185486
        },
        "2": {
            "0": 0.9412434697151184,
            "1": 0.9124018549919128,
            "2": 0.9052732586860657
        }
    }
}