{
    "confidence_score": 0.7454275488853455,
    "ptm": 0.7163785696029663,
    "iptm": 0.5548060536384583,
    "ligand_iptm": 0.8205845355987549,
    "protein_iptm": 0.4509102404117584,
    "complex_plddt": 0.7930828928947449,
    "complex_iplddt": 0.5939739346504211,
    "complex_pde": 1.092895746231079,
    "complex_ipde": 3.8932321071624756,
    "chains_ptm": {
        "0": 0.9175519943237305,
        "1": 0.9546028971672058,
        "2": 0.8252702951431274
    },
    "pair_chains_iptm": {
        "0": {
            "0": 0.9175519943237305,
            "1": 0.4509102404117584,
            "2": 0.601963222026825
        },
        "1": {
            "0": 0.4219321608543396,
            "1": 0.9546028971672058,
            "2": 0.24841904640197754
        },
        "2": {
            "0": 0.8205845355987549,
            "1": 0.47804558277130127,
            "2": 0.8252702951431274
        }
    }
}