{
    "confidence_score": 0.850286602973938,
    "ptm": 0.9394389986991882,
    "iptm": 0.9069094657897949,
    "ligand_iptm": 0.9534884095191956,
    "protein_iptm": 0.887683093547821,
    "complex_plddt": 0.8361308574676514,
    "complex_iplddt": 0.6761941313743591,
    "complex_pde": 0.3413737416267395,
    "complex_ipde": 0.6107298135757446,
    "chains_ptm": {
        "0": 0.9810940027236938,
        "1": 0.9841539263725281,
        "2": 0.9292961359024048
    },
    "pair_chains_iptm": {
        "0": {
            "0": 0.9810940027236938,
            "1": 0.887683093547821,
            "2": 0.8154140114784241
        },
        "1": {
            "0": 0.8804821372032166,
            "1": 0.9841539263725281,
            "2": 0.7504473924636841
        },
        "2": {
            "0": 0.9534884095191956,
            "1": 0.9508035778999329,
            "2": 0.9292961359024048
        }
    }
}