{
    "confidence_score": 0.7988492846488953,
    "ptm": 0.8290945291519165,
    "iptm": 0.7229968905448914,
    "ligand_iptm": 0.8346653580665588,
    "protein_iptm": 0.6658573150634766,
    "complex_plddt": 0.8178123235702515,
    "complex_iplddt": 0.5802723169326782,
    "complex_pde": 0.726059079170227,
    "complex_ipde": 2.269371271133423,
    "chains_ptm": {
        "0": 0.9622620344161987,
        "1": 0.9678597450256348,
        "2": 0.8413779139518738
    },
    "pair_chains_iptm": {
        "0": {
            "0": 0.9622620344161987,
            "1": 0.6395778656005859,
            "2": 0.6564647555351257
        },
        "1": {
            "0": 0.6658573150634766,
            "1": 0.9678597450256348,
            "2": 0.4413028061389923
        },
        "2": {
            "0": 0.8346653580665588,
            "1": 0.7274826765060425,
            "2": 0.8413779139518738
        }
    }
}