{
    "confidence_score": 0.8695389628410339,
    "ptm": 0.902298629283905,
    "iptm": 0.8624447584152222,
    "ligand_iptm": 0.7251501083374023,
    "protein_iptm": 0.9408442378044128,
    "complex_plddt": 0.8713124990463257,
    "complex_iplddt": 0.7402328848838806,
    "complex_pde": 0.8449180126190186,
    "complex_ipde": 1.8840477466583252,
    "chains_ptm": {
        "0": 0.9695139527320862,
        "1": 0.9695644378662109,
        "2": 0.7264901995658875
    },
    "pair_chains_iptm": {
        "0": {
            "0": 0.9695139527320862,
            "1": 0.9403257966041565,
            "2": 0.4080263078212738
        },
        "1": {
            "0": 0.9408442378044128,
            "1": 0.9695644378662109,
            "2": 0.3808598220348358
        },
        "2": {
            "0": 0.7251501083374023,
            "1": 0.7203609347343445,
            "2": 0.7264901995658875
        }
    }
}