{
    "confidence_score": 0.8085527420043945,
    "ptm": 0.8961373567581177,
    "iptm": 0.8395549654960632,
    "ligand_iptm": 0.8908807635307312,
    "protein_iptm": 0.817073404788971,
    "complex_plddt": 0.8008022308349609,
    "complex_iplddt": 0.5852645635604858,
    "complex_pde": 0.4839480519294739,
    "complex_ipde": 1.1868896484375,
    "chains_ptm": {
        "0": 0.9731917381286621,
        "1": 0.9774803519248962,
        "2": 0.8719580769538879
    },
    "pair_chains_iptm": {
        "0": {
            "0": 0.9731917381286621,
            "1": 0.817073404788971,
            "2": 0.6790049076080322
        },
        "1": {
            "0": 0.8107196688652039,
            "1": 0.9774803519248962,
            "2": 0.6275659799575806
        },
        "2": {
            "0": 0.8844128847122192,
            "1": 0.8908807635307312,
            "2": 0.8719580769538879
        }
    }
}