{
    "confidence_score": 0.8341826796531677,
    "ptm": 0.8493295311927795,
    "iptm": 0.7513430118560791,
    "ligand_iptm": 0.8384453654289246,
    "protein_iptm": 0.7076041102409363,
    "complex_plddt": 0.8548925518989563,
    "complex_iplddt": 0.713212788105011,
    "complex_pde": 0.6155281662940979,
    "complex_ipde": 1.755994200706482,
    "chains_ptm": {
        "0": 0.9705207943916321,
        "1": 0.9719507098197937,
        "2": 0.8504730463027954
    },
    "pair_chains_iptm": {
        "0": {
            "0": 0.9705207943916321,
            "1": 0.7076041102409363,
            "2": 0.6276550889015198
        },
        "1": {
            "0": 0.7066049575805664,
            "1": 0.9719507098197937,
            "2": 0.5243831872940063
        },
        "2": {
            "0": 0.8384453654289246,
            "1": 0.8065173625946045,
            "2": 0.8504730463027954
        }
    }
}