{
    "confidence_score": 0.8667446374893188,
    "ptm": 0.944322407245636,
    "iptm": 0.9252373576164246,
    "ligand_iptm": 0.9514984488487244,
    "protein_iptm": 0.9137345552444458,
    "complex_plddt": 0.8521214723587036,
    "complex_iplddt": 0.7085641026496887,
    "complex_pde": 0.35716918110847473,
    "complex_ipde": 0.6211872100830078,
    "chains_ptm": {
        "0": 0.9797213673591614,
        "1": 0.9789137840270996,
        "2": 0.9026160836219788
    },
    "pair_chains_iptm": {
        "0": {
            "0": 0.9797213673591614,
            "1": 0.9137345552444458,
            "2": 0.7491738796234131
        },
        "1": {
            "0": 0.9009235501289368,
            "1": 0.9789137840270996,
            "2": 0.6976763606071472
        },
        "2": {
            "0": 0.9489453434944153,
            "1": 0.9514984488487244,
            "2": 0.9026160836219788
        }
    }
}