{
    "confidence_score": 0.8948526382446289,
    "ptm": 0.927318274974823,
    "iptm": 0.8977400064468384,
    "ligand_iptm": 0.8113936185836792,
    "protein_iptm": 0.9493817687034607,
    "complex_plddt": 0.8941307663917542,
    "complex_iplddt": 0.805837094783783,
    "complex_pde": 0.6523052453994751,
    "complex_ipde": 1.3535380363464355,
    "chains_ptm": {
        "0": 0.9733381271362305,
        "1": 0.9725468754768372,
        "2": 0.7945796251296997
    },
    "pair_chains_iptm": {
        "0": {
            "0": 0.9733381271362305,
            "1": 0.9493817687034607,
            "2": 0.5110633373260498
        },
        "1": {
            "0": 0.9483450055122375,
            "1": 0.9725468754768372,
            "2": 0.5048527717590332
        },
        "2": {
            "0": 0.8113936185836792,
            "1": 0.807854175567627,
            "2": 0.7945796251296997
        }
    }
}