{
    "confidence_score": 0.8535766005516052,
    "ptm": 0.8450257182121277,
    "iptm": 0.7431222200393677,
    "ligand_iptm": 0.8556056618690491,
    "protein_iptm": 0.6856333613395691,
    "complex_plddt": 0.8811901807785034,
    "complex_iplddt": 0.7803777456283569,
    "complex_pde": 0.6027551293373108,
    "complex_ipde": 1.7314927577972412,
    "chains_ptm": {
        "0": 0.9705101251602173,
        "1": 0.9699912667274475,
        "2": 0.8585262298583984
    },
    "pair_chains_iptm": {
        "0": {
            "0": 0.9705101251602173,
            "1": 0.6636537313461304,
            "2": 0.6942138671875
        },
        "1": {
            "0": 0.6856333613395691,
            "1": 0.9699912667274475,
            "2": 0.529449999332428
        },
        "2": {
            "0": 0.8556056618690491,
            "1": 0.7969861030578613,
            "2": 0.8585262298583984
        }
    }
}