{
    "confidence_score": 0.8704520463943481,
    "ptm": 0.9225017428398132,
    "iptm": 0.892121434211731,
    "ligand_iptm": 0.9373618960380554,
    "protein_iptm": 0.8723053932189941,
    "complex_plddt": 0.8650346398353577,
    "complex_iplddt": 0.7456511855125427,
    "complex_pde": 0.4607701897621155,
    "complex_ipde": 1.0457383394241333,
    "chains_ptm": {
        "0": 0.9672009348869324,
        "1": 0.9775657057762146,
        "2": 0.8868454694747925
    },
    "pair_chains_iptm": {
        "0": {
            "0": 0.9672009348869324,
            "1": 0.8723053932189941,
            "2": 0.723686695098877
        },
        "1": {
            "0": 0.8551679849624634,
            "1": 0.9775657057762146,
            "2": 0.6837197542190552
        },
        "2": {
            "0": 0.9157068133354187,
            "1": 0.9373618960380554,
            "2": 0.8868454694747925
        }
    }
}