{
    "confidence_score": 0.8938641548156738,
    "ptm": 0.929600179195404,
    "iptm": 0.9032377004623413,
    "ligand_iptm": 0.8314525485038757,
    "protein_iptm": 0.9465913772583008,
    "complex_plddt": 0.8915207386016846,
    "complex_iplddt": 0.7926204204559326,
    "complex_pde": 0.628912627696991,
    "complex_ipde": 1.2921887636184692,
    "chains_ptm": {
        "0": 0.9750920534133911,
        "1": 0.9750010967254639,
        "2": 0.7926767468452454
    },
    "pair_chains_iptm": {
        "0": {
            "0": 0.9750920534133911,
            "1": 0.9457393884658813,
            "2": 0.4966166615486145
        },
        "1": {
            "0": 0.9465913772583008,
            "1": 0.9750010967254639,
            "2": 0.49566125869750977
        },
        "2": {
            "0": 0.8314525485038757,
            "1": 0.826559841632843,
            "2": 0.7926767468452454
        }
    }
}