{
    "confidence_score": 0.8626099824905396,
    "ptm": 0.9028134942054749,
    "iptm": 0.8640770316123962,
    "ligand_iptm": 0.7510210275650024,
    "protein_iptm": 0.927435576915741,
    "complex_plddt": 0.8622432351112366,
    "complex_iplddt": 0.7273861169815063,
    "complex_pde": 0.762111246585846,
    "complex_ipde": 1.7115577459335327,
    "chains_ptm": {
        "0": 0.9651999473571777,
        "1": 0.967457115650177,
        "2": 0.7528215050697327
    },
    "pair_chains_iptm": {
        "0": {
            "0": 0.9651999473571777,
            "1": 0.927435576915741,
            "2": 0.461151123046875
        },
        "1": {
            "0": 0.9267389178276062,
            "1": 0.967457115650177,
            "2": 0.46756595373153687
        },
        "2": {
            "0": 0.7510210275650024,
            "1": 0.7470959424972534,
            "2": 0.7528215050697327
        }
    }
}