{
    "confidence_score": 0.843932569026947,
    "ptm": 0.8749303817749023,
    "iptm": 0.7960038185119629,
    "ligand_iptm": 0.8828105330467224,
    "protein_iptm": 0.7490108013153076,
    "complex_plddt": 0.8559147715568542,
    "complex_iplddt": 0.718232274055481,
    "complex_pde": 0.5415088534355164,
    "complex_ipde": 1.507103443145752,
    "chains_ptm": {
        "0": 0.9725422263145447,
        "1": 0.9758603572845459,
        "2": 0.8746976852416992
    },
    "pair_chains_iptm": {
        "0": {
            "0": 0.9725422263145447,
            "1": 0.7367738485336304,
            "2": 0.6952964663505554
        },
        "1": {
            "0": 0.7490108013153076,
            "1": 0.9758603572845459,
            "2": 0.5856166481971741
        },
        "2": {
            "0": 0.8828105330467224,
            "1": 0.8330718874931335,
            "2": 0.8746976852416992
        }
    }
}