{
    "confidence_score": 0.8608142733573914,
    "ptm": 0.8973307013511658,
    "iptm": 0.8447543978691101,
    "ligand_iptm": 0.9052982926368713,
    "protein_iptm": 0.8182352185249329,
    "complex_plddt": 0.8648293018341064,
    "complex_iplddt": 0.7335096597671509,
    "complex_pde": 0.4322637915611267,
    "complex_ipde": 1.0032275915145874,
    "chains_ptm": {
        "0": 0.9751660227775574,
        "1": 0.9783833026885986,
        "2": 0.8823612928390503
    },
    "pair_chains_iptm": {
        "0": {
            "0": 0.9751660227775574,
            "1": 0.8182352185249329,
            "2": 0.7112465500831604
        },
        "1": {
            "0": 0.8099876642227173,
            "1": 0.9783833026885986,
            "2": 0.6767946481704712
        },
        "2": {
            "0": 0.8973942399024963,
            "1": 0.9052982926368713,
            "2": 0.8823612928390503
        }
    }
}