{
    "confidence_score": 0.877144455909729,
    "ptm": 0.9042574167251587,
    "iptm": 0.8709811568260193,
    "ligand_iptm": 0.7616029381752014,
    "protein_iptm": 0.933550238609314,
    "complex_plddt": 0.8786852359771729,
    "complex_iplddt": 0.7668615579605103,
    "complex_pde": 0.770531952381134,
    "complex_ipde": 1.664937138557434,
    "chains_ptm": {
        "0": 0.9655566811561584,
        "1": 0.9616917371749878,
        "2": 0.7562226057052612
    },
    "pair_chains_iptm": {
        "0": {
            "0": 0.9655566811561584,
            "1": 0.933550238609314,
            "2": 0.409008651971817
        },
        "1": {
            "0": 0.9302487373352051,
            "1": 0.9616917371749878,
            "2": 0.4480573534965515
        },
        "2": {
            "0": 0.7616029381752014,
            "1": 0.7579706311225891,
            "2": 0.7562226057052612
        }
    }
}