{
    "confidence_score": 0.886809766292572,
    "ptm": 0.9203847050666809,
    "iptm": 0.8890146017074585,
    "ligand_iptm": 0.7949945330619812,
    "protein_iptm": 0.9423554539680481,
    "complex_plddt": 0.8862584829330444,
    "complex_iplddt": 0.7812308669090271,
    "complex_pde": 0.711670458316803,
    "complex_ipde": 1.5735726356506348,
    "chains_ptm": {
        "0": 0.9739684462547302,
        "1": 0.9730074405670166,
        "2": 0.7717341184616089
    },
    "pair_chains_iptm": {
        "0": {
            "0": 0.9739684462547302,
            "1": 0.9423554539680481,
            "2": 0.47016140818595886
        },
        "1": {
            "0": 0.9419957399368286,
            "1": 0.9730074405670166,
            "2": 0.4633581340312958
        },
        "2": {
            "0": 0.7949945330619812,
            "1": 0.791012167930603,
            "2": 0.7717341184616089
        }
    }
}