{
    "confidence_score": 0.8389507532119751,
    "ptm": 0.8718920350074768,
    "iptm": 0.791908323764801,
    "ligand_iptm": 0.8651121258735657,
    "protein_iptm": 0.7636381387710571,
    "complex_plddt": 0.8507112860679626,
    "complex_iplddt": 0.7093496918678284,
    "complex_pde": 0.568406879901886,
    "complex_ipde": 1.5349444150924683,
    "chains_ptm": {
        "0": 0.9725140333175659,
        "1": 0.9748139977455139,
        "2": 0.8473737835884094
    },
    "pair_chains_iptm": {
        "0": {
            "0": 0.9725140333175659,
            "1": 0.7636381387710571,
            "2": 0.5995705127716064
        },
        "1": {
            "0": 0.7549923658370972,
            "1": 0.9748139977455139,
            "2": 0.5192755460739136
        },
        "2": {
            "0": 0.8651121258735657,
            "1": 0.8339493870735168,
            "2": 0.8473737835884094
        }
    }
}