{
    "confidence_score": 0.8766306042671204,
    "ptm": 0.9229743480682373,
    "iptm": 0.8942291736602783,
    "ligand_iptm": 0.8168873190879822,
    "protein_iptm": 0.9389783143997192,
    "complex_plddt": 0.8722308874130249,
    "complex_iplddt": 0.7503159642219543,
    "complex_pde": 0.6864203214645386,
    "complex_ipde": 1.4975086450576782,
    "chains_ptm": {
        "0": 0.971483588218689,
        "1": 0.9714657068252563,
        "2": 0.7610341906547546
    },
    "pair_chains_iptm": {
        "0": {
            "0": 0.971483588218689,
            "1": 0.9389783143997192,
            "2": 0.47888147830963135
        },
        "1": {
            "0": 0.9389423727989197,
            "1": 0.9714657068252563,
            "2": 0.4579140543937683
        },
        "2": {
            "0": 0.8153127431869507,
            "1": 0.8168873190879822,
            "2": 0.7610341906547546
        }
    }
}