{
    "confidence_score": 0.8574968576431274,
    "ptm": 0.9278183579444885,
    "iptm": 0.8900734186172485,
    "ligand_iptm": 0.9499230980873108,
    "protein_iptm": 0.8741254210472107,
    "complex_plddt": 0.8493527173995972,
    "complex_iplddt": 0.7345459461212158,
    "complex_pde": 0.40358391404151917,
    "complex_ipde": 0.8204011917114258,
    "chains_ptm": {
        "0": 0.9742974638938904,
        "1": 0.9794376492500305,
        "2": 0.9097968935966492
    },
    "pair_chains_iptm": {
        "0": {
            "0": 0.9742974638938904,
            "1": 0.8741254210472107,
            "2": 0.7875242233276367
        },
        "1": {
            "0": 0.8604147434234619,
            "1": 0.9794376492500305,
            "2": 0.7091314792633057
        },
        "2": {
            "0": 0.9499230980873108,
            "1": 0.906604528427124,
            "2": 0.9097968935966492
        }
    }
}