{
    "confidence_score": 0.8812323808670044,
    "ptm": 0.921554684638977,
    "iptm": 0.892646312713623,
    "ligand_iptm": 0.813442587852478,
    "protein_iptm": 0.937701940536499,
    "complex_plddt": 0.8783788681030273,
    "complex_iplddt": 0.7704409956932068,
    "complex_pde": 0.6814632415771484,
    "complex_ipde": 1.4841041564941406,
    "chains_ptm": {
        "0": 0.9700896143913269,
        "1": 0.9712293744087219,
        "2": 0.77643883228302
    },
    "pair_chains_iptm": {
        "0": {
            "0": 0.9700896143913269,
            "1": 0.9369564652442932,
            "2": 0.5085593461990356
        },
        "1": {
            "0": 0.937701940536499,
            "1": 0.9712293744087219,
            "2": 0.4965671896934509
        },
        "2": {
            "0": 0.813442587852478,
            "1": 0.812714695930481,
            "2": 0.77643883228302
        }
    }
}