{
    "confidence_score": 0.8836631774902344,
    "ptm": 0.9211200475692749,
    "iptm": 0.89290452003479,
    "ligand_iptm": 0.8066967129707336,
    "protein_iptm": 0.9441683292388916,
    "complex_plddt": 0.8813529014587402,
    "complex_iplddt": 0.7710025906562805,
    "complex_pde": 0.6946963667869568,
    "complex_ipde": 1.4672670364379883,
    "chains_ptm": {
        "0": 0.9712384939193726,
        "1": 0.9713897705078125,
        "2": 0.7827664017677307
    },
    "pair_chains_iptm": {
        "0": {
            "0": 0.9712384939193726,
            "1": 0.9441683292388916,
            "2": 0.4681062400341034
        },
        "1": {
            "0": 0.9438185095787048,
            "1": 0.9713897705078125,
            "2": 0.47731074690818787
        },
        "2": {
            "0": 0.8066967129707336,
            "1": 0.8036584258079529,
            "2": 0.7827664017677307
        }
    }
}