{
    "confidence_score": 0.9034774899482727,
    "ptm": 0.9264613389968872,
    "iptm": 0.9034057259559631,
    "ligand_iptm": 0.8379026651382446,
    "protein_iptm": 0.9400653839111328,
    "complex_plddt": 0.9034954309463501,
    "complex_iplddt": 0.8194693326950073,
    "complex_pde": 0.5724177956581116,
    "complex_ipde": 1.1220965385437012,
    "chains_ptm": {
        "0": 0.968831479549408,
        "1": 0.969836950302124,
        "2": 0.8303648233413696
    },
    "pair_chains_iptm": {
        "0": {
            "0": 0.968831479549408,
            "1": 0.9400653839111328,
            "2": 0.5875673890113831
        },
        "1": {
            "0": 0.9384729266166687,
            "1": 0.969836950302124,
            "2": 0.570212721824646
        },
        "2": {
            "0": 0.8379026651382446,
            "1": 0.834423840045929,
            "2": 0.8303648233413696
        }
    }
}