{
    "confidence_score": 0.7785146832466125,
    "ptm": 0.802842378616333,
    "iptm": 0.6715193390846252,
    "ligand_iptm": 0.7621518969535828,
    "protein_iptm": 0.6350899934768677,
    "complex_plddt": 0.8052635192871094,
    "complex_iplddt": 0.5943852663040161,
    "complex_pde": 0.7661137580871582,
    "complex_ipde": 2.516606092453003,
    "chains_ptm": {
        "0": 0.9663412570953369,
        "1": 0.9684247970581055,
        "2": 0.7874906063079834
    },
    "pair_chains_iptm": {
        "0": {
            "0": 0.9663412570953369,
            "1": 0.6350899934768677,
            "2": 0.5339347720146179
        },
        "1": {
            "0": 0.628008246421814,
            "1": 0.9684247970581055,
            "2": 0.43279850482940674
        },
        "2": {
            "0": 0.7621518969535828,
            "1": 0.7460803985595703,
            "2": 0.7874906063079834
        }
    }
}