{
    "confidence_score": 0.8819201588630676,
    "ptm": 0.920185387134552,
    "iptm": 0.8873597383499146,
    "ligand_iptm": 0.784959077835083,
    "protein_iptm": 0.9448339939117432,
    "complex_plddt": 0.8805602788925171,
    "complex_iplddt": 0.7750293016433716,
    "complex_pde": 0.6759741306304932,
    "complex_ipde": 1.427300214767456,
    "chains_ptm": {
        "0": 0.9726651310920715,
        "1": 0.9713677167892456,
        "2": 0.798496425151825
    },
    "pair_chains_iptm": {
        "0": {
            "0": 0.9726651310920715,
            "1": 0.9448339939117432,
            "2": 0.5395524501800537
        },
        "1": {
            "0": 0.9423958659172058,
            "1": 0.9713677167892456,
            "2": 0.5370476841926575
        },
        "2": {
            "0": 0.7848875522613525,
            "1": 0.784959077835083,
            "2": 0.798496425151825
        }
    }
}