{
    "confidence_score": 0.8799051642417908,
    "ptm": 0.8925316333770752,
    "iptm": 0.8482434153556824,
    "ligand_iptm": 0.7231836915016174,
    "protein_iptm": 0.9224894642829895,
    "complex_plddt": 0.8878205418586731,
    "complex_iplddt": 0.7901764512062073,
    "complex_pde": 0.8637763261795044,
    "complex_ipde": 1.9805465936660767,
    "chains_ptm": {
        "0": 0.9656910300254822,
        "1": 0.9645064473152161,
        "2": 0.7301412224769592
    },
    "pair_chains_iptm": {
        "0": {
            "0": 0.9656910300254822,
            "1": 0.9224894642829895,
            "2": 0.4030238389968872
        },
        "1": {
            "0": 0.9208048582077026,
            "1": 0.9645064473152161,
            "2": 0.3795218765735626
        },
        "2": {
            "0": 0.7231836915016174,
            "1": 0.7163336277008057,
            "2": 0.7301412224769592
        }
    }
}