{
    "confidence_score": 0.849423348903656,
    "ptm": 0.8603432178497314,
    "iptm": 0.7772714495658875,
    "ligand_iptm": 0.879644513130188,
    "protein_iptm": 0.725371778011322,
    "complex_plddt": 0.8674612641334534,
    "complex_iplddt": 0.746949315071106,
    "complex_pde": 0.550323486328125,
    "complex_ipde": 1.4733136892318726,
    "chains_ptm": {
        "0": 0.9680291414260864,
        "1": 0.9750962257385254,
        "2": 0.8539183735847473
    },
    "pair_chains_iptm": {
        "0": {
            "0": 0.9680291414260864,
            "1": 0.725371778011322,
            "2": 0.683434784412384
        },
        "1": {
            "0": 0.7240073680877686,
            "1": 0.9750962257385254,
            "2": 0.5847949981689453
        },
        "2": {
            "0": 0.879644513130188,
            "1": 0.8207024335861206,
            "2": 0.8539183735847473
        }
    }
}