{
    "confidence_score": 0.8576753735542297,
    "ptm": 0.907500684261322,
    "iptm": 0.8700481057167053,
    "ligand_iptm": 0.7640889286994934,
    "protein_iptm": 0.9287543296813965,
    "complex_plddt": 0.8545821309089661,
    "complex_iplddt": 0.7353664040565491,
    "complex_pde": 0.7506492733955383,
    "complex_ipde": 1.6770350933074951,
    "chains_ptm": {
        "0": 0.9613320827484131,
        "1": 0.9693880081176758,
        "2": 0.7706390023231506
    },
    "pair_chains_iptm": {
        "0": {
            "0": 0.9613320827484131,
            "1": 0.9274947643280029,
            "2": 0.4839845597743988
        },
        "1": {
            "0": 0.9287543296813965,
            "1": 0.9693880081176758,
            "2": 0.4948689341545105
        },
        "2": {
            "0": 0.7640889286994934,
            "1": 0.7625929713249207,
            "2": 0.7706390023231506
        }
    }
}