{
    "confidence_score": 0.8325812220573425,
    "ptm": 0.9181996583938599,
    "iptm": 0.8852394223213196,
    "ligand_iptm": 0.9103302359580994,
    "protein_iptm": 0.8742492198944092,
    "complex_plddt": 0.8194166421890259,
    "complex_iplddt": 0.63216632604599,
    "complex_pde": 0.447219580411911,
    "complex_ipde": 0.9963552951812744,
    "chains_ptm": {
        "0": 0.9723358750343323,
        "1": 0.9779398441314697,
        "2": 0.8920336365699768
    },
    "pair_chains_iptm": {
        "0": {
            "0": 0.9723358750343323,
            "1": 0.8742492198944092,
            "2": 0.6466097235679626
        },
        "1": {
            "0": 0.8532367944717407,
            "1": 0.9779398441314697,
            "2": 0.6392900347709656
        },
        "2": {
            "0": 0.8989832997322083,
            "1": 0.9103302359580994,
            "2": 0.8920336365699768
        }
    }
}