{
    "confidence_score": 0.8958613276481628,
    "ptm": 0.9313312768936157,
    "iptm": 0.9088567495346069,
    "ligand_iptm": 0.8543851971626282,
    "protein_iptm": 0.9431123733520508,
    "complex_plddt": 0.8926124572753906,
    "complex_iplddt": 0.8073511719703674,
    "complex_pde": 0.5559644103050232,
    "complex_ipde": 1.0736238956451416,
    "chains_ptm": {
        "0": 0.9700060486793518,
        "1": 0.9703644514083862,
        "2": 0.8332957029342651
    },
    "pair_chains_iptm": {
        "0": {
            "0": 0.9700060486793518,
            "1": 0.9419741630554199,
            "2": 0.5854795575141907
        },
        "1": {
            "0": 0.9431123733520508,
            "1": 0.9703644514083862,
            "2": 0.5790541172027588
        },
        "2": {
            "0": 0.8543851971626282,
            "1": 0.8474859595298767,
            "2": 0.8332957029342651
        }
    }
}