{
    "confidence_score": 0.8923869132995605,
    "ptm": 0.9165506958961487,
    "iptm": 0.8839616179466248,
    "ligand_iptm": 0.7843303680419922,
    "protein_iptm": 0.9438506364822388,
    "complex_plddt": 0.8944932818412781,
    "complex_iplddt": 0.7912611365318298,
    "complex_pde": 0.725525438785553,
    "complex_ipde": 1.551379680633545,
    "chains_ptm": {
        "0": 0.9713698625564575,
        "1": 0.9711496233940125,
        "2": 0.7708392143249512
    },
    "pair_chains_iptm": {
        "0": {
            "0": 0.9713698625564575,
            "1": 0.9438014030456543,
            "2": 0.4494624733924866
        },
        "1": {
            "0": 0.9438506364822388,
            "1": 0.9711496233940125,
            "2": 0.4803681969642639
        },
        "2": {
            "0": 0.7843303680419922,
            "1": 0.7809852361679077,
            "2": 0.7708392143249512
        }
    }
}