{
    "confidence_score": 0.869336724281311,
    "ptm": 0.9473579525947571,
    "iptm": 0.9238317012786865,
    "ligand_iptm": 0.962633490562439,
    "protein_iptm": 0.9155499935150146,
    "complex_plddt": 0.8557129502296448,
    "complex_iplddt": 0.7293667793273926,
    "complex_pde": 0.3557116687297821,
    "complex_ipde": 0.6561324596405029,
    "chains_ptm": {
        "0": 0.9822443723678589,
        "1": 0.9819903373718262,
        "2": 0.917269766330719
    },
    "pair_chains_iptm": {
        "0": {
            "0": 0.9822443723678589,
            "1": 0.9155499935150146,
            "2": 0.7948485612869263
        },
        "1": {
            "0": 0.903092086315155,
            "1": 0.9819903373718262,
            "2": 0.6971597671508789
        },
        "2": {
            "0": 0.962633490562439,
            "1": 0.9427386522293091,
            "2": 0.917269766330719
        }
    }
}