{
    "confidence_score": 0.8141267895698547,
    "ptm": 0.8466973304748535,
    "iptm": 0.7480210661888123,
    "ligand_iptm": 0.8439434170722961,
    "protein_iptm": 0.6950640082359314,
    "complex_plddt": 0.8306532502174377,
    "complex_iplddt": 0.6460341811180115,
    "complex_pde": 0.5528595447540283,
    "complex_ipde": 1.5696470737457275,
    "chains_ptm": {
        "0": 0.9726046323776245,
        "1": 0.9754570126533508,
        "2": 0.8587711453437805
    },
    "pair_chains_iptm": {
        "0": {
            "0": 0.9726046323776245,
            "1": 0.6804192662239075,
            "2": 0.6712440252304077
        },
        "1": {
            "0": 0.6950640082359314,
            "1": 0.9754570126533508,
            "2": 0.5563743710517883
        },
        "2": {
            "0": 0.8439434170722961,
            "1": 0.8190457224845886,
            "2": 0.8587711453437805
        }
    }
}