{
    "confidence_score": 0.8411769270896912,
    "ptm": 0.8499378561973572,
    "iptm": 0.7551775574684143,
    "ligand_iptm": 0.8584533333778381,
    "protein_iptm": 0.698899507522583,
    "complex_plddt": 0.8626766800880432,
    "complex_iplddt": 0.7266366481781006,
    "complex_pde": 0.5592111945152283,
    "complex_ipde": 1.5865987539291382,
    "chains_ptm": {
        "0": 0.9701343178749084,
        "1": 0.9733875393867493,
        "2": 0.8517164587974548
    },
    "pair_chains_iptm": {
        "0": {
            "0": 0.9701343178749084,
            "1": 0.6850138902664185,
            "2": 0.6560229659080505
        },
        "1": {
            "0": 0.698899507522583,
            "1": 0.9733875393867493,
            "2": 0.5294349193572998
        },
        "2": {
            "0": 0.8584533333778381,
            "1": 0.8107272386550903,
            "2": 0.8517164587974548
        }
    }
}