{
    "confidence_score": 0.8883756995201111,
    "ptm": 0.9224425554275513,
    "iptm": 0.892983615398407,
    "ligand_iptm": 0.8083060383796692,
    "protein_iptm": 0.9416965842247009,
    "complex_plddt": 0.8872236609458923,
    "complex_iplddt": 0.7900689244270325,
    "complex_pde": 0.6710814237594604,
    "complex_ipde": 1.3842010498046875,
    "chains_ptm": {
        "0": 0.9719584584236145,
        "1": 0.9695492386817932,
        "2": 0.8210558295249939
    },
    "pair_chains_iptm": {
        "0": {
            "0": 0.9719584584236145,
            "1": 0.9416965842247009,
            "2": 0.5516371726989746
        },
        "1": {
            "0": 0.9410445690155029,
            "1": 0.9695492386817932,
            "2": 0.5471022725105286
        },
        "2": {
            "0": 0.8083060383796692,
            "1": 0.8060429096221924,
            "2": 0.8210558295249939
        }
    }
}