{
    "confidence_score": 0.8721834421157837,
    "ptm": 0.9129323959350586,
    "iptm": 0.8787934184074402,
    "ligand_iptm": 0.773780107498169,
    "protein_iptm": 0.9395973682403564,
    "complex_plddt": 0.8705309629440308,
    "complex_iplddt": 0.7527828812599182,
    "complex_pde": 0.7811153531074524,
    "complex_ipde": 1.7030552625656128,
    "chains_ptm": {
        "0": 0.9692490100860596,
        "1": 0.9695382118225098,
        "2": 0.7448440790176392
    },
    "pair_chains_iptm": {
        "0": {
            "0": 0.9692490100860596,
            "1": 0.9395973682403564,
            "2": 0.4308658242225647
        },
        "1": {
            "0": 0.9390523433685303,
            "1": 0.9695382118225098,
            "2": 0.4510224759578705
        },
        "2": {
            "0": 0.770729124546051,
            "1": 0.773780107498169,
            "2": 0.7448440790176392
        }
    }
}