{
    "confidence_score": 0.8710432052612305,
    "ptm": 0.8855062127113342,
    "iptm": 0.8113685250282288,
    "ligand_iptm": 0.9003174304962158,
    "protein_iptm": 0.7687491774559021,
    "complex_plddt": 0.8859618306159973,
    "complex_iplddt": 0.7774397134780884,
    "complex_pde": 0.4266735911369324,
    "complex_ipde": 1.0341885089874268,
    "chains_ptm": {
        "0": 0.9784579277038574,
        "1": 0.9805021286010742,
        "2": 0.8893026113510132
    },
    "pair_chains_iptm": {
        "0": {
            "0": 0.9784579277038574,
            "1": 0.7683636546134949,
            "2": 0.7293373346328735
        },
        "1": {
            "0": 0.7687491774559021,
            "1": 0.9805021286010742,
            "2": 0.6499758958816528
        },
        "2": {
            "0": 0.8887659907341003,
            "1": 0.9003174304962158,
            "2": 0.8893026113510132
        }
    }
}