{
    "confidence_score": 0.8487812876701355,
    "ptm": 0.8541083335876465,
    "iptm": 0.7594682574272156,
    "ligand_iptm": 0.8313281536102295,
    "protein_iptm": 0.7230057716369629,
    "complex_plddt": 0.8711095452308655,
    "complex_iplddt": 0.7576601505279541,
    "complex_pde": 0.608110249042511,
    "complex_ipde": 1.614487648010254,
    "chains_ptm": {
        "0": 0.9712110161781311,
        "1": 0.9702050685882568,
        "2": 0.8415342569351196
    },
    "pair_chains_iptm": {
        "0": {
            "0": 0.9712110161781311,
            "1": 0.71445631980896,
            "2": 0.6422252058982849
        },
        "1": {
            "0": 0.7230057716369629,
            "1": 0.9702050685882568,
            "2": 0.5138415098190308
        },
        "2": {
            "0": 0.8313281536102295,
            "1": 0.8257427215576172,
            "2": 0.8415342569351196
        }
    }
}