{
    "confidence_score": 0.8824948668479919,
    "ptm": 0.9090756773948669,
    "iptm": 0.8735957145690918,
    "ligand_iptm": 0.7636922001838684,
    "protein_iptm": 0.9381700754165649,
    "complex_plddt": 0.8847196102142334,
    "complex_iplddt": 0.7809504866600037,
    "complex_pde": 0.7698405385017395,
    "complex_ipde": 1.639501929283142,
    "chains_ptm": {
        "0": 0.9679083824157715,
        "1": 0.9635500907897949,
        "2": 0.7489801049232483
    },
    "pair_chains_iptm": {
        "0": {
            "0": 0.9679083824157715,
            "1": 0.9381700754165649,
            "2": 0.4123828411102295
        },
        "1": {
            "0": 0.9380001425743103,
            "1": 0.9635500907897949,
            "2": 0.41481637954711914
        },
        "2": {
            "0": 0.7636922001838684,
            "1": 0.7620325684547424,
            "2": 0.7489801049232483
        }
    }
}