{
    "confidence_score": 0.8908066153526306,
    "ptm": 0.9290010929107666,
    "iptm": 0.9001030325889587,
    "ligand_iptm": 0.8148295879364014,
    "protein_iptm": 0.949773371219635,
    "complex_plddt": 0.8884824514389038,
    "complex_iplddt": 0.7910887002944946,
    "complex_pde": 0.6266185641288757,
    "complex_ipde": 1.329830288887024,
    "chains_ptm": {
        "0": 0.9773789048194885,
        "1": 0.9765416383743286,
        "2": 0.7932990789413452
    },
    "pair_chains_iptm": {
        "0": {
            "0": 0.9773789048194885,
            "1": 0.949773371219635,
            "2": 0.5281836986541748
        },
        "1": {
            "0": 0.948580265045166,
            "1": 0.9765416383743286,
            "2": 0.5236222743988037
        },
        "2": {
            "0": 0.8148295879364014,
            "1": 0.8140330910682678,
            "2": 0.7932990789413452
        }
    }
}