{
    "confidence_score": 0.9025516510009766,
    "ptm": 0.9264078140258789,
    "iptm": 0.8976770639419556,
    "ligand_iptm": 0.8161040544509888,
    "protein_iptm": 0.9478396773338318,
    "complex_plddt": 0.9037702679634094,
    "complex_iplddt": 0.814154326915741,
    "complex_pde": 0.6445908546447754,
    "complex_ipde": 1.3119041919708252,
    "chains_ptm": {
        "0": 0.9741450548171997,
        "1": 0.9741054773330688,
        "2": 0.8003408908843994
    },
    "pair_chains_iptm": {
        "0": {
            "0": 0.9741450548171997,
            "1": 0.9463956952095032,
            "2": 0.5052403211593628
        },
        "1": {
            "0": 0.9478396773338318,
            "1": 0.9741054773330688,
            "2": 0.5231423377990723
        },
        "2": {
            "0": 0.8161040544509888,
            "1": 0.813786506652832,
            "2": 0.8003408908843994
        }
    }
}