{
    "confidence_score": 0.8756802678108215,
    "ptm": 0.893805205821991,
    "iptm": 0.8538532257080078,
    "ligand_iptm": 0.7207260727882385,
    "protein_iptm": 0.9283773303031921,
    "complex_plddt": 0.8811370134353638,
    "complex_iplddt": 0.7688042521476746,
    "complex_pde": 0.8538202047348022,
    "complex_ipde": 1.8783117532730103,
    "chains_ptm": {
        "0": 0.9623560309410095,
        "1": 0.9593535661697388,
        "2": 0.7471950054168701
    },
    "pair_chains_iptm": {
        "0": {
            "0": 0.9623560309410095,
            "1": 0.9283773303031921,
            "2": 0.4008776545524597
        },
        "1": {
            "0": 0.9281290173530579,
            "1": 0.9593535661697388,
            "2": 0.424355685710907
        },
        "2": {
            "0": 0.7207260727882385,
            "1": 0.7160775661468506,
            "2": 0.7471950054168701
        }
    }
}