{
    "confidence_score": 0.890424907207489,
    "ptm": 0.9179453253746033,
    "iptm": 0.8879560232162476,
    "ligand_iptm": 0.7965844869613647,
    "protein_iptm": 0.9416961669921875,
    "complex_plddt": 0.8910421133041382,
    "complex_iplddt": 0.7835012078285217,
    "complex_pde": 0.7071970701217651,
    "complex_ipde": 1.5312469005584717,
    "chains_ptm": {
        "0": 0.9707275629043579,
        "1": 0.9703500270843506,
        "2": 0.7905433773994446
    },
    "pair_chains_iptm": {
        "0": {
            "0": 0.9707275629043579,
            "1": 0.9414564371109009,
            "2": 0.45574796199798584
        },
        "1": {
            "0": 0.9416961669921875,
            "1": 0.9703500270843506,
            "2": 0.4689066708087921
        },
        "2": {
            "0": 0.7965844869613647,
            "1": 0.7924724817276001,
            "2": 0.7905433773994446
        }
    }
}