{
    "confidence_score": 0.9022806286811829,
    "ptm": 0.9250522255897522,
    "iptm": 0.8975609540939331,
    "ligand_iptm": 0.8238542079925537,
    "protein_iptm": 0.9436491131782532,
    "complex_plddt": 0.9034605026245117,
    "complex_iplddt": 0.8105010390281677,
    "complex_pde": 0.6382466554641724,
    "complex_ipde": 1.3004264831542969,
    "chains_ptm": {
        "0": 0.9721094965934753,
        "1": 0.9679179191589355,
        "2": 0.8116405010223389
    },
    "pair_chains_iptm": {
        "0": {
            "0": 0.9721094965934753,
            "1": 0.9436491131782532,
            "2": 0.5205593109130859
        },
        "1": {
            "0": 0.943265438079834,
            "1": 0.9679179191589355,
            "2": 0.5221858620643616
        },
        "2": {
            "0": 0.8238542079925537,
            "1": 0.8230442404747009,
            "2": 0.8116405010223389
        }
    }
}