{
    "confidence_score": 0.8786870241165161,
    "ptm": 0.9181309342384338,
    "iptm": 0.8879534006118774,
    "ligand_iptm": 0.8210805654525757,
    "protein_iptm": 0.9270853400230408,
    "complex_plddt": 0.876370370388031,
    "complex_iplddt": 0.7794564366340637,
    "complex_pde": 0.678673267364502,
    "complex_ipde": 1.4056496620178223,
    "chains_ptm": {
        "0": 0.9670431017875671,
        "1": 0.9680371284484863,
        "2": 0.8298980593681335
    },
    "pair_chains_iptm": {
        "0": {
            "0": 0.9670431017875671,
            "1": 0.9270853400230408,
            "2": 0.5354512929916382
        },
        "1": {
            "0": 0.9245116710662842,
            "1": 0.9680371284484863,
            "2": 0.5317279696464539
        },
        "2": {
            "0": 0.8210805654525757,
            "1": 0.8196264505386353,
            "2": 0.8298980593681335
        }
    }
}