{
    "confidence_score": 0.8124168515205383,
    "ptm": 0.8960366249084473,
    "iptm": 0.8349061608314514,
    "ligand_iptm": 0.9062793254852295,
    "protein_iptm": 0.797565221786499,
    "complex_plddt": 0.8067944645881653,
    "complex_iplddt": 0.5835373401641846,
    "complex_pde": 0.49065813422203064,
    "complex_ipde": 1.2933573722839355,
    "chains_ptm": {
        "0": 0.9759281873703003,
        "1": 0.9784722924232483,
        "2": 0.8824403882026672
    },
    "pair_chains_iptm": {
        "0": {
            "0": 0.9759281873703003,
            "1": 0.7863759994506836,
            "2": 0.6878982782363892
        },
        "1": {
            "0": 0.797565221786499,
            "1": 0.9784722924232483,
            "2": 0.6231817603111267
        },
        "2": {
            "0": 0.9062793254852295,
            "1": 0.8553192615509033,
            "2": 0.8824403882026672
        }
    }
}