{
    "confidence_score": 0.8514836430549622,
    "ptm": 0.8870173096656799,
    "iptm": 0.8371770977973938,
    "ligand_iptm": 0.6778814196586609,
    "protein_iptm": 0.9296122789382935,
    "complex_plddt": 0.8550602793693542,
    "complex_iplddt": 0.7121390700340271,
    "complex_pde": 0.9965409636497498,
    "complex_ipde": 2.405129909515381,
    "chains_ptm": {
        "0": 0.9673475623130798,
        "1": 0.9668681621551514,
        "2": 0.6780850291252136
    },
    "pair_chains_iptm": {
        "0": {
            "0": 0.9673475623130798,
            "1": 0.9296122789382935,
            "2": 0.3480232357978821
        },
        "1": {
            "0": 0.9275738596916199,
            "1": 0.9668681621551514,
            "2": 0.29503679275512695
        },
        "2": {
            "0": 0.6778814196586609,
            "1": 0.672520637512207,
            "2": 0.6780850291252136
        }
    }
}