{
    "confidence_score": 0.883380115032196,
    "ptm": 0.9139764904975891,
    "iptm": 0.8840846419334412,
    "ligand_iptm": 0.7800586819648743,
    "protein_iptm": 0.9413593411445618,
    "complex_plddt": 0.8832039833068848,
    "complex_iplddt": 0.7810713648796082,
    "complex_pde": 0.7076419591903687,
    "complex_ipde": 1.5007195472717285,
    "chains_ptm": {
        "0": 0.9700281023979187,
        "1": 0.9705092310905457,
        "2": 0.7747494578361511
    },
    "pair_chains_iptm": {
        "0": {
            "0": 0.9700281023979187,
            "1": 0.9413593411445618,
            "2": 0.4671156406402588
        },
        "1": {
            "0": 0.9402168989181519,
            "1": 0.9705092310905457,
            "2": 0.5072430968284607
        },
        "2": {
            "0": 0.7800586819648743,
            "1": 0.7782690525054932,
            "2": 0.7747494578361511
        }
    }
}