{
    "confidence_score": 0.8824893832206726,
    "ptm": 0.9173828363418579,
    "iptm": 0.8822426199913025,
    "ligand_iptm": 0.7737571001052856,
    "protein_iptm": 0.9466326236724854,
    "complex_plddt": 0.8825510740280151,
    "complex_iplddt": 0.7791643142700195,
    "complex_pde": 0.7315182089805603,
    "complex_ipde": 1.620370626449585,
    "chains_ptm": {
        "0": 0.9742186069488525,
        "1": 0.9734500646591187,
        "2": 0.7744764685630798
    },
    "pair_chains_iptm": {
        "0": {
            "0": 0.9742186069488525,
            "1": 0.9466326236724854,
            "2": 0.46581271290779114
        },
        "1": {
            "0": 0.9441925287246704,
            "1": 0.9734500646591187,
            "2": 0.46547365188598633
        },
        "2": {
            "0": 0.7737571001052856,
            "1": 0.7677550911903381,
            "2": 0.7744764685630798
        }
    }
}