{
    "confidence_score": 0.8583410382270813,
    "ptm": 0.8768259882926941,
    "iptm": 0.798159122467041,
    "ligand_iptm": 0.8733615279197693,
    "protein_iptm": 0.7568596005439758,
    "complex_plddt": 0.8733865022659302,
    "complex_iplddt": 0.7354466319084167,
    "complex_pde": 0.4847913384437561,
    "complex_ipde": 1.2635669708251953,
    "chains_ptm": {
        "0": 0.975600004196167,
        "1": 0.9794017672538757,
        "2": 0.8733840584754944
    },
    "pair_chains_iptm": {
        "0": {
            "0": 0.975600004196167,
            "1": 0.7568596005439758,
            "2": 0.6892668008804321
        },
        "1": {
            "0": 0.7567417621612549,
            "1": 0.9794017672538757,
            "2": 0.6092135310173035
        },
        "2": {
            "0": 0.8733615279197693,
            "1": 0.8689272403717041,
            "2": 0.8733840584754944
        }
    }
}