{
    "confidence_score": 0.8582072257995605,
    "ptm": 0.8906638622283936,
    "iptm": 0.8451210260391235,
    "ligand_iptm": 0.7155122756958008,
    "protein_iptm": 0.9192692041397095,
    "complex_plddt": 0.8614787459373474,
    "complex_iplddt": 0.752746045589447,
    "complex_pde": 0.90817791223526,
    "complex_ipde": 2.1235742568969727,
    "chains_ptm": {
        "0": 0.9657531976699829,
        "1": 0.9627817273139954,
        "2": 0.7498838901519775
    },
    "pair_chains_iptm": {
        "0": {
            "0": 0.9657531976699829,
            "1": 0.9192692041397095,
            "2": 0.40525174140930176
        },
        "1": {
            "0": 0.9159853458404541,
            "1": 0.9627817273139954,
            "2": 0.4217626750469208
        },
        "2": {
            "0": 0.7155122756958008,
            "1": 0.7142298817634583,
            "2": 0.7498838901519775
        }
    }
}