{
    "confidence_score": 0.8842306137084961,
    "ptm": 0.910750687122345,
    "iptm": 0.8743197917938232,
    "ligand_iptm": 0.7753854990005493,
    "protein_iptm": 0.9315280318260193,
    "complex_plddt": 0.8867083787918091,
    "complex_iplddt": 0.7933295369148254,
    "complex_pde": 0.7644009590148926,
    "complex_ipde": 1.6657973527908325,
    "chains_ptm": {
        "0": 0.9702990651130676,
        "1": 0.9682861566543579,
        "2": 0.7815907001495361
    },
    "pair_chains_iptm": {
        "0": {
            "0": 0.9702990651130676,
            "1": 0.9315280318260193,
            "2": 0.49147769808769226
        },
        "1": {
            "0": 0.9304719567298889,
            "1": 0.9682861566543579,
            "2": 0.470072865486145
        },
        "2": {
            "0": 0.7753854990005493,
            "1": 0.7654866576194763,
            "2": 0.7815907001495361
        }
    }
}