{
    "confidence_score": 0.803310215473175,
    "ptm": 0.7551815509796143,
    "iptm": 0.6384376883506775,
    "ligand_iptm": 0.8013740181922913,
    "protein_iptm": 0.5776510834693909,
    "complex_plddt": 0.844528317451477,
    "complex_iplddt": 0.6821047067642212,
    "complex_pde": 0.9127302765846252,
    "complex_ipde": 3.2222421169281006,
    "chains_ptm": {
        "0": 0.9645200967788696,
        "1": 0.9667796492576599,
        "2": 0.8117097020149231
    },
    "pair_chains_iptm": {
        "0": {
            "0": 0.9645200967788696,
            "1": 0.5776510834693909,
            "2": 0.4236951172351837
        },
        "1": {
            "0": 0.5560038685798645,
            "1": 0.9667796492576599,
            "2": 0.48590633273124695
        },
        "2": {
            "0": 0.6688051223754883,
            "1": 0.8013740181922913,
            "2": 0.8117097020149231
        }
    }
}