{
    "confidence_score": 0.8622278571128845,
    "ptm": 0.8915091156959534,
    "iptm": 0.8481277823448181,
    "ligand_iptm": 0.7619299292564392,
    "protein_iptm": 0.899259090423584,
    "complex_plddt": 0.8657528162002563,
    "complex_iplddt": 0.7329437136650085,
    "complex_pde": 0.7577812671661377,
    "complex_ipde": 1.7004069089889526,
    "chains_ptm": {
        "0": 0.9676465392112732,
        "1": 0.9665181636810303,
        "2": 0.7722027897834778
    },
    "pair_chains_iptm": {
        "0": {
            "0": 0.9676465392112732,
            "1": 0.899259090423584,
            "2": 0.45407891273498535
        },
        "1": {
            "0": 0.8987172245979309,
            "1": 0.9665181636810303,
            "2": 0.4750843346118927
        },
        "2": {
            "0": 0.7398450374603271,
            "1": 0.7619299292564392,
            "2": 0.7722027897834778
        }
    }
}