{
    "confidence_score": 0.9020393490791321,
    "ptm": 0.9143699407577515,
    "iptm": 0.8809859752655029,
    "ligand_iptm": 0.8043067455291748,
    "protein_iptm": 0.9286862015724182,
    "complex_plddt": 0.907302737236023,
    "complex_iplddt": 0.8308233022689819,
    "complex_pde": 0.666892409324646,
    "complex_ipde": 1.4072319269180298,
    "chains_ptm": {
        "0": 0.9695055484771729,
        "1": 0.9652886986732483,
        "2": 0.8189442157745361
    },
    "pair_chains_iptm": {
        "0": {
            "0": 0.9695055484771729,
            "1": 0.9254955053329468,
            "2": 0.5381637811660767
        },
        "1": {
            "0": 0.9286862015724182,
            "1": 0.9652886986732483,
            "2": 0.5452550649642944
        },
        "2": {
            "0": 0.8043067455291748,
            "1": 0.7952476739883423,
            "2": 0.8189442157745361
        }
    }
}