{
    "confidence_score": 0.8983917236328125,
    "ptm": 0.9239410758018494,
    "iptm": 0.8876979947090149,
    "ligand_iptm": 0.9320125579833984,
    "protein_iptm": 0.8662195205688477,
    "complex_plddt": 0.9010651707649231,
    "complex_iplddt": 0.8174281716346741,
    "complex_pde": 0.3983900845050812,
    "complex_ipde": 0.8596379160881042,
    "chains_ptm": {
        "0": 0.9748502969741821,
        "1": 0.9785581231117249,
        "2": 0.9087929725646973
    },
    "pair_chains_iptm": {
        "0": {
            "0": 0.9748502969741821,
            "1": 0.8598319888114929,
            "2": 0.7422183156013489
        },
        "1": {
            "0": 0.8662195205688477,
            "1": 0.9785581231117249,
            "2": 0.7150465250015259
        },
        "2": {
            "0": 0.9320125579833984,
            "1": 0.9256113171577454,
            "2": 0.9087929725646973
        }
    }
}