{
    "confidence_score": 0.8384448885917664,
    "ptm": 0.8272406458854675,
    "iptm": 0.7126856446266174,
    "ligand_iptm": 0.8363117575645447,
    "protein_iptm": 0.6458871364593506,
    "complex_plddt": 0.8698846697807312,
    "complex_iplddt": 0.7465721964836121,
    "complex_pde": 0.6575338840484619,
    "complex_ipde": 2.027585506439209,
    "chains_ptm": {
        "0": 0.9683041572570801,
        "1": 0.9703053832054138,
        "2": 0.848363995552063
    },
    "pair_chains_iptm": {
        "0": {
            "0": 0.9683041572570801,
            "1": 0.6246203184127808,
            "2": 0.6501275300979614
        },
        "1": {
            "0": 0.6458871364593506,
            "1": 0.9703053832054138,
            "2": 0.4964638948440552
        },
        "2": {
            "0": 0.8363117575645447,
            "1": 0.7680168747901917,
            "2": 0.848363995552063
        }
    }
}