{
    "confidence_score": 0.8813418745994568,
    "ptm": 0.9146549105644226,
    "iptm": 0.8829659819602966,
    "ligand_iptm": 0.7922756671905518,
    "protein_iptm": 0.9363985061645508,
    "complex_plddt": 0.8809358477592468,
    "complex_iplddt": 0.7735505700111389,
    "complex_pde": 0.741626501083374,
    "complex_ipde": 1.6200932264328003,
    "chains_ptm": {
        "0": 0.9659378528594971,
        "1": 0.9681630730628967,
        "2": 0.787818431854248
    },
    "pair_chains_iptm": {
        "0": {
            "0": 0.9659378528594971,
            "1": 0.935248851776123,
            "2": 0.48166152834892273
        },
        "1": {
            "0": 0.9363985061645508,
            "1": 0.9681630730628967,
            "2": 0.48932695388793945
        },
        "2": {
            "0": 0.7922756671905518,
            "1": 0.7917276620864868,
            "2": 0.787818431854248
        }
    }
}