{
    "confidence_score": 0.781899631023407,
    "ptm": 0.8036454916000366,
    "iptm": 0.6710939407348633,
    "ligand_iptm": 0.7946496605873108,
    "protein_iptm": 0.6065803170204163,
    "complex_plddt": 0.8096010684967041,
    "complex_iplddt": 0.6082853674888611,
    "complex_pde": 0.7712545394897461,
    "complex_ipde": 2.465691566467285,
    "chains_ptm": {
        "0": 0.9687850475311279,
        "1": 0.9660761952400208,
        "2": 0.8161320090293884
    },
    "pair_chains_iptm": {
        "0": {
            "0": 0.9687850475311279,
            "1": 0.5881564021110535,
            "2": 0.5700220465660095
        },
        "1": {
            "0": 0.6065803170204163,
            "1": 0.9660761952400208,
            "2": 0.413849800825119
        },
        "2": {
            "0": 0.7946496605873108,
            "1": 0.706636369228363,
            "2": 0.8161320090293884
        }
    }
}