{
    "confidence_score": 0.8619101643562317,
    "ptm": 0.9095149636268616,
    "iptm": 0.8730520009994507,
    "ligand_iptm": 0.76154625415802,
    "protein_iptm": 0.9343478083610535,
    "complex_plddt": 0.8591246604919434,
    "complex_iplddt": 0.718228280544281,
    "complex_pde": 0.7236242890357971,
    "complex_ipde": 1.6148465871810913,
    "chains_ptm": {
        "0": 0.9668360948562622,
        "1": 0.9671562314033508,
        "2": 0.7810631394386292
    },
    "pair_chains_iptm": {
        "0": {
            "0": 0.9668360948562622,
            "1": 0.9343478083610535,
            "2": 0.48620709776878357
        },
        "1": {
            "0": 0.9333031177520752,
            "1": 0.9671562314033508,
            "2": 0.49050405621528625
        },
        "2": {
            "0": 0.7582322359085083,
            "1": 0.76154625415802,
            "2": 0.7810631394386292
        }
    }
}