{
    "confidence_score": 0.8420012593269348,
    "ptm": 0.9610316753387451,
    "iptm": 0.9490514993667603,
    "ligand_iptm": 0.971649706363678,
    "protein_iptm": 0.939857006072998,
    "complex_plddt": 0.8152386546134949,
    "complex_iplddt": 0.625420093536377,
    "complex_pde": 0.31827986240386963,
    "complex_ipde": 0.48023921251296997,
    "chains_ptm": {
        "0": 0.9824124574661255,
        "1": 0.9834123253822327,
        "2": 0.9317271709442139
    },
    "pair_chains_iptm": {
        "0": {
            "0": 0.9824124574661255,
            "1": 0.939857006072998,
            "2": 0.7892972826957703
        },
        "1": {
            "0": 0.9316370487213135,
            "1": 0.9834123253822327,
            "2": 0.7742006778717041
        },
        "2": {
            "0": 0.9705554842948914,
            "1": 0.971649706363678,
            "2": 0.9317271709442139
        }
    }
}