{
    "confidence_score": 0.8834882974624634,
    "ptm": 0.9132404327392578,
    "iptm": 0.8759726881980896,
    "ligand_iptm": 0.7682615518569946,
    "protein_iptm": 0.9387928247451782,
    "complex_plddt": 0.8853671550750732,
    "complex_iplddt": 0.7713371515274048,
    "complex_pde": 0.7440489530563354,
    "complex_ipde": 1.67910897731781,
    "chains_ptm": {
        "0": 0.9736632704734802,
        "1": 0.9724365472793579,
        "2": 0.7689599394798279
    },
    "pair_chains_iptm": {
        "0": {
            "0": 0.9736632704734802,
            "1": 0.9387928247451782,
            "2": 0.45220819115638733
        },
        "1": {
            "0": 0.9383389949798584,
            "1": 0.9724365472793579,
            "2": 0.4373483657836914
        },
        "2": {
            "0": 0.7682615518569946,
            "1": 0.7638875842094421,
            "2": 0.7689599394798279
        }
    }
}