{
    "confidence_score": 0.8704227805137634,
    "ptm": 0.9141786694526672,
    "iptm": 0.8822327852249146,
    "ligand_iptm": 0.7975013256072998,
    "protein_iptm": 0.9328895211219788,
    "complex_plddt": 0.8674702644348145,
    "complex_iplddt": 0.7323408722877502,
    "complex_pde": 0.6850101947784424,
    "complex_ipde": 1.4627399444580078,
    "chains_ptm": {
        "0": 0.9688267111778259,
        "1": 0.968160092830658,
        "2": 0.8016418218612671
    },
    "pair_chains_iptm": {
        "0": {
            "0": 0.9688267111778259,
            "1": 0.9328895211219788,
            "2": 0.5045557022094727
        },
        "1": {
            "0": 0.9319579005241394,
            "1": 0.968160092830658,
            "2": 0.5038668513298035
        },
        "2": {
            "0": 0.7975013256072998,
            "1": 0.7967829704284668,
            "2": 0.8016418218612671
        }
    }
}