{
    "confidence_score": 0.872174859046936,
    "ptm": 0.9144895672798157,
    "iptm": 0.8835488557815552,
    "ligand_iptm": 0.7898297905921936,
    "protein_iptm": 0.938382625579834,
    "complex_plddt": 0.8693313002586365,
    "complex_iplddt": 0.7426180839538574,
    "complex_pde": 0.703715980052948,
    "complex_ipde": 1.441475749015808,
    "chains_ptm": {
        "0": 0.9686782360076904,
        "1": 0.9682860970497131,
        "2": 0.776978611946106
    },
    "pair_chains_iptm": {
        "0": {
            "0": 0.9686782360076904,
            "1": 0.938382625579834,
            "2": 0.4659171402454376
        },
        "1": {
            "0": 0.936389148235321,
            "1": 0.9682860970497131,
            "2": 0.4559501111507416
        },
        "2": {
            "0": 0.7898297905921936,
            "1": 0.7883378267288208,
            "2": 0.776978611946106
        }
    }
}