{
    "confidence_score": 0.8576571345329285,
    "ptm": 0.9374502301216125,
    "iptm": 0.9033860564231873,
    "ligand_iptm": 0.9533478021621704,
    "protein_iptm": 0.8767746090888977,
    "complex_plddt": 0.8462249040603638,
    "complex_iplddt": 0.692513108253479,
    "complex_pde": 0.373310923576355,
    "complex_ipde": 0.7461850047111511,
    "chains_ptm": {
        "0": 0.9794232249259949,
        "1": 0.9816098213195801,
        "2": 0.9200621247291565
    },
    "pair_chains_iptm": {
        "0": {
            "0": 0.9794232249259949,
            "1": 0.8749194741249084,
            "2": 0.7973757386207581
        },
        "1": {
            "0": 0.8767746090888977,
            "1": 0.9816098213195801,
            "2": 0.7263709902763367
        },
        "2": {
            "0": 0.9533478021621704,
            "1": 0.9263340830802917,
            "2": 0.9200621247291565
        }
    }
}