{
    "confidence_score": 0.7855795621871948,
    "ptm": 0.7933498024940491,
    "iptm": 0.6925004124641418,
    "ligand_iptm": 0.8782539367675781,
    "protein_iptm": 0.6149904727935791,
    "complex_plddt": 0.8088493347167969,
    "complex_iplddt": 0.5915570855140686,
    "complex_pde": 0.7832334637641907,
    "complex_ipde": 2.7195394039154053,
    "chains_ptm": {
        "0": 0.9665867686271667,
        "1": 0.9761390686035156,
        "2": 0.8457589149475098
    },
    "pair_chains_iptm": {
        "0": {
            "0": 0.9665867686271667,
            "1": 0.6149904727935791,
            "2": 0.41551509499549866
        },
        "1": {
            "0": 0.5895116925239563,
            "1": 0.9761390686035156,
            "2": 0.6260437965393066
        },
        "2": {
            "0": 0.6414870619773865,
            "1": 0.8782539367675781,
            "2": 0.8457589149475098
        }
    }
}