{
    "confidence_score": 0.8798754811286926,
    "ptm": 0.9064492583274841,
    "iptm": 0.8729885816574097,
    "ligand_iptm": 0.7632590532302856,
    "protein_iptm": 0.9333638548851013,
    "complex_plddt": 0.8815972208976746,
    "complex_iplddt": 0.7697932720184326,
    "complex_pde": 0.7504258155822754,
    "complex_ipde": 1.6554758548736572,
    "chains_ptm": {
        "0": 0.9633632898330688,
        "1": 0.9626410007476807,
        "2": 0.7612070441246033
    },
    "pair_chains_iptm": {
        "0": {
            "0": 0.9633632898330688,
            "1": 0.9333638548851013,
            "2": 0.4475257992744446
        },
        "1": {
            "0": 0.9317325949668884,
            "1": 0.9626410007476807,
            "2": 0.43750283122062683
        },
        "2": {
            "0": 0.7632590532302856,
            "1": 0.7614302635192871,
            "2": 0.7612070441246033
        }
    }
}