{
    "confidence_score": 0.8742567300796509,
    "ptm": 0.9214809536933899,
    "iptm": 0.8883969783782959,
    "ligand_iptm": 0.9350766539573669,
    "protein_iptm": 0.8679504990577698,
    "complex_plddt": 0.8707216382026672,
    "complex_iplddt": 0.7466701865196228,
    "complex_pde": 0.39176633954048157,
    "complex_ipde": 0.7855938673019409,
    "chains_ptm": {
        "0": 0.9776939749717712,
        "1": 0.9814453125,
        "2": 0.8929677605628967
    },
    "pair_chains_iptm": {
        "0": {
            "0": 0.9776939749717712,
            "1": 0.8679504990577698,
            "2": 0.7127097249031067
        },
        "1": {
            "0": 0.8541847467422485,
            "1": 0.9814453125,
            "2": 0.6908023357391357
        },
        "2": {
            "0": 0.919536292552948,
            "1": 0.9350766539573669,
            "2": 0.8929677605628967
        }
    }
}