{
    "confidence_score": 0.8745505213737488,
    "ptm": 0.9123393297195435,
    "iptm": 0.878222644329071,
    "ligand_iptm": 0.7807870507240295,
    "protein_iptm": 0.9325982332229614,
    "complex_plddt": 0.873632550239563,
    "complex_iplddt": 0.765975832939148,
    "complex_pde": 0.7482947707176208,
    "complex_ipde": 1.6910722255706787,
    "chains_ptm": {
        "0": 0.9700082540512085,
        "1": 0.9690688252449036,
        "2": 0.7570939064025879
    },
    "pair_chains_iptm": {
        "0": {
            "0": 0.9700082540512085,
            "1": 0.9325982332229614,
            "2": 0.4522494971752167
        },
        "1": {
            "0": 0.9305680394172668,
            "1": 0.9690688252449036,
            "2": 0.43651166558265686
        },
        "2": {
            "0": 0.7807870507240295,
            "1": 0.7792903780937195,
            "2": 0.7570939064025879
        }
    }
}