{
    "confidence_score": 0.8972235918045044,
    "ptm": 0.9203296303749084,
    "iptm": 0.8890809416770935,
    "ligand_iptm": 0.8084444999694824,
    "protein_iptm": 0.9375625848770142,
    "complex_plddt": 0.8992592096328735,
    "complex_iplddt": 0.821777880191803,
    "complex_pde": 0.673591136932373,
    "complex_ipde": 1.395296573638916,
    "chains_ptm": {
        "0": 0.9715621471405029,
        "1": 0.9723663926124573,
        "2": 0.800167441368103
    },
    "pair_chains_iptm": {
        "0": {
            "0": 0.9715621471405029,
            "1": 0.9375625848770142,
            "2": 0.5267949104309082
        },
        "1": {
            "0": 0.9358444213867188,
            "1": 0.9723663926124573,
            "2": 0.5186119675636292
        },
        "2": {
            "0": 0.8084444999694824,
            "1": 0.8035290241241455,
            "2": 0.800167441368103
        }
    }
}