{
    "confidence_score": 0.8678604364395142,
    "ptm": 0.9478667974472046,
    "iptm": 0.9238922595977783,
    "ligand_iptm": 0.9624035954475403,
    "protein_iptm": 0.9127646088600159,
    "complex_plddt": 0.8538524508476257,
    "complex_iplddt": 0.7403002977371216,
    "complex_pde": 0.33441635966300964,
    "complex_ipde": 0.5459256768226624,
    "chains_ptm": {
        "0": 0.9787261486053467,
        "1": 0.9835646152496338,
        "2": 0.9287327527999878
    },
    "pair_chains_iptm": {
        "0": {
            "0": 0.9787261486053467,
            "1": 0.9127646088600159,
            "2": 0.7889098525047302
        },
        "1": {
            "0": 0.901544988155365,
            "1": 0.9835646152496338,
            "2": 0.7524869441986084
        },
        "2": {
            "0": 0.9624035954475403,
            "1": 0.9492965936660767,
            "2": 0.9287327527999878
        }
    }
}