{
    "confidence_score": 0.8526017069816589,
    "ptm": 0.8885559439659119,
    "iptm": 0.842612624168396,
    "ligand_iptm": 0.7365730404853821,
    "protein_iptm": 0.9062970876693726,
    "complex_plddt": 0.8550989627838135,
    "complex_iplddt": 0.7142773270606995,
    "complex_pde": 0.8329702615737915,
    "complex_ipde": 1.8601460456848145,
    "chains_ptm": {
        "0": 0.9665813446044922,
        "1": 0.9651353359222412,
        "2": 0.7169825434684753
    },
    "pair_chains_iptm": {
        "0": {
            "0": 0.9665813446044922,
            "1": 0.9057169556617737,
            "2": 0.37759438157081604
        },
        "1": {
            "0": 0.9062970876693726,
            "1": 0.9651353359222412,
            "2": 0.3994860351085663
        },
        "2": {
            "0": 0.7365730404853821,
            "1": 0.7271705269813538,
            "2": 0.7169825434684753
        }
    }
}