{
    "confidence_score": 0.8719450831413269,
    "ptm": 0.9224755764007568,
    "iptm": 0.8908006548881531,
    "ligand_iptm": 0.9342576861381531,
    "protein_iptm": 0.8730216026306152,
    "complex_plddt": 0.8672312498092651,
    "complex_iplddt": 0.7409998774528503,
    "complex_pde": 0.3977706730365753,
    "complex_ipde": 0.8173584342002869,
    "chains_ptm": {
        "0": 0.9779101014137268,
        "1": 0.9772007465362549,
        "2": 0.9008740782737732
    },
    "pair_chains_iptm": {
        "0": {
            "0": 0.9779101014137268,
            "1": 0.8730216026306152,
            "2": 0.7347089648246765
        },
        "1": {
            "0": 0.8556486368179321,
            "1": 0.9772007465362549,
            "2": 0.6601084470748901
        },
        "2": {
            "0": 0.9312717914581299,
            "1": 0.9342576861381531,
            "2": 0.9008740782737732
        }
    }
}