{
    "confidence_score": 0.8437010645866394,
    "ptm": 0.8540216684341431,
    "iptm": 0.7585591673851013,
    "ligand_iptm": 0.8532640933990479,
    "protein_iptm": 0.7177301645278931,
    "complex_plddt": 0.8649865388870239,
    "complex_iplddt": 0.7308476567268372,
    "complex_pde": 0.548089861869812,
    "complex_ipde": 1.5481863021850586,
    "chains_ptm": {
        "0": 0.9766228199005127,
        "1": 0.970876157283783,
        "2": 0.8554425239562988
    },
    "pair_chains_iptm": {
        "0": {
            "0": 0.9766228199005127,
            "1": 0.7177301645278931,
            "2": 0.6682287454605103
        },
        "1": {
            "0": 0.7093152403831482,
            "1": 0.970876157283783,
            "2": 0.5430638790130615
        },
        "2": {
            "0": 0.8532640933990479,
            "1": 0.838177502155304,
            "2": 0.8554425239562988
        }
    }
}