{
    "confidence_score": 0.8551056981086731,
    "ptm": 0.863777756690979,
    "iptm": 0.7963675260543823,
    "ligand_iptm": 0.9128507375717163,
    "protein_iptm": 0.7474175691604614,
    "complex_plddt": 0.869790256023407,
    "complex_iplddt": 0.737641453742981,
    "complex_pde": 0.4769839644432068,
    "complex_ipde": 1.1691555976867676,
    "chains_ptm": {
        "0": 0.9767987728118896,
        "1": 0.9760943055152893,
        "2": 0.8849163055419922
    },
    "pair_chains_iptm": {
        "0": {
            "0": 0.9767987728118896,
            "1": 0.7474175691604614,
            "2": 0.5987790822982788
        },
        "1": {
            "0": 0.7349187135696411,
            "1": 0.9760943055152893,
            "2": 0.6606727838516235
        },
        "2": {
            "0": 0.8552444577217102,
            "1": 0.9128507375717163,
            "2": 0.8849163055419922
        }
    }
}