{
    "confidence_score": 0.8897519111633301,
    "ptm": 0.911822497844696,
    "iptm": 0.8754650950431824,
    "ligand_iptm": 0.7703713178634644,
    "protein_iptm": 0.9372667074203491,
    "complex_plddt": 0.8933236598968506,
    "complex_iplddt": 0.8077155947685242,
    "complex_pde": 0.7513486742973328,
    "complex_ipde": 1.611390471458435,
    "chains_ptm": {
        "0": 0.9669187068939209,
        "1": 0.9678663015365601,
        "2": 0.7865703701972961
    },
    "pair_chains_iptm": {
        "0": {
            "0": 0.9669187068939209,
            "1": 0.9372667074203491,
            "2": 0.4957008361816406
        },
        "1": {
            "0": 0.934481143951416,
            "1": 0.9678663015365601,
            "2": 0.4972568452358246
        },
        "2": {
            "0": 0.7703713178634644,
            "1": 0.7644361853599548,
            "2": 0.7865703701972961
        }
    }
}