{
    "confidence_score": 0.88568514585495,
    "ptm": 0.8825066089630127,
    "iptm": 0.8102198839187622,
    "ligand_iptm": 0.894660472869873,
    "protein_iptm": 0.7749073505401611,
    "complex_plddt": 0.9045514464378357,
    "complex_iplddt": 0.8279127478599548,
    "complex_pde": 0.4703332483768463,
    "complex_ipde": 1.1411192417144775,
    "chains_ptm": {
        "0": 0.9761107563972473,
        "1": 0.9751048684120178,
        "2": 0.9048560857772827
    },
    "pair_chains_iptm": {
        "0": {
            "0": 0.9761107563972473,
            "1": 0.7749073505401611,
            "2": 0.7241215705871582
        },
        "1": {
            "0": 0.7676405310630798,
            "1": 0.9751048684120178,
            "2": 0.6115037798881531
        },
        "2": {
            "0": 0.894660472869873,
            "1": 0.8908392786979675,
            "2": 0.9048560857772827
        }
    }
}