{
    "confidence_score": 0.8666345477104187,
    "ptm": 0.8982501029968262,
    "iptm": 0.8560742139816284,
    "ligand_iptm": 0.724617063999176,
    "protein_iptm": 0.930496096611023,
    "complex_plddt": 0.8692746162414551,
    "complex_iplddt": 0.7438591718673706,
    "complex_pde": 0.8277218341827393,
    "complex_ipde": 1.9042390584945679,
    "chains_ptm": {
        "0": 0.9683613777160645,
        "1": 0.967530369758606,
        "2": 0.7241610288619995
    },
    "pair_chains_iptm": {
        "0": {
            "0": 0.9683613777160645,
            "1": 0.930496096611023,
            "2": 0.38236862421035767
        },
        "1": {
            "0": 0.9290000796318054,
            "1": 0.967530369758606,
            "2": 0.3837236762046814
        },
        "2": {
            "0": 0.724617063999176,
            "1": 0.7221814393997192,
            "2": 0.7241610288619995
        }
    }
}