{
    "confidence_score": 0.8824853897094727,
    "ptm": 0.9254443049430847,
    "iptm": 0.9014586210250854,
    "ligand_iptm": 0.8268279433250427,
    "protein_iptm": 0.9427136778831482,
    "complex_plddt": 0.8777421116828918,
    "complex_iplddt": 0.7660682201385498,
    "complex_pde": 0.618901252746582,
    "complex_ipde": 1.22036612033844,
    "chains_ptm": {
        "0": 0.9707178473472595,
        "1": 0.969308614730835,
        "2": 0.8137748837471008
    },
    "pair_chains_iptm": {
        "0": {
            "0": 0.9707178473472595,
            "1": 0.9427136778831482,
            "2": 0.5225565433502197
        },
        "1": {
            "0": 0.9422882795333862,
            "1": 0.969308614730835,
            "2": 0.5184260010719299
        },
        "2": {
            "0": 0.8268279433250427,
            "1": 0.8254920840263367,
            "2": 0.8137748837471008
        }
    }
}