{
    "confidence_score": 0.8740891814231873,
    "ptm": 0.9131169319152832,
    "iptm": 0.8795984387397766,
    "ligand_iptm": 0.8085488080978394,
    "protein_iptm": 0.9212809801101685,
    "complex_plddt": 0.8727118372917175,
    "complex_iplddt": 0.753631055355072,
    "complex_pde": 0.6697625517845154,
    "complex_ipde": 1.4339736700057983,
    "chains_ptm": {
        "0": 0.9712651371955872,
        "1": 0.9693934321403503,
        "2": 0.8084636330604553
    },
    "pair_chains_iptm": {
        "0": {
            "0": 0.9712651371955872,
            "1": 0.9212809801101685,
            "2": 0.5216121673583984
        },
        "1": {
            "0": 0.9208300709724426,
            "1": 0.9693934321403503,
            "2": 0.5251344442367554
        },
        "2": {
            "0": 0.8085488080978394,
            "1": 0.807351291179657,
            "2": 0.8084636330604553
        }
    }
}