{
    "confidence_score": 0.8834180235862732,
    "ptm": 0.9056847095489502,
    "iptm": 0.869454562664032,
    "ligand_iptm": 0.8011780977249146,
    "protein_iptm": 0.9082044363021851,
    "complex_plddt": 0.8869088292121887,
    "complex_iplddt": 0.7883423566818237,
    "complex_pde": 0.6833033561706543,
    "complex_ipde": 1.450514554977417,
    "chains_ptm": {
        "0": 0.9682353138923645,
        "1": 0.9671012163162231,
        "2": 0.7971323132514954
    },
    "pair_chains_iptm": {
        "0": {
            "0": 0.9682353138923645,
            "1": 0.9074476957321167,
            "2": 0.5041758418083191
        },
        "1": {
            "0": 0.9082044363021851,
            "1": 0.9671012163162231,
            "2": 0.5247275829315186
        },
        "2": {
            "0": 0.8011780977249146,
            "1": 0.7986353635787964,
            "2": 0.7971323132514954
        }
    }
}