{
    "confidence_score": 0.8603269457817078,
    "ptm": 0.9103487730026245,
    "iptm": 0.8758343458175659,
    "ligand_iptm": 0.788394033908844,
    "protein_iptm": 0.926479160785675,
    "complex_plddt": 0.8564501404762268,
    "complex_iplddt": 0.7308556437492371,
    "complex_pde": 0.6972015500068665,
    "complex_ipde": 1.5221821069717407,
    "chains_ptm": {
        "0": 0.9636138677597046,
        "1": 0.9653341174125671,
        "2": 0.7987817525863647
    },
    "pair_chains_iptm": {
        "0": {
            "0": 0.9636138677597046,
            "1": 0.9247071146965027,
            "2": 0.5282778143882751
        },
        "1": {
            "0": 0.926479160785675,
            "1": 0.9653341174125671,
            "2": 0.5236335396766663
        },
        "2": {
            "0": 0.7883908748626709,
            "1": 0.788394033908844,
            "2": 0.7987817525863647
        }
    }
}