{
    "confidence_score": 0.8841204643249512,
    "ptm": 0.9422172904014587,
    "iptm": 0.9238982796669006,
    "ligand_iptm": 0.877048134803772,
    "protein_iptm": 0.9513852000236511,
    "complex_plddt": 0.874176025390625,
    "complex_iplddt": 0.7657877802848816,
    "complex_pde": 0.49668189883232117,
    "complex_ipde": 0.9041056632995605,
    "chains_ptm": {
        "0": 0.9731826186180115,
        "1": 0.972980797290802,
        "2": 0.8558453321456909
    },
    "pair_chains_iptm": {
        "0": {
            "0": 0.9731826186180115,
            "1": 0.9513852000236511,
            "2": 0.5956696271896362
        },
        "1": {
            "0": 0.9494320154190063,
            "1": 0.972980797290802,
            "2": 0.6018677353858948
        },
        "2": {
            "0": 0.877048134803772,
            "1": 0.8762747049331665,
            "2": 0.8558453321456909
        }
    }
}