{
    "confidence_score": 0.8713102340698242,
    "ptm": 0.9125970005989075,
    "iptm": 0.8780509829521179,
    "ligand_iptm": 0.7864822149276733,
    "protein_iptm": 0.934251606464386,
    "complex_plddt": 0.8696250319480896,
    "complex_iplddt": 0.7526586651802063,
    "complex_pde": 0.7289169430732727,
    "complex_ipde": 1.5699851512908936,
    "chains_ptm": {
        "0": 0.9695852398872375,
        "1": 0.9679720401763916,
        "2": 0.7869752645492554
    },
    "pair_chains_iptm": {
        "0": {
            "0": 0.9695852398872375,
            "1": 0.934251606464386,
            "2": 0.5095210671424866
        },
        "1": {
            "0": 0.9319605827331543,
            "1": 0.9679720401763916,
            "2": 0.4793427288532257
        },
        "2": {
            "0": 0.7864822149276733,
            "1": 0.7777178287506104,
            "2": 0.7869752645492554
        }
    }
}