{
    "confidence_score": 0.8906821608543396,
    "ptm": 0.9240455627441406,
    "iptm": 0.8965226411819458,
    "ligand_iptm": 0.8296945095062256,
    "protein_iptm": 0.933706521987915,
    "complex_plddt": 0.8892220258712769,
    "complex_iplddt": 0.7997254133224487,
    "complex_pde": 0.6268665194511414,
    "complex_ipde": 1.259057641029358,
    "chains_ptm": {
        "0": 0.9677571058273315,
        "1": 0.9677892327308655,
        "2": 0.824421226978302
    },
    "pair_chains_iptm": {
        "0": {
            "0": 0.9677571058273315,
            "1": 0.933706521987915,
            "2": 0.5728930234909058
        },
        "1": {
            "0": 0.9327864050865173,
            "1": 0.9677892327308655,
            "2": 0.563346266746521
        },
        "2": {
            "0": 0.8296945095062256,
            "1": 0.8280994296073914,
            "2": 0.824421226978302
        }
    }
}