{
    "confidence_score": 0.8610724806785583,
    "ptm": 0.9029574394226074,
    "iptm": 0.8636052012443542,
    "ligand_iptm": 0.7424864172935486,
    "protein_iptm": 0.9337193965911865,
    "complex_plddt": 0.8604392409324646,
    "complex_iplddt": 0.7261415123939514,
    "complex_pde": 0.7706418037414551,
    "complex_ipde": 1.7559915781021118,
    "chains_ptm": {
        "0": 0.9687278866767883,
        "1": 0.9684445858001709,
        "2": 0.7573676109313965
    },
    "pair_chains_iptm": {
        "0": {
            "0": 0.9687278866767883,
            "1": 0.9337193965911865,
            "2": 0.4298774003982544
        },
        "1": {
            "0": 0.931315004825592,
            "1": 0.9684445858001709,
            "2": 0.4778231680393219
        },
        "2": {
            "0": 0.7376009821891785,
            "1": 0.7424864172935486,
            "2": 0.7573676109313965
        }
    }
}