{
    "confidence_score": 0.8491331338882446,
    "ptm": 0.8979272246360779,
    "iptm": 0.8573813438415527,
    "ligand_iptm": 0.7826349139213562,
    "protein_iptm": 0.8985474109649658,
    "complex_plddt": 0.8470710515975952,
    "complex_iplddt": 0.7106322050094604,
    "complex_pde": 0.7478176951408386,
    "complex_ipde": 1.6491938829421997,
    "chains_ptm": {
        "0": 0.9669697880744934,
        "1": 0.9676694273948669,
        "2": 0.790594756603241
    },
    "pair_chains_iptm": {
        "0": {
            "0": 0.9669697880744934,
            "1": 0.8985474109649658,
            "2": 0.46285194158554077
        },
        "1": {
            "0": 0.8977808356285095,
            "1": 0.9676694273948669,
            "2": 0.4870327413082123
        },
        "2": {
            "0": 0.7707409858703613,
            "1": 0.7826349139213562,
            "2": 0.790594756603241
        }
    }
}