{
    "confidence_score": 0.8534814119338989,
    "ptm": 0.8817943334579468,
    "iptm": 0.8063231706619263,
    "ligand_iptm": 0.8848092555999756,
    "protein_iptm": 0.7665067911148071,
    "complex_plddt": 0.8652709126472473,
    "complex_iplddt": 0.7415918111801147,
    "complex_pde": 0.5035195350646973,
    "complex_ipde": 1.304880142211914,
    "chains_ptm": {
        "0": 0.975324809551239,
        "1": 0.9782339930534363,
        "2": 0.8755325078964233
    },
    "pair_chains_iptm": {
        "0": {
            "0": 0.975324809551239,
            "1": 0.7618797421455383,
            "2": 0.6843169331550598
        },
        "1": {
            "0": 0.7665067911148071,
            "1": 0.9782339930534363,
            "2": 0.5903539061546326
        },
        "2": {
            "0": 0.8848092555999756,
            "1": 0.85578453540802,
            "2": 0.8755325078964233
        }
    }
}