{
    "confidence_score": 0.865460216999054,
    "ptm": 0.9073011875152588,
    "iptm": 0.8694171905517578,
    "ligand_iptm": 0.7650789618492126,
    "protein_iptm": 0.930972695350647,
    "complex_plddt": 0.8644709587097168,
    "complex_iplddt": 0.741084098815918,
    "complex_pde": 0.7690126299858093,
    "complex_ipde": 1.7607616186141968,
    "chains_ptm": {
        "0": 0.9691970348358154,
        "1": 0.9690333604812622,
        "2": 0.749725341796875
    },
    "pair_chains_iptm": {
        "0": {
            "0": 0.9691970348358154,
            "1": 0.930972695350647,
            "2": 0.43774843215942383
        },
        "1": {
            "0": 0.929683268070221,
            "1": 0.9690333604812622,
            "2": 0.414900541305542
        },
        "2": {
            "0": 0.7650789618492126,
            "1": 0.7623910307884216,
            "2": 0.749725341796875
        }
    }
}