{
    "confidence_score": 0.8888913989067078,
    "ptm": 0.8987926244735718,
    "iptm": 0.8572179079055786,
    "ligand_iptm": 0.7426192760467529,
    "protein_iptm": 0.9233049154281616,
    "complex_plddt": 0.8968097567558289,
    "complex_iplddt": 0.8124305009841919,
    "complex_pde": 0.8610453009605408,
    "complex_ipde": 1.9545129537582397,
    "chains_ptm": {
        "0": 0.9685324430465698,
        "1": 0.9675202965736389,
        "2": 0.7584367394447327
    },
    "pair_chains_iptm": {
        "0": {
            "0": 0.9685324430465698,
            "1": 0.9233049154281616,
            "2": 0.42997992038726807
        },
        "1": {
            "0": 0.9224559664726257,
            "1": 0.9675202965736389,
            "2": 0.40684351325035095
        },
        "2": {
            "0": 0.7426192760467529,
            "1": 0.7353385090827942,
            "2": 0.7584367394447327
        }
    }
}