{
    "confidence_score": 0.874914288520813,
    "ptm": 0.9113072156906128,
    "iptm": 0.8770333528518677,
    "ligand_iptm": 0.7653408050537109,
    "protein_iptm": 0.939410388469696,
    "complex_plddt": 0.8743845224380493,
    "complex_iplddt": 0.7468482255935669,
    "complex_pde": 0.770963191986084,
    "complex_ipde": 1.6734952926635742,
    "chains_ptm": {
        "0": 0.9683253765106201,
        "1": 0.968220591545105,
        "2": 0.7550330758094788
    },
    "pair_chains_iptm": {
        "0": {
            "0": 0.9683253765106201,
            "1": 0.939410388469696,
            "2": 0.41151323914527893
        },
        "1": {
            "0": 0.9393205046653748,
            "1": 0.968220591545105,
            "2": 0.4494549632072449
        },
        "2": {
            "0": 0.7648922801017761,
            "1": 0.7653408050537109,
            "2": 0.7550330758094788
        }
    }
}