{
    "confidence_score": 0.8417276740074158,
    "ptm": 0.8648703098297119,
    "iptm": 0.8110387921333313,
    "ligand_iptm": 0.6554148197174072,
    "protein_iptm": 0.9024676084518433,
    "complex_plddt": 0.8493998646736145,
    "complex_iplddt": 0.7040578722953796,
    "complex_pde": 1.0104427337646484,
    "complex_ipde": 2.419542074203491,
    "chains_ptm": {
        "0": 0.9664103984832764,
        "1": 0.9658042192459106,
        "2": 0.6942204833030701
    },
    "pair_chains_iptm": {
        "0": {
            "0": 0.9664103984832764,
            "1": 0.9024676084518433,
            "2": 0.29218098521232605
        },
        "1": {
            "0": 0.8934010863304138,
            "1": 0.9658042192459106,
            "2": 0.32154688239097595
        },
        "2": {
            "0": 0.6554148197174072,
            "1": 0.6528419852256775,
            "2": 0.6942204833030701
        }
    }
}