{
    "confidence_score": 0.8300103545188904,
    "ptm": 0.7985063791275024,
    "iptm": 0.7078477740287781,
    "ligand_iptm": 0.8307642936706543,
    "protein_iptm": 0.661474883556366,
    "complex_plddt": 0.8605509996414185,
    "complex_iplddt": 0.7318174839019775,
    "complex_pde": 0.7610206604003906,
    "complex_ipde": 2.3920319080352783,
    "chains_ptm": {
        "0": 0.9664789438247681,
        "1": 0.9672175049781799,
        "2": 0.8087565302848816
    },
    "pair_chains_iptm": {
        "0": {
            "0": 0.9664789438247681,
            "1": 0.661474883556366,
            "2": 0.458761066198349
        },
        "1": {
            "0": 0.6230963468551636,
            "1": 0.9672175049781799,
            "2": 0.5417781472206116
        },
        "2": {
            "0": 0.736649215221405,
            "1": 0.8307642936706543,
            "2": 0.8087565302848816
        }
    }
}