{
    "confidence_score": 0.8700411915779114,
    "ptm": 0.8969053030014038,
    "iptm": 0.8537942171096802,
    "ligand_iptm": 0.7150979042053223,
    "protein_iptm": 0.9326021671295166,
    "complex_plddt": 0.8741029500961304,
    "complex_iplddt": 0.767792820930481,
    "complex_pde": 0.8487595319747925,
    "complex_ipde": 1.9750897884368896,
    "chains_ptm": {
        "0": 0.9686504602432251,
        "1": 0.9690399765968323,
        "2": 0.7323206663131714
    },
    "pair_chains_iptm": {
        "0": {
            "0": 0.9686504602432251,
            "1": 0.9326021671295166,
            "2": 0.40363770723342896
        },
        "1": {
            "0": 0.9314770102500916,
            "1": 0.9690399765968323,
            "2": 0.42885708808898926
        },
        "2": {
            "0": 0.7150979042053223,
            "1": 0.7107517123222351,
            "2": 0.7323206663131714
        }
    }
}