{
    "confidence_score": 0.8726785778999329,
    "ptm": 0.8529931902885437,
    "iptm": 0.7852840423583984,
    "ligand_iptm": 0.9107574820518494,
    "protein_iptm": 0.7344990372657776,
    "complex_plddt": 0.8945272564888,
    "complex_iplddt": 0.8033955693244934,
    "complex_pde": 0.5793034434318542,
    "complex_ipde": 1.6932158470153809,
    "chains_ptm": {
        "0": 0.9741665720939636,
        "1": 0.9757160544395447,
        "2": 0.9096936583518982
    },
    "pair_chains_iptm": {
        "0": {
            "0": 0.9741665720939636,
            "1": 0.7344990372657776,
            "2": 0.5648657083511353
        },
        "1": {
            "0": 0.717075526714325,
            "1": 0.9757160544395447,
            "2": 0.623063325881958
        },
        "2": {
            "0": 0.8125289678573608,
            "1": 0.9107574820518494,
            "2": 0.9096936583518982
        }
    }
}