{
    "confidence_score": 0.7774057388305664,
    "ptm": 0.721436083316803,
    "iptm": 0.5414470434188843,
    "ligand_iptm": 0.692289412021637,
    "protein_iptm": 0.47735026478767395,
    "complex_plddt": 0.8363953828811646,
    "complex_iplddt": 0.6764040589332581,
    "complex_pde": 1.093214750289917,
    "complex_ipde": 4.012271881103516,
    "chains_ptm": {
        "0": 0.9537441730499268,
        "1": 0.9628446102142334,
        "2": 0.7945806980133057
    },
    "pair_chains_iptm": {
        "0": {
            "0": 0.9537441730499268,
            "1": 0.47735026478767395,
            "2": 0.5362562537193298
        },
        "1": {
            "0": 0.4594489634037018,
            "1": 0.9628446102142334,
            "2": 0.3779291808605194
        },
        "2": {
            "0": 0.692289412021637,
            "1": 0.6439937353134155,
            "2": 0.7945806980133057
        }
    }
}