{
    "confidence_score": 0.8667814135551453,
    "ptm": 0.9143044948577881,
    "iptm": 0.8794005513191223,
    "ligand_iptm": 0.7778381109237671,
    "protein_iptm": 0.9356910586357117,
    "complex_plddt": 0.8636266589164734,
    "complex_iplddt": 0.7332398295402527,
    "complex_pde": 0.756911039352417,
    "complex_ipde": 1.7146888971328735,
    "chains_ptm": {
        "0": 0.9716266989707947,
        "1": 0.9707610011100769,
        "2": 0.740602970123291
    },
    "pair_chains_iptm": {
        "0": {
            "0": 0.9716266989707947,
            "1": 0.9355311393737793,
            "2": 0.4575273096561432
        },
        "1": {
            "0": 0.9356910586357117,
            "1": 0.9707610011100769,
            "2": 0.4163329303264618
        },
        "2": {
            "0": 0.7778381109237671,
            "1": 0.7753048539161682,
            "2": 0.740602970123291
        }
    }
}