{
    "confidence_score": 0.8662464022636414,
    "ptm": 0.8988494873046875,
    "iptm": 0.8568248152732849,
    "ligand_iptm": 0.7277354598045349,
    "protein_iptm": 0.9292731285095215,
    "complex_plddt": 0.8686018586158752,
    "complex_iplddt": 0.7667461037635803,
    "complex_pde": 0.8487236499786377,
    "complex_ipde": 1.9242347478866577,
    "chains_ptm": {
        "0": 0.969186544418335,
        "1": 0.9663827419281006,
        "2": 0.7585391402244568
    },
    "pair_chains_iptm": {
        "0": {
            "0": 0.969186544418335,
            "1": 0.9292731285095215,
            "2": 0.4554831385612488
        },
        "1": {
            "0": 0.9252212047576904,
            "1": 0.9663827419281006,
            "2": 0.4509027600288391
        },
        "2": {
            "0": 0.7277354598045349,
            "1": 0.7257996797561646,
            "2": 0.7585391402244568
        }
    }
}