{
    "confidence_score": 0.9041659235954285,
    "ptm": 0.9208325147628784,
    "iptm": 0.8877366185188293,
    "ligand_iptm": 0.9467831254005432,
    "protein_iptm": 0.861873209476471,
    "complex_plddt": 0.9082732200622559,
    "complex_iplddt": 0.8407319784164429,
    "complex_pde": 0.37632080912590027,
    "complex_ipde": 0.719005823135376,
    "chains_ptm": {
        "0": 0.977155327796936,
        "1": 0.9794006943702698,
        "2": 0.9334444403648376
    },
    "pair_chains_iptm": {
        "0": {
            "0": 0.977155327796936,
            "1": 0.861873209476471,
            "2": 0.746496856212616
        },
        "1": {
            "0": 0.8503100872039795,
            "1": 0.9794006943702698,
            "2": 0.7181655168533325
        },
        "2": {
            "0": 0.9317221641540527,
            "1": 0.9467831254005432,
            "2": 0.9334444403648376
        }
    }
}