{
    "confidence_score": 0.8812091946601868,
    "ptm": 0.9168829917907715,
    "iptm": 0.8860539197921753,
    "ligand_iptm": 0.7904362678527832,
    "protein_iptm": 0.9402355551719666,
    "complex_plddt": 0.879997968673706,
    "complex_iplddt": 0.7633613348007202,
    "complex_pde": 0.704518735408783,
    "complex_ipde": 1.4961973428726196,
    "chains_ptm": {
        "0": 0.971281886100769,
        "1": 0.9723323583602905,
        "2": 0.7928358316421509
    },
    "pair_chains_iptm": {
        "0": {
            "0": 0.971281886100769,
            "1": 0.9388504028320312,
            "2": 0.49392881989479065
        },
        "1": {
            "0": 0.9402355551719666,
            "1": 0.9723323583602905,
            "2": 0.4988726079463959
        },
        "2": {
            "0": 0.7904362678527832,
            "1": 0.7880895137786865,
            "2": 0.7928358316421509
        }
    }
}