{
    "confidence_score": 0.8838496208190918,
    "ptm": 0.9083689451217651,
    "iptm": 0.8749258518218994,
    "ligand_iptm": 0.7694059014320374,
    "protein_iptm": 0.9362213015556335,
    "complex_plddt": 0.8860805630683899,
    "complex_iplddt": 0.791548490524292,
    "complex_pde": 0.7502594590187073,
    "complex_ipde": 1.6016533374786377,
    "chains_ptm": {
        "0": 0.9664284586906433,
        "1": 0.9652491807937622,
        "2": 0.7532143592834473
    },
    "pair_chains_iptm": {
        "0": {
            "0": 0.9664284586906433,
            "1": 0.9362213015556335,
            "2": 0.41072964668273926
        },
        "1": {
            "0": 0.9348726272583008,
            "1": 0.9652491807937622,
            "2": 0.44909557700157166
        },
        "2": {
            "0": 0.7694059014320374,
            "1": 0.7678576111793518,
            "2": 0.7532143592834473
        }
    }
}