{
    "confidence_score": 0.8941521644592285,
    "ptm": 0.9224303364753723,
    "iptm": 0.8847551345825195,
    "ligand_iptm": 0.9286308288574219,
    "protein_iptm": 0.8655367493629456,
    "complex_plddt": 0.8965014219284058,
    "complex_iplddt": 0.8087924122810364,
    "complex_pde": 0.40468651056289673,
    "complex_ipde": 0.8640437126159668,
    "chains_ptm": {
        "0": 0.9767277836799622,
        "1": 0.9812724590301514,
        "2": 0.8955682516098022
    },
    "pair_chains_iptm": {
        "0": {
            "0": 0.9767277836799622,
            "1": 0.8655367493629456,
            "2": 0.7244200706481934
        },
        "1": {
            "0": 0.8537758588790894,
            "1": 0.9812724590301514,
            "2": 0.6774075031280518
        },
        "2": {
            "0": 0.9245001673698425,
            "1": 0.9286308288574219,
            "2": 0.8955682516098022
        }
    }
}