{
    "confidence_score": 0.8772247433662415,
    "ptm": 0.9089958667755127,
    "iptm": 0.8742076754570007,
    "ligand_iptm": 0.758354663848877,
    "protein_iptm": 0.9390200972557068,
    "complex_plddt": 0.877979040145874,
    "complex_iplddt": 0.7614196538925171,
    "complex_pde": 0.7634359002113342,
    "complex_ipde": 1.6750980615615845,
    "chains_ptm": {
        "0": 0.9713247418403625,
        "1": 0.9712257981300354,
        "2": 0.7467041015625
    },
    "pair_chains_iptm": {
        "0": {
            "0": 0.9713247418403625,
            "1": 0.9390200972557068,
            "2": 0.4343557059764862
        },
        "1": {
            "0": 0.9374579787254333,
            "1": 0.9712257981300354,
            "2": 0.4370206892490387
        },
        "2": {
            "0": 0.758354663848877,
            "1": 0.7522352337837219,
            "2": 0.7467041015625
        }
    }
}