{
    "confidence_score": 0.8581185340881348,
    "ptm": 0.8443358540534973,
    "iptm": 0.7422492504119873,
    "ligand_iptm": 0.8494725823402405,
    "protein_iptm": 0.6882101893424988,
    "complex_plddt": 0.8870858550071716,
    "complex_iplddt": 0.7862268090248108,
    "complex_pde": 0.6001460552215576,
    "complex_ipde": 1.7824556827545166,
    "chains_ptm": {
        "0": 0.9700456857681274,
        "1": 0.9767666459083557,
        "2": 0.8522859811782837
    },
    "pair_chains_iptm": {
        "0": {
            "0": 0.9700456857681274,
            "1": 0.6882101893424988,
            "2": 0.6580632925033569
        },
        "1": {
            "0": 0.6849029064178467,
            "1": 0.9767666459083557,
            "2": 0.5474146008491516
        },
        "2": {
            "0": 0.8494725823402405,
            "1": 0.8152188658714294,
            "2": 0.8522859811782837
        }
    }
}