{
    "confidence_score": 0.8678892254829407,
    "ptm": 0.9077301025390625,
    "iptm": 0.8700194954872131,
    "ligand_iptm": 0.9173023700714111,
    "protein_iptm": 0.8520295023918152,
    "complex_plddt": 0.8673566579818726,
    "complex_iplddt": 0.7530651092529297,
    "complex_pde": 0.4836958944797516,
    "complex_ipde": 1.160650610923767,
    "chains_ptm": {
        "0": 0.9757245182991028,
        "1": 0.9760804176330566,
        "2": 0.8913114666938782
    },
    "pair_chains_iptm": {
        "0": {
            "0": 0.9757245182991028,
            "1": 0.8520295023918152,
            "2": 0.5981763005256653
        },
        "1": {
            "0": 0.8296830058097839,
            "1": 0.9760804176330566,
            "2": 0.6977483034133911
        },
        "2": {
            "0": 0.880709707736969,
            "1": 0.9173023700714111,
            "2": 0.8913114666938782
        }
    }
}