{
    "confidence_score": 0.8998913764953613,
    "ptm": 0.9263659715652466,
    "iptm": 0.8965883851051331,
    "ligand_iptm": 0.9391823410987854,
    "protein_iptm": 0.8779314756393433,
    "complex_plddt": 0.9007170796394348,
    "complex_iplddt": 0.8248630166053772,
    "complex_pde": 0.40228381752967834,
    "complex_ipde": 0.81560879945755,
    "chains_ptm": {
        "0": 0.9739563465118408,
        "1": 0.9803376793861389,
        "2": 0.8936587572097778
    },
    "pair_chains_iptm": {
        "0": {
            "0": 0.9739563465118408,
            "1": 0.8779314756393433,
            "2": 0.7288710474967957
        },
        "1": {
            "0": 0.8600126504898071,
            "1": 0.9803376793861389,
            "2": 0.6754077672958374
        },
        "2": {
            "0": 0.9227828979492188,
            "1": 0.9391823410987854,
            "2": 0.8936587572097778
        }
    }
}