{
    "confidence_score": 0.8798934817314148,
    "ptm": 0.9232192039489746,
    "iptm": 0.8891282081604004,
    "ligand_iptm": 0.9333018064498901,
    "protein_iptm": 0.8673409223556519,
    "complex_plddt": 0.8775848150253296,
    "complex_iplddt": 0.7719696760177612,
    "complex_pde": 0.3972446322441101,
    "complex_ipde": 0.818071722984314,
    "chains_ptm": {
        "0": 0.9755973219871521,
        "1": 0.9798474907875061,
        "2": 0.9138869643211365
    },
    "pair_chains_iptm": {
        "0": {
            "0": 0.9755973219871521,
            "1": 0.8673409223556519,
            "2": 0.7368821501731873
        },
        "1": {
            "0": 0.8668980002403259,
            "1": 0.9798474907875061,
            "2": 0.6733052134513855
        },
        "2": {
            "0": 0.9333018064498901,
            "1": 0.9315818548202515,
            "2": 0.9138869643211365
        }
    }
}