{
    "confidence_score": 0.8782486319541931,
    "ptm": 0.9070137143135071,
    "iptm": 0.8710302114486694,
    "ligand_iptm": 0.76360023021698,
    "protein_iptm": 0.9339950084686279,
    "complex_plddt": 0.8800531625747681,
    "complex_iplddt": 0.7689312696456909,
    "complex_pde": 0.7922592163085938,
    "complex_ipde": 1.7477713823318481,
    "chains_ptm": {
        "0": 0.9629473686218262,
        "1": 0.9624741077423096,
        "2": 0.7450494170188904
    },
    "pair_chains_iptm": {
        "0": {
            "0": 0.9629473686218262,
            "1": 0.9339044690132141,
            "2": 0.41775959730148315
        },
        "1": {
            "0": 0.9339950084686279,
            "1": 0.9624741077423096,
            "2": 0.45302078127861023
        },
        "2": {
            "0": 0.76360023021698,
            "1": 0.7631267309188843,
            "2": 0.7450494170188904
        }
    }
}