{
    "confidence_score": 0.8798360824584961,
    "ptm": 0.9027976989746094,
    "iptm": 0.8655804395675659,
    "ligand_iptm": 0.7430382966995239,
    "protein_iptm": 0.9340535998344421,
    "complex_plddt": 0.883400022983551,
    "complex_iplddt": 0.7727293968200684,
    "complex_pde": 0.8267239928245544,
    "complex_ipde": 1.8545118570327759,
    "chains_ptm": {
        "0": 0.9659695625305176,
        "1": 0.9659075736999512,
        "2": 0.7570437788963318
    },
    "pair_chains_iptm": {
        "0": {
            "0": 0.9659695625305176,
            "1": 0.9340535998344421,
            "2": 0.3966430723667145
        },
        "1": {
            "0": 0.9336298704147339,
            "1": 0.9659075736999512,
            "2": 0.42918315529823303
        },
        "2": {
            "0": 0.7430382966995239,
            "1": 0.7429839372634888,
            "2": 0.7570437788963318
        }
    }
}