{
    "confidence_score": 0.8429369926452637,
    "ptm": 0.8962597846984863,
    "iptm": 0.8399571776390076,
    "ligand_iptm": 0.884310781955719,
    "protein_iptm": 0.8227790594100952,
    "complex_plddt": 0.8436819314956665,
    "complex_iplddt": 0.677367091178894,
    "complex_pde": 0.5009410381317139,
    "complex_ipde": 1.2360152006149292,
    "chains_ptm": {
        "0": 0.9693628549575806,
        "1": 0.9743438363075256,
        "2": 0.8613298535346985
    },
    "pair_chains_iptm": {
        "0": {
            "0": 0.9693628549575806,
            "1": 0.8227790594100952,
            "2": 0.6501424312591553
        },
        "1": {
            "0": 0.8139018416404724,
            "1": 0.9743438363075256,
            "2": 0.5998281240463257
        },
        "2": {
            "0": 0.884310781955719,
            "1": 0.8791748881340027,
            "2": 0.8613298535346985
        }
    }
}