{
    "confidence_score": 0.8727035522460938,
    "ptm": 0.9133915901184082,
    "iptm": 0.8800811767578125,
    "ligand_iptm": 0.7772486209869385,
    "protein_iptm": 0.9378633499145508,
    "complex_plddt": 0.8708590865135193,
    "complex_iplddt": 0.7504071593284607,
    "complex_pde": 0.7500419616699219,
    "complex_ipde": 1.6658122539520264,
    "chains_ptm": {
        "0": 0.9699296355247498,
        "1": 0.9708624482154846,
        "2": 0.7510204315185547
    },
    "pair_chains_iptm": {
        "0": {
            "0": 0.9699296355247498,
            "1": 0.9375296831130981,
            "2": 0.4563071131706238
        },
        "1": {
            "0": 0.9378633499145508,
            "1": 0.9708624482154846,
            "2": 0.427341490983963
        },
        "2": {
            "0": 0.7772486209869385,
            "1": 0.7677581906318665,
            "2": 0.7510204315185547
        }
    }
}