{
    "confidence_score": 0.8804778456687927,
    "ptm": 0.9078283309936523,
    "iptm": 0.8724603056907654,
    "ligand_iptm": 0.7630628943443298,
    "protein_iptm": 0.9358699321746826,
    "complex_plddt": 0.8824821710586548,
    "complex_iplddt": 0.7674912810325623,
    "complex_pde": 0.7777585387229919,
    "complex_ipde": 1.7023674249649048,
    "chains_ptm": {
        "0": 0.9656516909599304,
        "1": 0.965297281742096,
        "2": 0.7460172176361084
    },
    "pair_chains_iptm": {
        "0": {
            "0": 0.9656516909599304,
            "1": 0.9358699321746826,
            "2": 0.4246410131454468
        },
        "1": {
            "0": 0.9348002672195435,
            "1": 0.965297281742096,
            "2": 0.446974515914917
        },
        "2": {
            "0": 0.7630628943443298,
            "1": 0.7617486715316772,
            "2": 0.7460172176361084
        }
    }
}