{
    "confidence_score": 0.8901338577270508,
    "ptm": 0.9040193557739258,
    "iptm": 0.8683134317398071,
    "ligand_iptm": 0.8149222731590271,
    "protein_iptm": 0.8986576795578003,
    "complex_plddt": 0.8955889940261841,
    "complex_iplddt": 0.8113182783126831,
    "complex_pde": 0.6708987951278687,
    "complex_ipde": 1.4296854734420776,
    "chains_ptm": {
        "0": 0.9670020341873169,
        "1": 0.9661573171615601,
        "2": 0.7927196025848389
    },
    "pair_chains_iptm": {
        "0": {
            "0": 0.9670020341873169,
            "1": 0.8986576795578003,
            "2": 0.524638295173645
        },
        "1": {
            "0": 0.8985399007797241,
            "1": 0.9661573171615601,
            "2": 0.5153480172157288
        },
        "2": {
            "0": 0.8149222731590271,
            "1": 0.7980048656463623,
            "2": 0.7927196025848389
        }
    }
}