{
    "confidence_score": 0.8632639050483704,
    "ptm": 0.8878247141838074,
    "iptm": 0.8240130543708801,
    "ligand_iptm": 0.9106265306472778,
    "protein_iptm": 0.7874820232391357,
    "complex_plddt": 0.8730765581130981,
    "complex_iplddt": 0.7695650458335876,
    "complex_pde": 0.4519655406475067,
    "complex_ipde": 1.0285133123397827,
    "chains_ptm": {
        "0": 0.9728348851203918,
        "1": 0.9773429036140442,
        "2": 0.8805114030838013
    },
    "pair_chains_iptm": {
        "0": {
            "0": 0.9728348851203918,
            "1": 0.7805271744728088,
            "2": 0.7337096929550171
        },
        "1": {
            "0": 0.7874820232391357,
            "1": 0.9773429036140442,
            "2": 0.7076404094696045
        },
        "2": {
            "0": 0.8946470618247986,
            "1": 0.9106265306472778,
            "2": 0.8805114030838013
        }
    }
}