{
    "confidence_score": 0.8173001408576965,
    "ptm": 0.9192543029785156,
    "iptm": 0.8836523294448853,
    "ligand_iptm": 0.9192742109298706,
    "protein_iptm": 0.8683603405952454,
    "complex_plddt": 0.8007120490074158,
    "complex_iplddt": 0.5962527394294739,
    "complex_pde": 0.4260287582874298,
    "complex_ipde": 0.9194425344467163,
    "chains_ptm": {
        "0": 0.9762364029884338,
        "1": 0.9783229827880859,
        "2": 0.8760781288146973
    },
    "pair_chains_iptm": {
        "0": {
            "0": 0.9762364029884338,
            "1": 0.8683603405952454,
            "2": 0.6421242356300354
        },
        "1": {
            "0": 0.8610962629318237,
            "1": 0.9783229827880859,
            "2": 0.6010727286338806
        },
        "2": {
            "0": 0.9109928607940674,
            "1": 0.9192742109298706,
            "2": 0.8760781288146973
        }
    }
}