{
    "confidence_score": 0.9138315320014954,
    "ptm": 0.9379111528396606,
    "iptm": 0.9169333577156067,
    "ligand_iptm": 0.8763248324394226,
    "protein_iptm": 0.9421646595001221,
    "complex_plddt": 0.9130560159683228,
    "complex_iplddt": 0.8472933769226074,
    "complex_pde": 0.5528684854507446,
    "complex_ipde": 1.0571362972259521,
    "chains_ptm": {
        "0": 0.973947286605835,
        "1": 0.9727741479873657,
        "2": 0.8397471308708191
    },
    "pair_chains_iptm": {
        "0": {
            "0": 0.973947286605835,
            "1": 0.9421646595001221,
            "2": 0.582266092300415
        },
        "1": {
            "0": 0.9414710402488708,
            "1": 0.9727741479873657,
            "2": 0.5767232179641724
        },
        "2": {
            "0": 0.8763248324394226,
            "1": 0.8725525140762329,
            "2": 0.8397471308708191
        }
    }
}