{
    "confidence_score": 0.8333805203437805,
    "ptm": 0.8620726466178894,
    "iptm": 0.7742583155632019,
    "ligand_iptm": 0.8649081587791443,
    "protein_iptm": 0.7251513004302979,
    "complex_plddt": 0.8481610417366028,
    "complex_iplddt": 0.6966649889945984,
    "complex_pde": 0.5240693688392639,
    "complex_ipde": 1.4266167879104614,
    "chains_ptm": {
        "0": 0.972385823726654,
        "1": 0.9755077958106995,
        "2": 0.8663102388381958
    },
    "pair_chains_iptm": {
        "0": {
            "0": 0.972385823726654,
            "1": 0.7191932797431946,
            "2": 0.6741971969604492
        },
        "1": {
            "0": 0.7251513004302979,
            "1": 0.9755077958106995,
            "2": 0.6099880933761597
        },
        "2": {
            "0": 0.8649081587791443,
            "1": 0.8525702357292175,
            "2": 0.8663102388381958
        }
    }
}