{
    "confidence_score": 0.8741986155509949,
    "ptm": 0.9131819605827332,
    "iptm": 0.8792994618415833,
    "ligand_iptm": 0.7883388996124268,
    "protein_iptm": 0.9362074136734009,
    "complex_plddt": 0.8729233741760254,
    "complex_iplddt": 0.7494665384292603,
    "complex_pde": 0.7057225704193115,
    "complex_ipde": 1.502889633178711,
    "chains_ptm": {
        "0": 0.9700472354888916,
        "1": 0.9708104133605957,
        "2": 0.7692661285400391
    },
    "pair_chains_iptm": {
        "0": {
            "0": 0.9700472354888916,
            "1": 0.9362074136734009,
            "2": 0.45583009719848633
        },
        "1": {
            "0": 0.9357530474662781,
            "1": 0.9708104133605957,
            "2": 0.4503500163555145
        },
        "2": {
            "0": 0.7883388996124268,
            "1": 0.7855604887008667,
            "2": 0.7692661285400391
        }
    }
}