{
    "confidence_score": 0.8296071887016296,
    "ptm": 0.8098138570785522,
    "iptm": 0.679796576499939,
    "ligand_iptm": 0.8020516037940979,
    "protein_iptm": 0.6138462424278259,
    "complex_plddt": 0.8670598864555359,
    "complex_iplddt": 0.7245854139328003,
    "complex_pde": 0.6038830876350403,
    "complex_ipde": 1.8400465250015259,
    "chains_ptm": {
        "0": 0.97254478931427,
        "1": 0.9738271832466125,
        "2": 0.8272110819816589
    },
    "pair_chains_iptm": {
        "0": {
            "0": 0.97254478931427,
            "1": 0.6055161952972412,
            "2": 0.6071286797523499
        },
        "1": {
            "0": 0.6138462424278259,
            "1": 0.9738271832466125,
            "2": 0.49333569407463074
        },
        "2": {
            "0": 0.8020516037940979,
            "1": 0.7879511713981628,
            "2": 0.8272110819816589
        }
    }
}