{
    "confidence_score": 0.8511515855789185,
    "ptm": 0.9540302157402039,
    "iptm": 0.9403135180473328,
    "ligand_iptm": 0.9659088253974915,
    "protein_iptm": 0.9300550222396851,
    "complex_plddt": 0.8288610577583313,
    "complex_iplddt": 0.6658418774604797,
    "complex_pde": 0.3271360993385315,
    "complex_ipde": 0.5060276985168457,
    "chains_ptm": {
        "0": 0.9814069867134094,
        "1": 0.9805557727813721,
        "2": 0.9291204214096069
    },
    "pair_chains_iptm": {
        "0": {
            "0": 0.9814069867134094,
            "1": 0.9300550222396851,
            "2": 0.7819008231163025
        },
        "1": {
            "0": 0.9194225668907166,
            "1": 0.9805557727813721,
            "2": 0.7744143009185791
        },
        "2": {
            "0": 0.9637715220451355,
            "1": 0.9659088253974915,
            "2": 0.9291204214096069
        }
    }
}