{
    "confidence_score": 0.8808092474937439,
    "ptm": 0.8723969459533691,
    "iptm": 0.8040162324905396,
    "ligand_iptm": 0.911668062210083,
    "protein_iptm": 0.7587251663208008,
    "complex_plddt": 0.900007426738739,
    "complex_iplddt": 0.8231983780860901,
    "complex_pde": 0.4608785808086395,
    "complex_ipde": 1.067651629447937,
    "chains_ptm": {
        "0": 0.9721667766571045,
        "1": 0.9764618873596191,
        "2": 0.8765166401863098
    },
    "pair_chains_iptm": {
        "0": {
            "0": 0.9721667766571045,
            "1": 0.7568628787994385,
            "2": 0.7118028998374939
        },
        "1": {
            "0": 0.7587251663208008,
            "1": 0.9764618873596191,
            "2": 0.7174360752105713
        },
        "2": {
            "0": 0.8773103952407837,
            "1": 0.911668062210083,
            "2": 0.8765166401863098
        }
    }
}