{
    "confidence_score": 0.8815881609916687,
    "ptm": 0.9062376022338867,
    "iptm": 0.8700373768806458,
    "ligand_iptm": 0.7611823081970215,
    "protein_iptm": 0.9318178296089172,
    "complex_plddt": 0.884475827217102,
    "complex_iplddt": 0.7778171300888062,
    "complex_pde": 0.790560245513916,
    "complex_ipde": 1.7763197422027588,
    "chains_ptm": {
        "0": 0.9677261114120483,
        "1": 0.9679903984069824,
        "2": 0.7565502524375916
    },
    "pair_chains_iptm": {
        "0": {
            "0": 0.9677261114120483,
            "1": 0.9318178296089172,
            "2": 0.4508456587791443
        },
        "1": {
            "0": 0.9309653043746948,
            "1": 0.9679903984069824,
            "2": 0.4315546751022339
        },
        "2": {
            "0": 0.7611823081970215,
            "1": 0.7575855851173401,
            "2": 0.7565502524375916
        }
    }
}