{
    "confidence_score": 0.8770306706428528,
    "ptm": 0.9181649088859558,
    "iptm": 0.8862294554710388,
    "ligand_iptm": 0.7954657077789307,
    "protein_iptm": 0.9409909248352051,
    "complex_plddt": 0.8747309446334839,
    "complex_iplddt": 0.7573105096817017,
    "complex_pde": 0.7362036108970642,
    "complex_ipde": 1.606667399406433,
    "chains_ptm": {
        "0": 0.9692379832267761,
        "1": 0.9667330384254456,
        "2": 0.7438210844993591
    },
    "pair_chains_iptm": {
        "0": {
            "0": 0.9692379832267761,
            "1": 0.9406783580780029,
            "2": 0.42810672521591187
        },
        "1": {
            "0": 0.9409909248352051,
            "1": 0.9667330384254456,
            "2": 0.459140807390213
        },
        "2": {
            "0": 0.7954657077789307,
            "1": 0.7898778319358826,
            "2": 0.7438210844993591
        }
    }
}