{
    "confidence_score": 0.8724824786186218,
    "ptm": 0.9082942605018616,
    "iptm": 0.8711500763893127,
    "ligand_iptm": 0.7562970519065857,
    "protein_iptm": 0.9395380616188049,
    "complex_plddt": 0.8728156089782715,
    "complex_iplddt": 0.7533077001571655,
    "complex_pde": 0.7709013223648071,
    "complex_ipde": 1.702872395515442,
    "chains_ptm": {
        "0": 0.9692659378051758,
        "1": 0.9680047035217285,
        "2": 0.7598873376846313
    },
    "pair_chains_iptm": {
        "0": {
            "0": 0.9692659378051758,
            "1": 0.9395380616188049,
            "2": 0.43278080224990845
        },
        "1": {
            "0": 0.9377396702766418,
            "1": 0.9680047035217285,
            "2": 0.4484700858592987
        },
        "2": {
            "0": 0.7562970519065857,
            "1": 0.7502005696296692,
            "2": 0.7598873376846313
        }
    }
}