{
    "confidence_score": 0.9069580435752869,
    "ptm": 0.9402571320533752,
    "iptm": 0.9183149933815002,
    "ligand_iptm": 0.8556150197982788,
    "protein_iptm": 0.9548194408416748,
    "complex_plddt": 0.9041187763214111,
    "complex_iplddt": 0.8226293325424194,
    "complex_pde": 0.5563533306121826,
    "complex_ipde": 1.058473825454712,
    "chains_ptm": {
        "0": 0.9740467071533203,
        "1": 0.9739459156990051,
        "2": 0.8396333456039429
    },
    "pair_chains_iptm": {
        "0": {
            "0": 0.9740467071533203,
            "1": 0.9548194408416748,
            "2": 0.5983864665031433
        },
        "1": {
            "0": 0.954427182674408,
            "1": 0.9739459156990051,
            "2": 0.5842509269714355
        },
        "2": {
            "0": 0.8556150197982788,
            "1": 0.8527196049690247,
            "2": 0.8396333456039429
        }
    }
}