{
    "confidence_score": 0.8825759887695312,
    "ptm": 0.9117597937583923,
    "iptm": 0.8780422210693359,
    "ligand_iptm": 0.7725914120674133,
    "protein_iptm": 0.9381126165390015,
    "complex_plddt": 0.8837093710899353,
    "complex_iplddt": 0.7734071612358093,
    "complex_pde": 0.736309826374054,
    "complex_ipde": 1.5905177593231201,
    "chains_ptm": {
        "0": 0.9719616770744324,
        "1": 0.9713195562362671,
        "2": 0.7505841255187988
    },
    "pair_chains_iptm": {
        "0": {
            "0": 0.9719616770744324,
            "1": 0.9381126165390015,
            "2": 0.4361632168292999
        },
        "1": {
            "0": 0.9379114508628845,
            "1": 0.9713195562362671,
            "2": 0.43159958720207214
        },
        "2": {
            "0": 0.7725914120674133,
            "1": 0.7697567939758301,
            "2": 0.7505841255187988
        }
    }
}