{
    "confidence_score": 0.8767496347427368,
    "ptm": 0.9034963250160217,
    "iptm": 0.8613000512123108,
    "ligand_iptm": 0.7133120894432068,
    "protein_iptm": 0.945248544216156,
    "complex_plddt": 0.8806119561195374,
    "complex_iplddt": 0.767209529876709,
    "complex_pde": 0.8152831792831421,
    "complex_ipde": 1.8627102375030518,
    "chains_ptm": {
        "0": 0.9718078374862671,
        "1": 0.9719204902648926,
        "2": 0.7198112607002258
    },
    "pair_chains_iptm": {
        "0": {
            "0": 0.9718078374862671,
            "1": 0.945248544216156,
            "2": 0.3904734253883362
        },
        "1": {
            "0": 0.9432752132415771,
            "1": 0.9719204902648926,
            "2": 0.4263870120048523
        },
        "2": {
            "0": 0.711380660533905,
            "1": 0.7133120894432068,
            "2": 0.7198112607002258
        }
    }
}