{
    "confidence_score": 0.8439812064170837,
    "ptm": 0.879356861114502,
    "iptm": 0.8024008870124817,
    "ligand_iptm": 0.8955659866333008,
    "protein_iptm": 0.7650517821311951,
    "complex_plddt": 0.8543761968612671,
    "complex_iplddt": 0.6957719922065735,
    "complex_pde": 0.46919119358062744,
    "complex_ipde": 1.132607340812683,
    "chains_ptm": {
        "0": 0.9763250946998596,
        "1": 0.976809024810791,
        "2": 0.9010152220726013
    },
    "pair_chains_iptm": {
        "0": {
            "0": 0.9763250946998596,
            "1": 0.7650517821311951,
            "2": 0.6570102572441101
        },
        "1": {
            "0": 0.7560231685638428,
            "1": 0.976809024810791,
            "2": 0.6255617141723633
        },
        "2": {
            "0": 0.8955659866333008,
            "1": 0.8838645815849304,
            "2": 0.9010152220726013
        }
    }
}