{
    "confidence_score": 0.8498637080192566,
    "ptm": 0.900948703289032,
    "iptm": 0.8597200512886047,
    "ligand_iptm": 0.7540444135665894,
    "protein_iptm": 0.9183328747749329,
    "complex_plddt": 0.8473995923995972,
    "complex_iplddt": 0.704116702079773,
    "complex_pde": 0.726347804069519,
    "complex_ipde": 1.6238641738891602,
    "chains_ptm": {
        "0": 0.9683696627616882,
        "1": 0.9702369570732117,
        "2": 0.7582290768623352
    },
    "pair_chains_iptm": {
        "0": {
            "0": 0.9683696627616882,
            "1": 0.9183328747749329,
            "2": 0.4374852776527405
        },
        "1": {
            "0": 0.9161248207092285,
            "1": 0.9702369570732117,
            "2": 0.46719926595687866
        },
        "2": {
            "0": 0.7484716773033142,
            "1": 0.7540444135665894,
            "2": 0.7582290768623352
        }
    }
}