{
    "confidence_score": 0.876473069190979,
    "ptm": 0.9133657813072205,
    "iptm": 0.8798720836639404,
    "ligand_iptm": 0.7860267162322998,
    "protein_iptm": 0.9333434700965881,
    "complex_plddt": 0.875623345375061,
    "complex_iplddt": 0.7707416415214539,
    "complex_pde": 0.7193264961242676,
    "complex_ipde": 1.5263288021087646,
    "chains_ptm": {
        "0": 0.9688138961791992,
        "1": 0.9693551659584045,
        "2": 0.779761791229248
    },
    "pair_chains_iptm": {
        "0": {
            "0": 0.9688138961791992,
            "1": 0.9333434700965881,
            "2": 0.4734344780445099
        },
        "1": {
            "0": 0.9327607750892639,
            "1": 0.9693551659584045,
            "2": 0.5088106989860535
        },
        "2": {
            "0": 0.7860267162322998,
            "1": 0.785424530506134,
            "2": 0.779761791229248
        }
    }
}