{
    "confidence_score": 0.8652114868164062,
    "ptm": 0.8986034393310547,
    "iptm": 0.8446502685546875,
    "ligand_iptm": 0.9178622961044312,
    "protein_iptm": 0.8146759271621704,
    "complex_plddt": 0.8703517913818359,
    "complex_iplddt": 0.7398539185523987,
    "complex_pde": 0.43354228138923645,
    "complex_ipde": 0.9615976810455322,
    "chains_ptm": {
        "0": 0.9770034551620483,
        "1": 0.9759476184844971,
        "2": 0.9132416844367981
    },
    "pair_chains_iptm": {
        "0": {
            "0": 0.9770034551620483,
            "1": 0.8146759271621704,
            "2": 0.7158889174461365
        },
        "1": {
            "0": 0.8012415766716003,
            "1": 0.9759476184844971,
            "2": 0.6562320590019226
        },
        "2": {
            "0": 0.9178622961044312,
            "1": 0.9130823016166687,
            "2": 0.9132416844367981
        }
    }
}