{
    "confidence_score": 0.8857941627502441,
    "ptm": 0.912829577922821,
    "iptm": 0.8787709474563599,
    "ligand_iptm": 0.79217529296875,
    "protein_iptm": 0.9289436936378479,
    "complex_plddt": 0.8875499963760376,
    "complex_iplddt": 0.7944504022598267,
    "complex_pde": 0.7500611543655396,
    "complex_ipde": 1.6642613410949707,
    "chains_ptm": {
        "0": 0.9697408080101013,
        "1": 0.9672890305519104,
        "2": 0.7677329182624817
    },
    "pair_chains_iptm": {
        "0": {
            "0": 0.9697408080101013,
            "1": 0.9289436936378479,
            "2": 0.4665567874908447
        },
        "1": {
            "0": 0.9285715222358704,
            "1": 0.9672890305519104,
            "2": 0.45204436779022217
        },
        "2": {
            "0": 0.79217529296875,
            "1": 0.782616913318634,
            "2": 0.7677329182624817
        }
    }
}