{
    "confidence_score": 0.815159797668457,
    "ptm": 0.9105232954025269,
    "iptm": 0.8651850819587708,
    "ligand_iptm": 0.8938035368919373,
    "protein_iptm": 0.8534446358680725,
    "complex_plddt": 0.8026534914970398,
    "complex_iplddt": 0.593105137348175,
    "complex_pde": 0.4781948924064636,
    "complex_ipde": 1.1605015993118286,
    "chains_ptm": {
        "0": 0.9773553013801575,
        "1": 0.9806732535362244,
        "2": 0.8387271761894226
    },
    "pair_chains_iptm": {
        "0": {
            "0": 0.9773553013801575,
            "1": 0.8534446358680725,
            "2": 0.6139735579490662
        },
        "1": {
            "0": 0.8462307453155518,
            "1": 0.9806732535362244,
            "2": 0.5919711589813232
        },
        "2": {
            "0": 0.8938035368919373,
            "1": 0.8919888734817505,
            "2": 0.8387271761894226
        }
    }
}