{
    "confidence_score": 0.8524665832519531,
    "ptm": 0.9282112121582031,
    "iptm": 0.8985854387283325,
    "ligand_iptm": 0.9322077631950378,
    "protein_iptm": 0.8847488164901733,
    "complex_plddt": 0.8409368991851807,
    "complex_iplddt": 0.6522793769836426,
    "complex_pde": 0.40485280752182007,
    "complex_ipde": 0.8189640641212463,
    "chains_ptm": {
        "0": 0.976941704750061,
        "1": 0.9789032340049744,
        "2": 0.9036398530006409
    },
    "pair_chains_iptm": {
        "0": {
            "0": 0.976941704750061,
            "1": 0.8847488164901733,
            "2": 0.6884298324584961
        },
        "1": {
            "0": 0.8770277500152588,
            "1": 0.9789032340049744,
            "2": 0.6279556751251221
        },
        "2": {
            "0": 0.9236195683479309,
            "1": 0.9322077631950378,
            "2": 0.9036398530006409
        }
    }
}