{
    "confidence_score": 0.8692267537117004,
    "ptm": 0.9276340007781982,
    "iptm": 0.891787052154541,
    "ligand_iptm": 0.9363042116165161,
    "protein_iptm": 0.8768417239189148,
    "complex_plddt": 0.8635866641998291,
    "complex_iplddt": 0.733893632888794,
    "complex_pde": 0.39871451258659363,
    "complex_ipde": 0.7822272777557373,
    "chains_ptm": {
        "0": 0.9778245091438293,
        "1": 0.9773493409156799,
        "2": 0.8911696672439575
    },
    "pair_chains_iptm": {
        "0": {
            "0": 0.9778245091438293,
            "1": 0.8768417239189148,
            "2": 0.72287917137146
        },
        "1": {
            "0": 0.8634753227233887,
            "1": 0.9773493409156799,
            "2": 0.6523627042770386
        },
        "2": {
            "0": 0.9363042116165161,
            "1": 0.9259074926376343,
            "2": 0.8911696672439575
        }
    }
}