{
    "confidence_score": 0.8101369142532349,
    "ptm": 0.7914087176322937,
    "iptm": 0.6502394080162048,
    "ligand_iptm": 0.7868715524673462,
    "protein_iptm": 0.5939842462539673,
    "complex_plddt": 0.8501113057136536,
    "complex_iplddt": 0.6983277797698975,
    "complex_pde": 0.8813325762748718,
    "complex_ipde": 3.1976144313812256,
    "chains_ptm": {
        "0": 0.9695282578468323,
        "1": 0.9598655104637146,
        "2": 0.8331639170646667
    },
    "pair_chains_iptm": {
        "0": {
            "0": 0.9695282578468323,
            "1": 0.5939842462539673,
            "2": 0.5488021373748779
        },
        "1": {
            "0": 0.576377272605896,
            "1": 0.9598655104637146,
            "2": 0.40658828616142273
        },
        "2": {
            "0": 0.7868715524673462,
            "1": 0.7422668933868408,
            "2": 0.8331639170646667
        }
    }
}