{
    "confidence_score": 0.8904255032539368,
    "ptm": 0.9102150201797485,
    "iptm": 0.8774867653846741,
    "ligand_iptm": 0.8212267160415649,
    "protein_iptm": 0.9076365828514099,
    "complex_plddt": 0.8936601281166077,
    "complex_iplddt": 0.811835765838623,
    "complex_pde": 0.6694380640983582,
    "complex_ipde": 1.4279335737228394,
    "chains_ptm": {
        "0": 0.9678705930709839,
        "1": 0.9678254723548889,
        "2": 0.7960705757141113
    },
    "pair_chains_iptm": {
        "0": {
            "0": 0.9678705930709839,
            "1": 0.9076365828514099,
            "2": 0.5329372882843018
        },
        "1": {
            "0": 0.9076058268547058,
            "1": 0.9678254723548889,
            "2": 0.5097770690917969
        },
        "2": {
            "0": 0.8212267160415649,
            "1": 0.8126046061515808,
            "2": 0.7960705757141113
        }
    }
}