{
    "confidence_score": 0.8416075706481934,
    "ptm": 0.8386592268943787,
    "iptm": 0.7316166758537292,
    "ligand_iptm": 0.8415067791938782,
    "protein_iptm": 0.6751345992088318,
    "complex_plddt": 0.869105339050293,
    "complex_iplddt": 0.7419542670249939,
    "complex_pde": 0.5899929404258728,
    "complex_ipde": 1.6261054277420044,
    "chains_ptm": {
        "0": 0.9706767201423645,
        "1": 0.9732058644294739,
        "2": 0.8502129316329956
    },
    "pair_chains_iptm": {
        "0": {
            "0": 0.9706767201423645,
            "1": 0.667923629283905,
            "2": 0.650529682636261
        },
        "1": {
            "0": 0.6751345992088318,
            "1": 0.9732058644294739,
            "2": 0.5260635018348694
        },
        "2": {
            "0": 0.8415067791938782,
            "1": 0.8155838251113892,
            "2": 0.8502129316329956
        }
    }
}