{
    "confidence_score": 0.8441788554191589,
    "ptm": 0.8826131820678711,
    "iptm": 0.8101845979690552,
    "ligand_iptm": 0.8818027973175049,
    "protein_iptm": 0.770939290523529,
    "complex_plddt": 0.8526774048805237,
    "complex_iplddt": 0.7086670994758606,
    "complex_pde": 0.5168877243995667,
    "complex_ipde": 1.3726869821548462,
    "chains_ptm": {
        "0": 0.9746474027633667,
        "1": 0.9779196381568909,
        "2": 0.8415804505348206
    },
    "pair_chains_iptm": {
        "0": {
            "0": 0.9746474027633667,
            "1": 0.7623252272605896,
            "2": 0.6521546840667725
        },
        "1": {
            "0": 0.770939290523529,
            "1": 0.9779196381568909,
            "2": 0.546022891998291
        },
        "2": {
            "0": 0.8818027973175049,
            "1": 0.8483353853225708,
            "2": 0.8415804505348206
        }
    }
}