{
    "confidence_score": 0.881026566028595,
    "ptm": 0.9189997315406799,
    "iptm": 0.8849993348121643,
    "ligand_iptm": 0.7771480679512024,
    "protein_iptm": 0.9457604885101318,
    "complex_plddt": 0.8800333142280579,
    "complex_iplddt": 0.767107367515564,
    "complex_pde": 0.6817482709884644,
    "complex_ipde": 1.4548299312591553,
    "chains_ptm": {
        "0": 0.9733542799949646,
        "1": 0.9755395650863647,
        "2": 0.7505788803100586
    },
    "pair_chains_iptm": {
        "0": {
            "0": 0.9733542799949646,
            "1": 0.9457604885101318,
            "2": 0.464154452085495
        },
        "1": {
            "0": 0.9451562166213989,
            "1": 0.9755395650863647,
            "2": 0.5107293725013733
        },
        "2": {
            "0": 0.7763727307319641,
            "1": 0.7771480679512024,
            "2": 0.7505788803100586
        }
    }
}