{
    "confidence_score": 0.7927414178848267,
    "ptm": 0.8206115961074829,
    "iptm": 0.7017942070960999,
    "ligand_iptm": 0.7948967814445496,
    "protein_iptm": 0.6521633863449097,
    "complex_plddt": 0.8154782056808472,
    "complex_iplddt": 0.5952541828155518,
    "complex_pde": 0.6401023268699646,
    "complex_ipde": 1.9288337230682373,
    "chains_ptm": {
        "0": 0.969580352306366,
        "1": 0.9730696678161621,
        "2": 0.8183487057685852
    },
    "pair_chains_iptm": {
        "0": {
            "0": 0.969580352306366,
            "1": 0.644677996635437,
            "2": 0.5706687569618225
        },
        "1": {
            "0": 0.6521633863449097,
            "1": 0.9730696678161621,
            "2": 0.4788654148578644
        },
        "2": {
            "0": 0.7948967814445496,
            "1": 0.7747839093208313,
            "2": 0.8183487057685852
        }
    }
}