{
    "confidence_score": 0.7941005229949951,
    "ptm": 0.9471155405044556,
    "iptm": 0.9270021319389343,
    "ligand_iptm": 0.9589889049530029,
    "protein_iptm": 0.9129914045333862,
    "complex_plddt": 0.7608751058578491,
    "complex_iplddt": 0.48152756690979004,
    "complex_pde": 0.3641463816165924,
    "complex_ipde": 0.6670405268669128,
    "chains_ptm": {
        "0": 0.9784370064735413,
        "1": 0.9835707545280457,
        "2": 0.9354617595672607
    },
    "pair_chains_iptm": {
        "0": {
            "0": 0.9784370064735413,
            "1": 0.9129914045333862,
            "2": 0.7065134644508362
        },
        "1": {
            "0": 0.8999406695365906,
            "1": 0.9835707545280457,
            "2": 0.7340356111526489
        },
        "2": {
            "0": 0.9448179602622986,
            "1": 0.9589889049530029,
            "2": 0.9354617595672607
        }
    }
}