{
    "confidence_score": 0.8824223875999451,
    "ptm": 0.9173078536987305,
    "iptm": 0.8833617568016052,
    "ligand_iptm": 0.7816572785377502,
    "protein_iptm": 0.9410162568092346,
    "complex_plddt": 0.88218754529953,
    "complex_iplddt": 0.7622912526130676,
    "complex_pde": 0.7036639451980591,
    "complex_ipde": 1.554157018661499,
    "chains_ptm": {
        "0": 0.9738035202026367,
        "1": 0.973266065120697,
        "2": 0.7500720024108887
    },
    "pair_chains_iptm": {
        "0": {
            "0": 0.9738035202026367,
            "1": 0.9410162568092346,
            "2": 0.47286537289619446
        },
        "1": {
            "0": 0.9408887624740601,
            "1": 0.973266065120697,
            "2": 0.43278786540031433
        },
        "2": {
            "0": 0.7816572785377502,
            "1": 0.7780880928039551,
            "2": 0.7500720024108887
        }
    }
}