{
    "confidence_score": 0.8898539543151855,
    "ptm": 0.9210759997367859,
    "iptm": 0.8924151062965393,
    "ligand_iptm": 0.8155615329742432,
    "protein_iptm": 0.937143862247467,
    "complex_plddt": 0.8892136812210083,
    "complex_iplddt": 0.7946556806564331,
    "complex_pde": 0.6888958811759949,
    "complex_ipde": 1.4568535089492798,
    "chains_ptm": {
        "0": 0.9645609855651855,
        "1": 0.9669463038444519,
        "2": 0.7809650897979736
    },
    "pair_chains_iptm": {
        "0": {
            "0": 0.9645609855651855,
            "1": 0.937143862247467,
            "2": 0.47066834568977356
        },
        "1": {
            "0": 0.9366351366043091,
            "1": 0.9669463038444519,
            "2": 0.48151054978370667
        },
        "2": {
            "0": 0.8152408003807068,
            "1": 0.8155615329742432,
            "2": 0.7809650897979736
        }
    }
}