{
    "confidence_score": 0.8946005702018738,
    "ptm": 0.9150166511535645,
    "iptm": 0.8809576630592346,
    "ligand_iptm": 0.7906761169433594,
    "protein_iptm": 0.9362651705741882,
    "complex_plddt": 0.898011326789856,
    "complex_iplddt": 0.8113822937011719,
    "complex_pde": 0.7080724239349365,
    "complex_ipde": 1.5457826852798462,
    "chains_ptm": {
        "0": 0.9702587127685547,
        "1": 0.9703598022460938,
        "2": 0.7749645709991455
    },
    "pair_chains_iptm": {
        "0": {
            "0": 0.9702587127685547,
            "1": 0.9362651705741882,
            "2": 0.48523420095443726
        },
        "1": {
            "0": 0.9339825510978699,
            "1": 0.9703598022460938,
            "2": 0.48216894268989563
        },
        "2": {
            "0": 0.7906761169433594,
            "1": 0.7850590348243713,
            "2": 0.7749645709991455
        }
    }
}