{
    "confidence_score": 0.8286586999893188,
    "ptm": 0.9268925786018372,
    "iptm": 0.8922895193099976,
    "ligand_iptm": 0.9404356479644775,
    "protein_iptm": 0.8733946084976196,
    "complex_plddt": 0.8127509951591492,
    "complex_iplddt": 0.61316978931427,
    "complex_pde": 0.3811138868331909,
    "complex_ipde": 0.7317914366722107,
    "chains_ptm": {
        "0": 0.9768046736717224,
        "1": 0.9800708889961243,
        "2": 0.917672872543335
    },
    "pair_chains_iptm": {
        "0": {
            "0": 0.9768046736717224,
            "1": 0.8733946084976196,
            "2": 0.7348887920379639
        },
        "1": {
            "0": 0.860526978969574,
            "1": 0.9800708889961243,
            "2": 0.6747533679008484
        },
        "2": {
            "0": 0.9404356479644775,
            "1": 0.9354272484779358,
            "2": 0.917672872543335
        }
    }
}