{
    "confidence_score": 0.846645176410675,
    "ptm": 0.842750608921051,
    "iptm": 0.7401178479194641,
    "ligand_iptm": 0.867365300655365,
    "protein_iptm": 0.6731730699539185,
    "complex_plddt": 0.873276948928833,
    "complex_iplddt": 0.7677857279777527,
    "complex_pde": 0.6261355876922607,
    "complex_ipde": 1.8732492923736572,
    "chains_ptm": {
        "0": 0.9691329598426819,
        "1": 0.9705173373222351,
        "2": 0.8690081238746643
    },
    "pair_chains_iptm": {
        "0": {
            "0": 0.9691329598426819,
            "1": 0.6502435207366943,
            "2": 0.6893221735954285
        },
        "1": {
            "0": 0.6731730699539185,
            "1": 0.9705173373222351,
            "2": 0.5292237401008606
        },
        "2": {
            "0": 0.867365300655365,
            "1": 0.7808425426483154,
            "2": 0.8690081238746643
        }
    }
}