{
    "confidence_score": 0.8787928819656372,
    "ptm": 0.9080547094345093,
    "iptm": 0.8751484751701355,
    "ligand_iptm": 0.775862455368042,
    "protein_iptm": 0.93163001537323,
    "complex_plddt": 0.879703938961029,
    "complex_iplddt": 0.7671164274215698,
    "complex_pde": 0.7399119734764099,
    "complex_ipde": 1.590134859085083,
    "chains_ptm": {
        "0": 0.9669228196144104,
        "1": 0.9653664827346802,
        "2": 0.75068598985672
    },
    "pair_chains_iptm": {
        "0": {
            "0": 0.9669228196144104,
            "1": 0.93163001537323,
            "2": 0.42017167806625366
        },
        "1": {
            "0": 0.9311736822128296,
            "1": 0.9653664827346802,
            "2": 0.44975078105926514
        },
        "2": {
            "0": 0.775862455368042,
            "1": 0.7726622223854065,
            "2": 0.75068598985672
        }
    }
}