{
    "confidence_score": 0.8803136944770813,
    "ptm": 0.9264621734619141,
    "iptm": 0.8980908989906311,
    "ligand_iptm": 0.8167057037353516,
    "protein_iptm": 0.9439544677734375,
    "complex_plddt": 0.8758693337440491,
    "complex_iplddt": 0.7732712030410767,
    "complex_pde": 0.6422343254089355,
    "complex_ipde": 1.3757826089859009,
    "chains_ptm": {
        "0": 0.9732913374900818,
        "1": 0.9735097289085388,
        "2": 0.7821163535118103
    },
    "pair_chains_iptm": {
        "0": {
            "0": 0.9732913374900818,
            "1": 0.9439544677734375,
            "2": 0.5247236490249634
        },
        "1": {
            "0": 0.9434660077095032,
            "1": 0.9735097289085388,
            "2": 0.5485780239105225
        },
        "2": {
            "0": 0.8167057037353516,
            "1": 0.81451815366745,
            "2": 0.7821163535118103
        }
    }
}