{
    "confidence_score": 0.827488362789154,
    "ptm": 0.9084950089454651,
    "iptm": 0.8667781352996826,
    "ligand_iptm": 0.9535720348358154,
    "protein_iptm": 0.8287610411643982,
    "complex_plddt": 0.8176658153533936,
    "complex_iplddt": 0.6016271710395813,
    "complex_pde": 0.3948855996131897,
    "complex_ipde": 0.8597784638404846,
    "chains_ptm": {
        "0": 0.9782281517982483,
        "1": 0.9841066002845764,
        "2": 0.9308640360832214
    },
    "pair_chains_iptm": {
        "0": {
            "0": 0.9782281517982483,
            "1": 0.8287610411643982,
            "2": 0.6674187779426575
        },
        "1": {
            "0": 0.8140531778335571,
            "1": 0.9841066002845764,
            "2": 0.746369481086731
        },
        "2": {
            "0": 0.8957879543304443,
            "1": 0.9535720348358154,
            "2": 0.9308640360832214
        }
    }
}