{
    "confidence_score": 0.8914865851402283,
    "ptm": 0.9162858724594116,
    "iptm": 0.8822327852249146,
    "ligand_iptm": 0.7827907800674438,
    "protein_iptm": 0.9403623342514038,
    "complex_plddt": 0.8938000202178955,
    "complex_iplddt": 0.7973103523254395,
    "complex_pde": 0.6684431433677673,
    "complex_ipde": 1.4485092163085938,
    "chains_ptm": {
        "0": 0.9723314046859741,
        "1": 0.9708728790283203,
        "2": 0.7846261262893677
    },
    "pair_chains_iptm": {
        "0": {
            "0": 0.9723314046859741,
            "1": 0.9403623342514038,
            "2": 0.5161888599395752
        },
        "1": {
            "0": 0.9389464259147644,
            "1": 0.9708728790283203,
            "2": 0.5215907692909241
        },
        "2": {
            "0": 0.7827907800674438,
            "1": 0.7807195782661438,
            "2": 0.7846261262893677
        }
    }
}