{
    "confidence_score": 0.8488699197769165,
    "ptm": 0.8242700695991516,
    "iptm": 0.7056342363357544,
    "ligand_iptm": 0.8235061764717102,
    "protein_iptm": 0.644317090511322,
    "complex_plddt": 0.8846787810325623,
    "complex_iplddt": 0.7886247634887695,
    "complex_pde": 0.6545113325119019,
    "complex_ipde": 2.013561964035034,
    "chains_ptm": {
        "0": 0.9704556465148926,
        "1": 0.9728145003318787,
        "2": 0.8446810841560364
    },
    "pair_chains_iptm": {
        "0": {
            "0": 0.9704556465148926,
            "1": 0.6198636293411255,
            "2": 0.6479735374450684
        },
        "1": {
            "0": 0.644317090511322,
            "1": 0.9728145003318787,
            "2": 0.4942353069782257
        },
        "2": {
            "0": 0.8235061764717102,
            "1": 0.7628151774406433,
            "2": 0.8446810841560364
        }
    }
}