{
    "confidence_score": 0.8508366942405701,
    "ptm": 0.928891122341156,
    "iptm": 0.8997082114219666,
    "ligand_iptm": 0.9268050193786621,
    "protein_iptm": 0.889621376991272,
    "complex_plddt": 0.838618814945221,
    "complex_iplddt": 0.6576194763183594,
    "complex_pde": 0.4061518609523773,
    "complex_ipde": 0.8585805892944336,
    "chains_ptm": {
        "0": 0.9795673489570618,
        "1": 0.9774250388145447,
        "2": 0.9002056121826172
    },
    "pair_chains_iptm": {
        "0": {
            "0": 0.9795673489570618,
            "1": 0.889621376991272,
            "2": 0.7369788885116577
        },
        "1": {
            "0": 0.8684792518615723,
            "1": 0.9774250388145447,
            "2": 0.699787974357605
        },
        "2": {
            "0": 0.9268050193786621,
            "1": 0.9227363467216492,
            "2": 0.9002056121826172
        }
    }
}