{
    "confidence_score": 0.8758492469787598,
    "ptm": 0.924857497215271,
    "iptm": 0.8956485986709595,
    "ligand_iptm": 0.9289993047714233,
    "protein_iptm": 0.8810404539108276,
    "complex_plddt": 0.8708993792533875,
    "complex_iplddt": 0.744965136051178,
    "complex_pde": 0.41619694232940674,
    "complex_ipde": 0.8496196269989014,
    "chains_ptm": {
        "0": 0.9731637835502625,
        "1": 0.9777982234954834,
        "2": 0.8900483846664429
    },
    "pair_chains_iptm": {
        "0": {
            "0": 0.9731637835502625,
            "1": 0.8810404539108276,
            "2": 0.7326751947402954
        },
        "1": {
            "0": 0.8700370192527771,
            "1": 0.9777982234954834,
            "2": 0.6849682331085205
        },
        "2": {
            "0": 0.9261355996131897,
            "1": 0.9289993047714233,
            "2": 0.8900483846664429
        }
    }
}