{
    "confidence_score": 0.8369016647338867,
    "ptm": 0.8697842955589294,
    "iptm": 0.7862240076065063,
    "ligand_iptm": 0.8983962535858154,
    "protein_iptm": 0.7317640781402588,
    "complex_plddt": 0.8495711088180542,
    "complex_iplddt": 0.706871509552002,
    "complex_pde": 0.55943763256073,
    "complex_ipde": 1.6105549335479736,
    "chains_ptm": {
        "0": 0.9737356901168823,
        "1": 0.9718353748321533,
        "2": 0.8844876885414124
    },
    "pair_chains_iptm": {
        "0": {
            "0": 0.9737356901168823,
            "1": 0.7314311265945435,
            "2": 0.7246549129486084
        },
        "1": {
            "0": 0.7317640781402588,
            "1": 0.9718353748321533,
            "2": 0.5563602447509766
        },
        "2": {
            "0": 0.8983962535858154,
            "1": 0.8128529787063599,
            "2": 0.8844876885414124
        }
    }
}