{
    "confidence_score": 0.8116464018821716,
    "ptm": 0.7883852124214172,
    "iptm": 0.6607221961021423,
    "ligand_iptm": 0.7731084823608398,
    "protein_iptm": 0.6150515675544739,
    "complex_plddt": 0.849377453327179,
    "complex_iplddt": 0.6864116191864014,
    "complex_pde": 0.7382386922836304,
    "complex_ipde": 2.379889488220215,
    "chains_ptm": {
        "0": 0.9647412896156311,
        "1": 0.9642999768257141,
        "2": 0.7814574241638184
    },
    "pair_chains_iptm": {
        "0": {
            "0": 0.9647412896156311,
            "1": 0.6150515675544739,
            "2": 0.4801747798919678
        },
        "1": {
            "0": 0.608613908290863,
            "1": 0.9642999768257141,
            "2": 0.4443853795528412
        },
        "2": {
            "0": 0.7328447103500366,
            "1": 0.7731084823608398,
            "2": 0.7814574241638184
        }
    }
}