{
    "confidence_score": 0.8615230917930603,
    "ptm": 0.8863081336021423,
    "iptm": 0.8384242653846741,
    "ligand_iptm": 0.6870472431182861,
    "protein_iptm": 0.9221727252006531,
    "complex_plddt": 0.8672977089881897,
    "complex_iplddt": 0.749162495136261,
    "complex_pde": 0.9335950016975403,
    "complex_ipde": 2.1626219749450684,
    "chains_ptm": {
        "0": 0.968083918094635,
        "1": 0.9664961695671082,
        "2": 0.6975870132446289
    },
    "pair_chains_iptm": {
        "0": {
            "0": 0.968083918094635,
            "1": 0.9221727252006531,
            "2": 0.30403319001197815
        },
        "1": {
            "0": 0.920603334903717,
            "1": 0.9664961695671082,
            "2": 0.3299841284751892
        },
        "2": {
            "0": 0.6870472431182861,
            "1": 0.6832392811775208,
            "2": 0.6975870132446289
        }
    }
}