{
    "confidence_score": 0.8448594212532043,
    "ptm": 0.8608078360557556,
    "iptm": 0.7739308476448059,
    "ligand_iptm": 0.867950439453125,
    "protein_iptm": 0.7247036695480347,
    "complex_plddt": 0.862591564655304,
    "complex_iplddt": 0.7293479442596436,
    "complex_pde": 0.5789082646369934,
    "complex_ipde": 1.6577868461608887,
    "chains_ptm": {
        "0": 0.9710706472396851,
        "1": 0.9737389087677002,
        "2": 0.8619049787521362
    },
    "pair_chains_iptm": {
        "0": {
            "0": 0.9710706472396851,
            "1": 0.7202571630477905,
            "2": 0.6792347431182861
        },
        "1": {
            "0": 0.7247036695480347,
            "1": 0.9737389087677002,
            "2": 0.5339040160179138
        },
        "2": {
            "0": 0.867950439453125,
            "1": 0.8033952116966248,
            "2": 0.8619049787521362
        }
    }
}