{
    "confidence_score": 0.887195885181427,
    "ptm": 0.9053184986114502,
    "iptm": 0.869935929775238,
    "ligand_iptm": 0.7844312191009521,
    "protein_iptm": 0.9214966893196106,
    "complex_plddt": 0.8915109038352966,
    "complex_iplddt": 0.8031825423240662,
    "complex_pde": 0.7322391271591187,
    "complex_ipde": 1.6195696592330933,
    "chains_ptm": {
        "0": 0.9631966352462769,
        "1": 0.9636161923408508,
        "2": 0.7728649973869324
    },
    "pair_chains_iptm": {
        "0": {
            "0": 0.9631966352462769,
            "1": 0.9214966893196106,
            "2": 0.48787495493888855
        },
        "1": {
            "0": 0.9187761545181274,
            "1": 0.9636161923408508,
            "2": 0.48143133521080017
        },
        "2": {
            "0": 0.7844312191009521,
            "1": 0.7765227556228638,
            "2": 0.7728649973869324
        }
    }
}