{
    "confidence_score": 0.8824294209480286,
    "ptm": 0.917630672454834,
    "iptm": 0.8875693678855896,
    "ligand_iptm": 0.8165937066078186,
    "protein_iptm": 0.9321662187576294,
    "complex_plddt": 0.8811444640159607,
    "complex_iplddt": 0.7837491035461426,
    "complex_pde": 0.6619659066200256,
    "complex_ipde": 1.354182481765747,
    "chains_ptm": {
        "0": 0.9690200090408325,
        "1": 0.968584418296814,
        "2": 0.8257648348808289
    },
    "pair_chains_iptm": {
        "0": {
            "0": 0.9690200090408325,
            "1": 0.9321662187576294,
            "2": 0.533488392829895
        },
        "1": {
            "0": 0.9314526915550232,
            "1": 0.968584418296814,
            "2": 0.5579547882080078
        },
        "2": {
            "0": 0.8165937066078186,
            "1": 0.8085536956787109,
            "2": 0.8257648348808289
        }
    }
}