{
    "confidence_score": 0.8651122450828552,
    "ptm": 0.9515394568443298,
    "iptm": 0.9340842366218567,
    "ligand_iptm": 0.9678428769111633,
    "protein_iptm": 0.9225829243659973,
    "complex_plddt": 0.8478692173957825,
    "complex_iplddt": 0.7081075310707092,
    "complex_pde": 0.3317005932331085,
    "complex_ipde": 0.5359997153282166,
    "chains_ptm": {
        "0": 0.9805023670196533,
        "1": 0.9831768870353699,
        "2": 0.9321712851524353
    },
    "pair_chains_iptm": {
        "0": {
            "0": 0.9805023670196533,
            "1": 0.9225829243659973,
            "2": 0.7882347106933594
        },
        "1": {
            "0": 0.9058346152305603,
            "1": 0.9831768870353699,
            "2": 0.767981767654419
        },
        "2": {
            "0": 0.9678428769111633,
            "1": 0.9603416919708252,
            "2": 0.9321712851524353
        }
    }
}