{
    "confidence_score": 0.8237565159797668,
    "ptm": 0.8589895367622375,
    "iptm": 0.7913426756858826,
    "ligand_iptm": 0.8968578577041626,
    "protein_iptm": 0.7451251745223999,
    "complex_plddt": 0.8318599462509155,
    "complex_iplddt": 0.6290647387504578,
    "complex_pde": 0.500003457069397,
    "complex_ipde": 1.3179821968078613,
    "chains_ptm": {
        "0": 0.9721676111221313,
        "1": 0.9779207110404968,
        "2": 0.8636767864227295
    },
    "pair_chains_iptm": {
        "0": {
            "0": 0.9721676111221313,
            "1": 0.7451251745223999,
            "2": 0.5905961394309998
        },
        "1": {
            "0": 0.7439610958099365,
            "1": 0.9779207110404968,
            "2": 0.6263556480407715
        },
        "2": {
            "0": 0.831429660320282,
            "1": 0.8968578577041626,
            "2": 0.8636767864227295
        }
    }
}