{
    "confidence_score": 0.8708881735801697,
    "ptm": 0.9126074314117432,
    "iptm": 0.8781711459159851,
    "ligand_iptm": 0.7896687388420105,
    "protein_iptm": 0.9302197694778442,
    "complex_plddt": 0.8690674304962158,
    "complex_iplddt": 0.7604319453239441,
    "complex_pde": 0.7197907567024231,
    "complex_ipde": 1.5735561847686768,
    "chains_ptm": {
        "0": 0.9677971005439758,
        "1": 0.9694381356239319,
        "2": 0.7936455607414246
    },
    "pair_chains_iptm": {
        "0": {
            "0": 0.9677971005439758,
            "1": 0.9302197694778442,
            "2": 0.4808231592178345
        },
        "1": {
            "0": 0.9292104244232178,
            "1": 0.9694381356239319,
            "2": 0.5061072707176208
        },
        "2": {
            "0": 0.7867242097854614,
            "1": 0.7896687388420105,
            "2": 0.7936455607414246
        }
    }
}