{
    "confidence_score": 0.8182007074356079,
    "ptm": 0.8122884035110474,
    "iptm": 0.7007045149803162,
    "ligand_iptm": 0.8115274310112,
    "protein_iptm": 0.6521622538566589,
    "complex_plddt": 0.847574770450592,
    "complex_iplddt": 0.681348443031311,
    "complex_pde": 0.6991775035858154,
    "complex_ipde": 2.2584872245788574,
    "chains_ptm": {
        "0": 0.9714575409889221,
        "1": 0.9647653102874756,
        "2": 0.833155632019043
    },
    "pair_chains_iptm": {
        "0": {
            "0": 0.9714575409889221,
            "1": 0.6521622538566589,
            "2": 0.5551630854606628
        },
        "1": {
            "0": 0.6346602439880371,
            "1": 0.9647653102874756,
            "2": 0.48623788356781006
        },
        "2": {
            "0": 0.7839120626449585,
            "1": 0.8115274310112,
            "2": 0.833155632019043
        }
    }
}