{
    "confidence_score": 0.8393915295600891,
    "ptm": 0.7912411093711853,
    "iptm": 0.6538717746734619,
    "ligand_iptm": 0.7890907526016235,
    "protein_iptm": 0.6070589423179626,
    "complex_plddt": 0.8857714533805847,
    "complex_iplddt": 0.7797933220863342,
    "complex_pde": 0.7439374923706055,
    "complex_ipde": 2.3581879138946533,
    "chains_ptm": {
        "0": 0.9639358520507812,
        "1": 0.9710621237754822,
        "2": 0.790840744972229
    },
    "pair_chains_iptm": {
        "0": {
            "0": 0.9639358520507812,
            "1": 0.6015835404396057,
            "2": 0.4842368960380554
        },
        "1": {
            "0": 0.6070589423179626,
            "1": 0.9710621237754822,
            "2": 0.5042685866355896
        },
        "2": {
            "0": 0.7372023463249207,
            "1": 0.7890907526016235,
            "2": 0.790840744972229
        }
    }
}