{
    "confidence_score": 0.886310875415802,
    "ptm": 0.9210962653160095,
    "iptm": 0.891759991645813,
    "ligand_iptm": 0.8036117553710938,
    "protein_iptm": 0.9417531490325928,
    "complex_plddt": 0.8849486112594604,
    "complex_iplddt": 0.7840124368667603,
    "complex_pde": 0.6744155883789062,
    "complex_ipde": 1.4238301515579224,
    "chains_ptm": {
        "0": 0.9729533195495605,
        "1": 0.9729647636413574,
        "2": 0.7854799628257751
    },
    "pair_chains_iptm": {
        "0": {
            "0": 0.9729533195495605,
            "1": 0.9417531490325928,
            "2": 0.48691362142562866
        },
        "1": {
            "0": 0.9414495825767517,
            "1": 0.9729647636413574,
            "2": 0.46280205249786377
        },
        "2": {
            "0": 0.8036117553710938,
            "1": 0.8022799491882324,
            "2": 0.7854799628257751
        }
    }
}