{
    "confidence_score": 0.8778545260429382,
    "ptm": 0.9178260564804077,
    "iptm": 0.884722888469696,
    "ligand_iptm": 0.7868899703025818,
    "protein_iptm": 0.9414104223251343,
    "complex_plddt": 0.8761374354362488,
    "complex_iplddt": 0.7485027313232422,
    "complex_pde": 0.6691047549247742,
    "complex_ipde": 1.4496941566467285,
    "chains_ptm": {
        "0": 0.9720863699913025,
        "1": 0.9690337777137756,
        "2": 0.7770748734474182
    },
    "pair_chains_iptm": {
        "0": {
            "0": 0.9720863699913025,
            "1": 0.940710723400116,
            "2": 0.5059254765510559
        },
        "1": {
            "0": 0.9414104223251343,
            "1": 0.9690337777137756,
            "2": 0.5089011788368225
        },
        "2": {
            "0": 0.7855769991874695,
            "1": 0.7868899703025818,
            "2": 0.7770748734474182
        }
    }
}