{
    "confidence_score": 0.8302766680717468,
    "ptm": 0.8282150626182556,
    "iptm": 0.7144310474395752,
    "ligand_iptm": 0.8046682476997375,
    "protein_iptm": 0.6668915152549744,
    "complex_plddt": 0.8592380881309509,
    "complex_iplddt": 0.7169890403747559,
    "complex_pde": 0.688478410243988,
    "complex_ipde": 2.12062668800354,
    "chains_ptm": {
        "0": 0.9684985876083374,
        "1": 0.9712832570075989,
        "2": 0.8294111490249634
    },
    "pair_chains_iptm": {
        "0": {
            "0": 0.9684985876083374,
            "1": 0.6632595658302307,
            "2": 0.5800631046295166
        },
        "1": {
            "0": 0.6668915152549744,
            "1": 0.9712832570075989,
            "2": 0.494109183549881
        },
        "2": {
            "0": 0.8046682476997375,
            "1": 0.7901445627212524,
            "2": 0.8294111490249634
        }
    }
}