{
    "confidence_score": 0.8338539004325867,
    "ptm": 0.8307865858078003,
    "iptm": 0.7179943919181824,
    "ligand_iptm": 0.8480208516120911,
    "protein_iptm": 0.6680091619491577,
    "complex_plddt": 0.8628188371658325,
    "complex_iplddt": 0.7201797962188721,
    "complex_pde": 0.5523757934570312,
    "complex_ipde": 1.502969741821289,
    "chains_ptm": {
        "0": 0.9740047454833984,
        "1": 0.9761024117469788,
        "2": 0.830964982509613
    },
    "pair_chains_iptm": {
        "0": {
            "0": 0.9740047454833984,
            "1": 0.6610406041145325,
            "2": 0.5803227424621582
        },
        "1": {
            "0": 0.6680091619491577,
            "1": 0.9761024117469788,
            "2": 0.5575519800186157
        },
        "2": {
            "0": 0.8120520114898682,
            "1": 0.8480208516120911,
            "2": 0.830964982509613
        }
    }
}