{
    "confidence_score": 0.8979836702346802,
    "ptm": 0.9385026693344116,
    "iptm": 0.9161604046821594,
    "ligand_iptm": 0.8553057312965393,
    "protein_iptm": 0.9520242810249329,
    "complex_plddt": 0.8934394717216492,
    "complex_iplddt": 0.7978779077529907,
    "complex_pde": 0.5807422399520874,
    "complex_ipde": 1.1569677591323853,
    "chains_ptm": {
        "0": 0.9723515510559082,
        "1": 0.9742326736450195,
        "2": 0.8386631011962891
    },
    "pair_chains_iptm": {
        "0": {
            "0": 0.9723515510559082,
            "1": 0.9520242810249329,
            "2": 0.5612801909446716
        },
        "1": {
            "0": 0.9512365460395813,
            "1": 0.9742326736450195,
            "2": 0.5562862157821655
        },
        "2": {
            "0": 0.8553057312965393,
            "1": 0.8552600741386414,
            "2": 0.8386631011962891
        }
    }
}