{
    "confidence_score": 0.8403955698013306,
    "ptm": 0.8631123900413513,
    "iptm": 0.7747983336448669,
    "ligand_iptm": 0.8828904032707214,
    "protein_iptm": 0.7335587739944458,
    "complex_plddt": 0.8567948937416077,
    "complex_iplddt": 0.7127047181129456,
    "complex_pde": 0.5203491449356079,
    "complex_ipde": 1.3969146013259888,
    "chains_ptm": {
        "0": 0.9733735918998718,
        "1": 0.975714921951294,
        "2": 0.8798064589500427
    },
    "pair_chains_iptm": {
        "0": {
            "0": 0.9733735918998718,
            "1": 0.7201212048530579,
            "2": 0.6483618021011353
        },
        "1": {
            "0": 0.7335587739944458,
            "1": 0.975714921951294,
            "2": 0.6139315366744995
        },
        "2": {
            "0": 0.860292375087738,
            "1": 0.8828904032707214,
            "2": 0.8798064589500427
        }
    }
}