{
    "confidence_score": 0.8815478682518005,
    "ptm": 0.9190550446510315,
    "iptm": 0.8726359009742737,
    "ligand_iptm": 0.9339599609375,
    "protein_iptm": 0.841356635093689,
    "complex_plddt": 0.8837758302688599,
    "complex_iplddt": 0.7879604697227478,
    "complex_pde": 0.4034995436668396,
    "complex_ipde": 0.8512358069419861,
    "chains_ptm": {
        "0": 0.9775182008743286,
        "1": 0.9785605072975159,
        "2": 0.9181233048439026
    },
    "pair_chains_iptm": {
        "0": {
            "0": 0.9775182008743286,
            "1": 0.8401663303375244,
            "2": 0.771676242351532
        },
        "1": {
            "0": 0.841356635093689,
            "1": 0.9785605072975159,
            "2": 0.6985000371932983
        },
        "2": {
            "0": 0.9339599609375,
            "1": 0.9213014245033264,
            "2": 0.9181233048439026
        }
    }
}