{
    "confidence_score": 0.8625361323356628,
    "ptm": 0.9205858111381531,
    "iptm": 0.8802536725997925,
    "ligand_iptm": 0.9351943731307983,
    "protein_iptm": 0.8680298328399658,
    "complex_plddt": 0.8581067323684692,
    "complex_iplddt": 0.7570657134056091,
    "complex_pde": 0.4405845105648041,
    "complex_ipde": 0.9576889276504517,
    "chains_ptm": {
        "0": 0.9702507853507996,
        "1": 0.9766551852226257,
        "2": 0.9007183313369751
    },
    "pair_chains_iptm": {
        "0": {
            "0": 0.9702507853507996,
            "1": 0.8680298328399658,
            "2": 0.7627820372581482
        },
        "1": {
            "0": 0.8538506031036377,
            "1": 0.9766551852226257,
            "2": 0.6848956346511841
        },
        "2": {
            "0": 0.9351943731307983,
            "1": 0.8932183980941772,
            "2": 0.9007183313369751
        }
    }
}