{
    "confidence_score": 0.871678352355957,
    "ptm": 0.9285512566566467,
    "iptm": 0.9029646515846252,
    "ligand_iptm": 0.8303803205490112,
    "protein_iptm": 0.9440689086914062,
    "complex_plddt": 0.8638567328453064,
    "complex_iplddt": 0.7451385855674744,
    "complex_pde": 0.6535401940345764,
    "complex_ipde": 1.3835760354995728,
    "chains_ptm": {
        "0": 0.9728881120681763,
        "1": 0.9715219140052795,
        "2": 0.7627967000007629
    },
    "pair_chains_iptm": {
        "0": {
            "0": 0.9728881120681763,
            "1": 0.9440689086914062,
            "2": 0.4894621968269348
        },
        "1": {
            "0": 0.9407354593276978,
            "1": 0.9715219140052795,
            "2": 0.45593735575675964
        },
        "2": {
            "0": 0.8303803205490112,
            "1": 0.8261851072311401,
            "2": 0.7627967000007629
        }
    }
}