{
    "confidence_score": 0.7762893438339233,
    "ptm": 0.8100789189338684,
    "iptm": 0.7166067957878113,
    "ligand_iptm": 0.8935710191726685,
    "protein_iptm": 0.6423733234405518,
    "complex_plddt": 0.7912099361419678,
    "complex_iplddt": 0.5578820109367371,
    "complex_pde": 0.6609417200088501,
    "complex_ipde": 2.281960964202881,
    "chains_ptm": {
        "0": 0.9728477597236633,
        "1": 0.9794971346855164,
        "2": 0.8648392558097839
    },
    "pair_chains_iptm": {
        "0": {
            "0": 0.9728477597236633,
            "1": 0.6423733234405518,
            "2": 0.5089255571365356
        },
        "1": {
            "0": 0.6315109729766846,
            "1": 0.9794971346855164,
            "2": 0.6529075503349304
        },
        "2": {
            "0": 0.7171652913093567,
            "1": 0.8935710191726685,
            "2": 0.8648392558097839
        }
    }
}