{
    "confidence_score": 0.8835390210151672,
    "ptm": 0.9268320798873901,
    "iptm": 0.8865420818328857,
    "ligand_iptm": 0.9485252499580383,
    "protein_iptm": 0.8664465546607971,
    "complex_plddt": 0.8827883005142212,
    "complex_iplddt": 0.7881507873535156,
    "complex_pde": 0.36057189106941223,
    "complex_ipde": 0.6819595694541931,
    "chains_ptm": {
        "0": 0.9819614291191101,
        "1": 0.9816246628761292,
        "2": 0.9237412214279175
    },
    "pair_chains_iptm": {
        "0": {
            "0": 0.9819614291191101,
            "1": 0.8664465546607971,
            "2": 0.7948224544525146
        },
        "1": {
            "0": 0.8553785681724548,
            "1": 0.9816246628761292,
            "2": 0.7187215685844421
        },
        "2": {
            "0": 0.9485252499580383,
            "1": 0.933474063873291,
            "2": 0.9237412214279175
        }
    }
}