{
    "confidence_score": 0.8654077649116516,
    "ptm": 0.9120780825614929,
    "iptm": 0.8786324858665466,
    "ligand_iptm": 0.7826716303825378,
    "protein_iptm": 0.9333910942077637,
    "complex_plddt": 0.8621016144752502,
    "complex_iplddt": 0.7532881498336792,
    "complex_pde": 0.7048003673553467,
    "complex_ipde": 1.5023186206817627,
    "chains_ptm": {
        "0": 0.9693400859832764,
        "1": 0.9683650732040405,
        "2": 0.781873881816864
    },
    "pair_chains_iptm": {
        "0": {
            "0": 0.9693400859832764,
            "1": 0.9333910942077637,
            "2": 0.4931105375289917
        },
        "1": {
            "0": 0.9300055503845215,
            "1": 0.9683650732040405,
            "2": 0.5045904517173767
        },
        "2": {
            "0": 0.7826716303825378,
            "1": 0.7793815732002258,
            "2": 0.781873881816864
        }
    }
}