{
    "confidence_score": 0.8143057227134705,
    "ptm": 0.8733528256416321,
    "iptm": 0.7992838025093079,
    "ligand_iptm": 0.8728227615356445,
    "protein_iptm": 0.7695696353912354,
    "complex_plddt": 0.818061113357544,
    "complex_iplddt": 0.646813690662384,
    "complex_pde": 0.5517787337303162,
    "complex_ipde": 1.4358528852462769,
    "chains_ptm": {
        "0": 0.9664832949638367,
        "1": 0.9738161563873291,
        "2": 0.8796409964561462
    },
    "pair_chains_iptm": {
        "0": {
            "0": 0.9664832949638367,
            "1": 0.7695696353912354,
            "2": 0.6421845555305481
        },
        "1": {
            "0": 0.7670373916625977,
            "1": 0.9738161563873291,
            "2": 0.5558392405509949
        },
        "2": {
            "0": 0.8682831525802612,
            "1": 0.8728227615356445,
            "2": 0.8796409964561462
        }
    }
}