{
    "confidence_score": 0.8424102663993835,
    "ptm": 0.9110616445541382,
    "iptm": 0.8610879778862,
    "ligand_iptm": 0.9449611306190491,
    "protein_iptm": 0.8215331435203552,
    "complex_plddt": 0.8377408385276794,
    "complex_iplddt": 0.716014564037323,
    "complex_pde": 0.49049505591392517,
    "complex_ipde": 1.3059111833572388,
    "chains_ptm": {
        "0": 0.9725992679595947,
        "1": 0.9755985736846924,
        "2": 0.9124959111213684
    },
    "pair_chains_iptm": {
        "0": {
            "0": 0.9725992679595947,
            "1": 0.8075234889984131,
            "2": 0.7853323817253113
        },
        "1": {
            "0": 0.8215331435203552,
            "1": 0.9755985736846924,
            "2": 0.6367804408073425
        },
        "2": {
            "0": 0.9449611306190491,
            "1": 0.840276837348938,
            "2": 0.9124959111213684
        }
    }
}