{
    "confidence_score": 0.8916434645652771,
    "ptm": 0.9046098589897156,
    "iptm": 0.8662799000740051,
    "ligand_iptm": 0.7565246820449829,
    "protein_iptm": 0.929844081401825,
    "complex_plddt": 0.8979842662811279,
    "complex_iplddt": 0.8164404630661011,
    "complex_pde": 0.799981415271759,
    "complex_ipde": 1.7681535482406616,
    "chains_ptm": {
        "0": 0.9678499698638916,
        "1": 0.9686886072158813,
        "2": 0.7848334312438965
    },
    "pair_chains_iptm": {
        "0": {
            "0": 0.9678499698638916,
            "1": 0.929844081401825,
            "2": 0.4801753759384155
        },
        "1": {
            "0": 0.9293773174285889,
            "1": 0.9686886072158813,
            "2": 0.47481849789619446
        },
        "2": {
            "0": 0.7565246820449829,
            "1": 0.7521682977676392,
            "2": 0.7848334312438965
        }
    }
}