{
    "confidence_score": 0.8696932196617126,
    "ptm": 0.9037963151931763,
    "iptm": 0.8676365613937378,
    "ligand_iptm": 0.7702199816703796,
    "protein_iptm": 0.9241580963134766,
    "complex_plddt": 0.8702073097229004,
    "complex_iplddt": 0.7512091994285583,
    "complex_pde": 0.7480787634849548,
    "complex_ipde": 1.6090527772903442,
    "chains_ptm": {
        "0": 0.966237485408783,
        "1": 0.9651994109153748,
        "2": 0.7748363614082336
    },
    "pair_chains_iptm": {
        "0": {
            "0": 0.966237485408783,
            "1": 0.9241580963134766,
            "2": 0.43015480041503906
        },
        "1": {
            "0": 0.922052800655365,
            "1": 0.9651994109153748,
            "2": 0.4597291052341461
        },
        "2": {
            "0": 0.7693167924880981,
            "1": 0.7702199816703796,
            "2": 0.7748363614082336
        }
    }
}