{
    "confidence_score": 0.8585281372070312,
    "ptm": 0.8887879252433777,
    "iptm": 0.8441088795661926,
    "ligand_iptm": 0.7565831542015076,
    "protein_iptm": 0.8972854614257812,
    "complex_plddt": 0.8621329665184021,
    "complex_iplddt": 0.7360221147537231,
    "complex_pde": 0.7825719118118286,
    "complex_ipde": 1.733423113822937,
    "chains_ptm": {
        "0": 0.9658811688423157,
        "1": 0.962699830532074,
        "2": 0.7820734977722168
    },
    "pair_chains_iptm": {
        "0": {
            "0": 0.9658811688423157,
            "1": 0.8947087526321411,
            "2": 0.4551823139190674
        },
        "1": {
            "0": 0.8972854614257812,
            "1": 0.962699830532074,
            "2": 0.4849241375923157
        },
        "2": {
            "0": 0.7490950226783752,
            "1": 0.7565831542015076,
            "2": 0.7820734977722168
        }
    }
}