{
    "confidence_score": 0.8692703247070312,
    "ptm": 0.9013884663581848,
    "iptm": 0.8631289601325989,
    "ligand_iptm": 0.7892664074897766,
    "protein_iptm": 0.9040353298187256,
    "complex_plddt": 0.8708056211471558,
    "complex_iplddt": 0.7500389814376831,
    "complex_pde": 0.7484378218650818,
    "complex_ipde": 1.6859922409057617,
    "chains_ptm": {
        "0": 0.9677159786224365,
        "1": 0.9671633243560791,
        "2": 0.7634605169296265
    },
    "pair_chains_iptm": {
        "0": {
            "0": 0.9677159786224365,
            "1": 0.9036638140678406,
            "2": 0.4568980038166046
        },
        "1": {
            "0": 0.9040353298187256,
            "1": 0.9671633243560791,
            "2": 0.4463224709033966
        },
        "2": {
            "0": 0.7892664074897766,
            "1": 0.780983567237854,
            "2": 0.7634605169296265
        }
    }
}