{
    "confidence_score": 0.9108601808547974,
    "ptm": 0.9490904808044434,
    "iptm": 0.9308789968490601,
    "ligand_iptm": 0.9604223370552063,
    "protein_iptm": 0.9179384112358093,
    "complex_plddt": 0.9058554768562317,
    "complex_iplddt": 0.8279202580451965,
    "complex_pde": 0.3433580994606018,
    "complex_ipde": 0.5796524882316589,
    "chains_ptm": {
        "0": 0.9807419180870056,
        "1": 0.9820986390113831,
        "2": 0.9248841404914856
    },
    "pair_chains_iptm": {
        "0": {
            "0": 0.9807419180870056,
            "1": 0.9179384112358093,
            "2": 0.8107053637504578
        },
        "1": {
            "0": 0.9053844809532166,
            "1": 0.9820986390113831,
            "2": 0.7625433206558228
        },
        "2": {
            "0": 0.9595426321029663,
            "1": 0.9604223370552063,
            "2": 0.9248841404914856
        }
    }
}