{
    "confidence_score": 0.8607845306396484,
    "ptm": 0.936511218547821,
    "iptm": 0.9039879441261292,
    "ligand_iptm": 0.9548287391662598,
    "protein_iptm": 0.881720781326294,
    "complex_plddt": 0.8499836921691895,
    "complex_iplddt": 0.731802225112915,
    "complex_pde": 0.38341638445854187,
    "complex_ipde": 0.7606658935546875,
    "chains_ptm": {
        "0": 0.9765604734420776,
        "1": 0.9809565544128418,
        "2": 0.9229169487953186
    },
    "pair_chains_iptm": {
        "0": {
            "0": 0.9765604734420776,
            "1": 0.881720781326294,
            "2": 0.8023557662963867
        },
        "1": {
            "0": 0.8804358839988708,
            "1": 0.9809565544128418,
            "2": 0.7234117984771729
        },
        "2": {
            "0": 0.9548287391662598,
            "1": 0.9103866815567017,
            "2": 0.9229169487953186
        }
    }
}