{
    "confidence_score": 0.8839912414550781,
    "ptm": 0.9155016541481018,
    "iptm": 0.8834593296051025,
    "ligand_iptm": 0.7829635739326477,
    "protein_iptm": 0.9412239193916321,
    "complex_plddt": 0.8841241598129272,
    "complex_iplddt": 0.7666129469871521,
    "complex_pde": 0.7299846410751343,
    "complex_ipde": 1.5823032855987549,
    "chains_ptm": {
        "0": 0.969450056552887,
        "1": 0.9685204029083252,
        "2": 0.7706508636474609
    },
    "pair_chains_iptm": {
        "0": {
            "0": 0.969450056552887,
            "1": 0.9412239193916321,
            "2": 0.44570672512054443
        },
        "1": {
            "0": 0.9394299387931824,
            "1": 0.9685204029083252,
            "2": 0.4671119153499603
        },
        "2": {
            "0": 0.7829635739326477,
            "1": 0.7823788523674011,
            "2": 0.7706508636474609
        }
    }
}