{
    "confidence_score": 0.8395792245864868,
    "ptm": 0.9299443960189819,
    "iptm": 0.900595486164093,
    "ligand_iptm": 0.9455256462097168,
    "protein_iptm": 0.8809152841567993,
    "complex_plddt": 0.8243251442909241,
    "complex_iplddt": 0.623384416103363,
    "complex_pde": 0.36437398195266724,
    "complex_ipde": 0.7049420475959778,
    "chains_ptm": {
        "0": 0.9793333411216736,
        "1": 0.9831392168998718,
        "2": 0.9107006192207336
    },
    "pair_chains_iptm": {
        "0": {
            "0": 0.9793333411216736,
            "1": 0.8809152841567993,
            "2": 0.7725187540054321
        },
        "1": {
            "0": 0.8669296503067017,
            "1": 0.9831392168998718,
            "2": 0.7170282602310181
        },
        "2": {
            "0": 0.9317306280136108,
            "1": 0.9455256462097168,
            "2": 0.9107006192207336
        }
    }
}