{
    "confidence_score": 0.8190164566040039,
    "ptm": 0.8981087803840637,
    "iptm": 0.8343250155448914,
    "ligand_iptm": 0.9014185070991516,
    "protein_iptm": 0.7979990243911743,
    "complex_plddt": 0.8151893615722656,
    "complex_iplddt": 0.6104069352149963,
    "complex_pde": 0.4819006323814392,
    "complex_ipde": 1.2704131603240967,
    "chains_ptm": {
        "0": 0.9766972661018372,
        "1": 0.9798540472984314,
        "2": 0.8880911469459534
    },
    "pair_chains_iptm": {
        "0": {
            "0": 0.9766972661018372,
            "1": 0.7891232371330261,
            "2": 0.7126197218894958
        },
        "1": {
            "0": 0.7979990243911743,
            "1": 0.9798540472984314,
            "2": 0.6348845958709717
        },
        "2": {
            "0": 0.9014185070991516,
            "1": 0.8740566372871399,
            "2": 0.8880911469459534
        }
    }
}