{
    "confidence_score": 0.8764393925666809,
    "ptm": 0.9231942296028137,
    "iptm": 0.8924329876899719,
    "ligand_iptm": 0.7966757416725159,
    "protein_iptm": 0.9465583562850952,
    "complex_plddt": 0.8724409937858582,
    "complex_iplddt": 0.7602037787437439,
    "complex_pde": 0.6528835296630859,
    "complex_ipde": 1.3854870796203613,
    "chains_ptm": {
        "0": 0.9726147055625916,
        "1": 0.9745940566062927,
        "2": 0.7772987484931946
    },
    "pair_chains_iptm": {
        "0": {
            "0": 0.9726147055625916,
            "1": 0.9455434679985046,
            "2": 0.5100265145301819
        },
        "1": {
            "0": 0.9465583562850952,
            "1": 0.9745940566062927,
            "2": 0.5255635976791382
        },
        "2": {
            "0": 0.7966757416725159,
            "1": 0.7941274642944336,
            "2": 0.7772987484931946
        }
    }
}