{
    "confidence_score": 0.8759965896606445,
    "ptm": 0.9435186386108398,
    "iptm": 0.9153760075569153,
    "ligand_iptm": 0.9614835977554321,
    "protein_iptm": 0.8972591161727905,
    "complex_plddt": 0.8661516904830933,
    "complex_iplddt": 0.7840521335601807,
    "complex_pde": 0.35955366492271423,
    "complex_ipde": 0.6597217321395874,
    "chains_ptm": {
        "0": 0.9786413908004761,
        "1": 0.9823116660118103,
        "2": 0.9237553477287292
    },
    "pair_chains_iptm": {
        "0": {
            "0": 0.9786413908004761,
            "1": 0.8972591161727905,
            "2": 0.812015950679779
        },
        "1": {
            "0": 0.8899207711219788,
            "1": 0.9823116660118103,
            "2": 0.6880890130996704
        },
        "2": {
            "0": 0.9614835977554321,
            "1": 0.9290527701377869,
            "2": 0.9237553477287292
        }
    }
}