{
    "confidence_score": 0.8801276087760925,
    "ptm": 0.9207282066345215,
    "iptm": 0.8892989754676819,
    "ligand_iptm": 0.8047229647636414,
    "protein_iptm": 0.9407826662063599,
    "complex_plddt": 0.8778347373008728,
    "complex_iplddt": 0.7676758766174316,
    "complex_pde": 0.6753896474838257,
    "complex_ipde": 1.4633536338806152,
    "chains_ptm": {
        "0": 0.9727144837379456,
        "1": 0.9717850089073181,
        "2": 0.7714990377426147
    },
    "pair_chains_iptm": {
        "0": {
            "0": 0.9727144837379456,
            "1": 0.9407826662063599,
            "2": 0.47341176867485046
        },
        "1": {
            "0": 0.9382561445236206,
            "1": 0.9717850089073181,
            "2": 0.4641081690788269
        },
        "2": {
            "0": 0.8047229647636414,
            "1": 0.7987139225006104,
            "2": 0.7714990377426147
        }
    }
}