{
    "confidence_score": 0.8766050338745117,
    "ptm": 0.9085054397583008,
    "iptm": 0.8737600445747375,
    "ligand_iptm": 0.7829958200454712,
    "protein_iptm": 0.9272197484970093,
    "complex_plddt": 0.8773162961006165,
    "complex_iplddt": 0.7725025415420532,
    "complex_pde": 0.7606344223022461,
    "complex_ipde": 1.6512142419815063,
    "chains_ptm": {
        "0": 0.9664853811264038,
        "1": 0.9677180051803589,
        "2": 0.7948746085166931
    },
    "pair_chains_iptm": {
        "0": {
            "0": 0.9664853811264038,
            "1": 0.9268935322761536,
            "2": 0.49369654059410095
        },
        "1": {
            "0": 0.9272197484970093,
            "1": 0.9677180051803589,
            "2": 0.4994071125984192
        },
        "2": {
            "0": 0.7829958200454712,
            "1": 0.7782004475593567,
            "2": 0.7948746085166931
        }
    }
}