{
    "confidence_score": 0.8807058334350586,
    "ptm": 0.9195822477340698,
    "iptm": 0.8859248757362366,
    "ligand_iptm": 0.7771607041358948,
    "protein_iptm": 0.9494401812553406,
    "complex_plddt": 0.8794010281562805,
    "complex_iplddt": 0.7714115381240845,
    "complex_pde": 0.7270387411117554,
    "complex_ipde": 1.5961710214614868,
    "chains_ptm": {
        "0": 0.9751873016357422,
        "1": 0.9736782312393188,
        "2": 0.7596390247344971
    },
    "pair_chains_iptm": {
        "0": {
            "0": 0.9751873016357422,
            "1": 0.9494401812553406,
            "2": 0.4656510055065155
        },
        "1": {
            "0": 0.9474532604217529,
            "1": 0.9736782312393188,
            "2": 0.4458770155906677
        },
        "2": {
            "0": 0.7771607041358948,
            "1": 0.7713650465011597,
            "2": 0.7596390247344971
        }
    }
}