{
    "confidence_score": 0.8753216862678528,
    "ptm": 0.8986279964447021,
    "iptm": 0.8588510751724243,
    "ligand_iptm": 0.7745864987373352,
    "protein_iptm": 0.9045973420143127,
    "complex_plddt": 0.8794392943382263,
    "complex_iplddt": 0.7704705595970154,
    "complex_pde": 0.7314983606338501,
    "complex_ipde": 1.5684958696365356,
    "chains_ptm": {
        "0": 0.9659733176231384,
        "1": 0.9664827585220337,
        "2": 0.7821816205978394
    },
    "pair_chains_iptm": {
        "0": {
            "0": 0.9659733176231384,
            "1": 0.9042874574661255,
            "2": 0.4786330759525299
        },
        "1": {
            "0": 0.9045973420143127,
            "1": 0.9664827585220337,
            "2": 0.4841161370277405
        },
        "2": {
            "0": 0.7745864987373352,
            "1": 0.7741082906723022,
            "2": 0.7821816205978394
        }
    }
}