{
    "confidence_score": 0.8789405822753906,
    "ptm": 0.9201222062110901,
    "iptm": 0.8903068900108337,
    "ligand_iptm": 0.8073001503944397,
    "protein_iptm": 0.9388072490692139,
    "complex_plddt": 0.8760989904403687,
    "complex_iplddt": 0.7589780688285828,
    "complex_pde": 0.6743620038032532,
    "complex_ipde": 1.4438556432724,
    "chains_ptm": {
        "0": 0.971030056476593,
        "1": 0.9673535227775574,
        "2": 0.8034998178482056
    },
    "pair_chains_iptm": {
        "0": {
            "0": 0.971030056476593,
            "1": 0.9388072490692139,
            "2": 0.5291728973388672
        },
        "1": {
            "0": 0.9363257884979248,
            "1": 0.9673535227775574,
            "2": 0.5273082256317139
        },
        "2": {
            "0": 0.8073001503944397,
            "1": 0.8059812188148499,
            "2": 0.8034998178482056
        }
    }
}