{
    "confidence_score": 0.8416665196418762,
    "ptm": 0.8771467804908752,
    "iptm": 0.8069674372673035,
    "ligand_iptm": 0.867338240146637,
    "protein_iptm": 0.7773146629333496,
    "complex_plddt": 0.850341260433197,
    "complex_iplddt": 0.6801859736442566,
    "complex_pde": 0.5334600210189819,
    "complex_ipde": 1.4029690027236938,
    "chains_ptm": {
        "0": 0.9718329310417175,
        "1": 0.9741320610046387,
        "2": 0.8398048281669617
    },
    "pair_chains_iptm": {
        "0": {
            "0": 0.9718329310417175,
            "1": 0.7773146629333496,
            "2": 0.6354679465293884
        },
        "1": {
            "0": 0.7763880491256714,
            "1": 0.9741320610046387,
            "2": 0.5518229603767395
        },
        "2": {
            "0": 0.867338240146637,
            "1": 0.8465753793716431,
            "2": 0.8398048281669617
        }
    }
}