{
    "confidence_score": 0.8212378621101379,
    "ptm": 0.8410369157791138,
    "iptm": 0.734031617641449,
    "ligand_iptm": 0.8552273511886597,
    "protein_iptm": 0.6671213507652283,
    "complex_plddt": 0.8430394530296326,
    "complex_iplddt": 0.6673945784568787,
    "complex_pde": 0.5447942018508911,
    "complex_ipde": 1.4994385242462158,
    "chains_ptm": {
        "0": 0.9728036522865295,
        "1": 0.9758937954902649,
        "2": 0.8544480800628662
    },
    "pair_chains_iptm": {
        "0": {
            "0": 0.9728036522865295,
            "1": 0.6608256697654724,
            "2": 0.6809109449386597
        },
        "1": {
            "0": 0.6671213507652283,
            "1": 0.9758937954902649,
            "2": 0.52793949842453
        },
        "2": {
            "0": 0.8552273511886597,
            "1": 0.8037687540054321,
            "2": 0.8544480800628662
        }
    }
}