{
    "confidence_score": 0.8598868250846863,
    "ptm": 0.8917232155799866,
    "iptm": 0.8437097668647766,
    "ligand_iptm": 0.6902718544006348,
    "protein_iptm": 0.9305236339569092,
    "complex_plddt": 0.8639311194419861,
    "complex_iplddt": 0.7414868474006653,
    "complex_pde": 0.9140878915786743,
    "complex_ipde": 2.048448085784912,
    "chains_ptm": {
        "0": 0.9682217240333557,
        "1": 0.9675660729408264,
        "2": 0.7358672618865967
    },
    "pair_chains_iptm": {
        "0": {
            "0": 0.9682217240333557,
            "1": 0.9298797845840454,
            "2": 0.38105058670043945
        },
        "1": {
            "0": 0.9305236339569092,
            "1": 0.9675660729408264,
            "2": 0.4091761112213135
        },
        "2": {
            "0": 0.6902718544006348,
            "1": 0.6884329915046692,
            "2": 0.7358672618865967
        }
    }
}