{
    "confidence_score": 0.8598886728286743,
    "ptm": 0.9019004702568054,
    "iptm": 0.8596009016036987,
    "ligand_iptm": 0.7396143078804016,
    "protein_iptm": 0.9276707768440247,
    "complex_plddt": 0.8599605560302734,
    "complex_iplddt": 0.7252264618873596,
    "complex_pde": 0.8313441872596741,
    "complex_ipde": 1.8201847076416016,
    "chains_ptm": {
        "0": 0.9695631265640259,
        "1": 0.9656301140785217,
        "2": 0.7616462707519531
    },
    "pair_chains_iptm": {
        "0": {
            "0": 0.9695631265640259,
            "1": 0.9276707768440247,
            "2": 0.4136420786380768
        },
        "1": {
            "0": 0.9273816347122192,
            "1": 0.9656301140785217,
            "2": 0.41566377878189087
        },
        "2": {
            "0": 0.7396143078804016,
            "1": 0.737669825553894,
            "2": 0.7616462707519531
        }
    }
}