{
    "confidence_score": 0.8636707663536072,
    "ptm": 0.8999526500701904,
    "iptm": 0.8586758971214294,
    "ligand_iptm": 0.7427754998207092,
    "protein_iptm": 0.9227639436721802,
    "complex_plddt": 0.8649194836616516,
    "complex_iplddt": 0.7429829239845276,
    "complex_pde": 0.8364151120185852,
    "complex_ipde": 1.9591251611709595,
    "chains_ptm": {
        "0": 0.9654004573822021,
        "1": 0.967006266117096,
        "2": 0.7665727734565735
    },
    "pair_chains_iptm": {
        "0": {
            "0": 0.9654004573822021,
            "1": 0.9227639436721802,
            "2": 0.41410958766937256
        },
        "1": {
            "0": 0.9225364327430725,
            "1": 0.967006266117096,
            "2": 0.4413335919380188
        },
        "2": {
            "0": 0.7416470646858215,
            "1": 0.7427754998207092,
            "2": 0.7665727734565735
        }
    }
}