{
    "confidence_score": 0.8584131598472595,
    "ptm": 0.8931509852409363,
    "iptm": 0.8494303822517395,
    "ligand_iptm": 0.7244943976402283,
    "protein_iptm": 0.9212014079093933,
    "complex_plddt": 0.8606588244438171,
    "complex_iplddt": 0.7471288442611694,
    "complex_pde": 0.8395434617996216,
    "complex_ipde": 1.9205445051193237,
    "chains_ptm": {
        "0": 0.9645514488220215,
        "1": 0.9654025435447693,
        "2": 0.7322932481765747
    },
    "pair_chains_iptm": {
        "0": {
            "0": 0.9645514488220215,
            "1": 0.9209871292114258,
            "2": 0.40216130018234253
        },
        "1": {
            "0": 0.9212014079093933,
            "1": 0.9654025435447693,
            "2": 0.39718008041381836
        },
        "2": {
            "0": 0.7244943976402283,
            "1": 0.7153271436691284,
            "2": 0.7322932481765747
        }
    }
}