{
    "confidence_score": 0.8728915452957153,
    "ptm": 0.8995253443717957,
    "iptm": 0.8596478700637817,
    "ligand_iptm": 0.7507058382034302,
    "protein_iptm": 0.9240394234657288,
    "complex_plddt": 0.876202404499054,
    "complex_iplddt": 0.7621104121208191,
    "complex_pde": 0.803190290927887,
    "complex_ipde": 1.766129732131958,
    "chains_ptm": {
        "0": 0.9663717150688171,
        "1": 0.9657195806503296,
        "2": 0.7789353132247925
    },
    "pair_chains_iptm": {
        "0": {
            "0": 0.9663717150688171,
            "1": 0.9240394234657288,
            "2": 0.4603118896484375
        },
        "1": {
            "0": 0.923675000667572,
            "1": 0.9657195806503296,
            "2": 0.46932780742645264
        },
        "2": {
            "0": 0.7507058382034302,
            "1": 0.7458998560905457,
            "2": 0.7789353132247925
        }
    }
}