{
    "confidence_score": 0.9269109964370728,
    "ptm": 0.954333484172821,
    "iptm": 0.9392402768135071,
    "ligand_iptm": 0.9745259881019592,
    "protein_iptm": 0.9239516258239746,
    "complex_plddt": 0.9238286018371582,
    "complex_iplddt": 0.8883468508720398,
    "complex_pde": 0.31778770685195923,
    "complex_ipde": 0.4679638743400574,
    "chains_ptm": {
        "0": 0.9816361665725708,
        "1": 0.9816896915435791,
        "2": 0.9507008194923401
    },
    "pair_chains_iptm": {
        "0": {
            "0": 0.9816361665725708,
            "1": 0.9239516258239746,
            "2": 0.8190111517906189
        },
        "1": {
            "0": 0.9087899327278137,
            "1": 0.9816896915435791,
            "2": 0.7785493731498718
        },
        "2": {
            "0": 0.9699199795722961,
            "1": 0.9745259881019592,
            "2": 0.9507008194923401
        }
    }
}