{
    "confidence_score": 0.8638235330581665,
    "ptm": 0.8955060839653015,
    "iptm": 0.8541592955589294,
    "ligand_iptm": 0.7599450945854187,
    "protein_iptm": 0.9061763882637024,
    "complex_plddt": 0.866239607334137,
    "complex_iplddt": 0.740592896938324,
    "complex_pde": 0.7386709451675415,
    "complex_ipde": 1.6545062065124512,
    "chains_ptm": {
        "0": 0.9655579924583435,
        "1": 0.9651228189468384,
        "2": 0.7563681602478027
    },
    "pair_chains_iptm": {
        "0": {
            "0": 0.9655579924583435,
            "1": 0.9061763882637024,
            "2": 0.4452041983604431
        },
        "1": {
            "0": 0.9055745601654053,
            "1": 0.9651228189468384,
            "2": 0.4789181649684906
        },
        "2": {
            "0": 0.7480941414833069,
            "1": 0.7599450945854187,
            "2": 0.7563681602478027
        }
    }
}