{
    "confidence_score": 0.875665009021759,
    "ptm": 0.9059112668037415,
    "iptm": 0.8583868145942688,
    "ligand_iptm": 0.9112886786460876,
    "protein_iptm": 0.8365175127983093,
    "complex_plddt": 0.8799845576286316,
    "complex_iplddt": 0.7774076461791992,
    "complex_pde": 0.45422816276550293,
    "complex_ipde": 1.055894136428833,
    "chains_ptm": {
        "0": 0.9766038060188293,
        "1": 0.9765066504478455,
        "2": 0.8984148502349854
    },
    "pair_chains_iptm": {
        "0": {
            "0": 0.9766038060188293,
            "1": 0.8365175127983093,
            "2": 0.721122145652771
        },
        "1": {
            "0": 0.8231598138809204,
            "1": 0.9765066504478455,
            "2": 0.6605958342552185
        },
        "2": {
            "0": 0.9096511006355286,
            "1": 0.9112886786460876,
            "2": 0.8984148502349854
        }
    }
}