{
    "confidence_score": 0.8325592279434204,
    "ptm": 0.8918914198875427,
    "iptm": 0.8271012306213379,
    "ligand_iptm": 0.9022190570831299,
    "protein_iptm": 0.7927507758140564,
    "complex_plddt": 0.8339237570762634,
    "complex_iplddt": 0.6618560552597046,
    "complex_pde": 0.5423811674118042,
    "complex_ipde": 1.4407837390899658,
    "chains_ptm": {
        "0": 0.97227942943573,
        "1": 0.974132776260376,
        "2": 0.8610525131225586
    },
    "pair_chains_iptm": {
        "0": {
            "0": 0.97227942943573,
            "1": 0.7881788015365601,
            "2": 0.643742024898529
        },
        "1": {
            "0": 0.7927507758140564,
            "1": 0.974132776260376,
            "2": 0.5244409441947937
        },
        "2": {
            "0": 0.9022190570831299,
            "1": 0.8277465105056763,
            "2": 0.8610525131225586
        }
    }
}