{
    "confidence_score": 0.8533773422241211,
    "ptm": 0.8649255633354187,
    "iptm": 0.7765862941741943,
    "ligand_iptm": 0.8649231791496277,
    "protein_iptm": 0.7369611859321594,
    "complex_plddt": 0.8725751042366028,
    "complex_iplddt": 0.7531859278678894,
    "complex_pde": 0.5074628591537476,
    "complex_ipde": 1.3061027526855469,
    "chains_ptm": {
        "0": 0.9765933156013489,
        "1": 0.9738064408302307,
        "2": 0.8678971529006958
    },
    "pair_chains_iptm": {
        "0": {
            "0": 0.9765933156013489,
            "1": 0.7369611859321594,
            "2": 0.6880960464477539
        },
        "1": {
            "0": 0.7294164896011353,
            "1": 0.9738064408302307,
            "2": 0.5849512815475464
        },
        "2": {
            "0": 0.8649231791496277,
            "1": 0.8612162470817566,
            "2": 0.8678971529006958
        }
    }
}