{
    "confidence_score": 0.8949050903320312,
    "ptm": 0.9231714010238647,
    "iptm": 0.894009530544281,
    "ligand_iptm": 0.8103154897689819,
    "protein_iptm": 0.943540096282959,
    "complex_plddt": 0.8951289653778076,
    "complex_iplddt": 0.8003664016723633,
    "complex_pde": 0.6817336678504944,
    "complex_ipde": 1.4156055450439453,
    "chains_ptm": {
        "0": 0.9687255620956421,
        "1": 0.9683179259300232,
        "2": 0.791134238243103
    },
    "pair_chains_iptm": {
        "0": {
            "0": 0.9687255620956421,
            "1": 0.9431322813034058,
            "2": 0.4828348755836487
        },
        "1": {
            "0": 0.943540096282959,
            "1": 0.9683179259300232,
            "2": 0.4819735884666443
        },
        "2": {
            "0": 0.8103154897689819,
            "1": 0.8091820478439331,
            "2": 0.791134238243103
        }
    }
}