{
    "confidence_score": 0.8459416627883911,
    "ptm": 0.8987133502960205,
    "iptm": 0.8430851101875305,
    "ligand_iptm": 0.9271307587623596,
    "protein_iptm": 0.8059914112091064,
    "complex_plddt": 0.8466557860374451,
    "complex_iplddt": 0.6982725858688354,
    "complex_pde": 0.3979525566101074,
    "complex_ipde": 0.7587020397186279,
    "chains_ptm": {
        "0": 0.9761663675308228,
        "1": 0.9735040068626404,
        "2": 0.897934079170227
    },
    "pair_chains_iptm": {
        "0": {
            "0": 0.9761663675308228,
            "1": 0.8059914112091064,
            "2": 0.7703279256820679
        },
        "1": {
            "0": 0.799477756023407,
            "1": 0.9735040068626404,
            "2": 0.7286993265151978
        },
        "2": {
            "0": 0.9238457679748535,
            "1": 0.9271307587623596,
            "2": 0.897934079170227
        }
    }
}