{
    "confidence_score": 0.8143264055252075,
    "ptm": 0.8656225204467773,
    "iptm": 0.794677734375,
    "ligand_iptm": 0.8477889895439148,
    "protein_iptm": 0.7743873000144958,
    "complex_plddt": 0.819238543510437,
    "complex_iplddt": 0.631709635257721,
    "complex_pde": 0.5893394947052002,
    "complex_ipde": 1.687648892402649,
    "chains_ptm": {
        "0": 0.9714447259902954,
        "1": 0.9736610054969788,
        "2": 0.8472055792808533
    },
    "pair_chains_iptm": {
        "0": {
            "0": 0.9714447259902954,
            "1": 0.7743873000144958,
            "2": 0.5942005515098572
        },
        "1": {
            "0": 0.747203528881073,
            "1": 0.9736610054969788,
            "2": 0.5253915190696716
        },
        "2": {
            "0": 0.8477889895439148,
            "1": 0.8449704647064209,
            "2": 0.8472055792808533
        }
    }
}