{
    "confidence_score": 0.8652881979942322,
    "ptm": 0.9027895331382751,
    "iptm": 0.8647038340568542,
    "ligand_iptm": 0.768474280834198,
    "protein_iptm": 0.9223018884658813,
    "complex_plddt": 0.8654342293739319,
    "complex_iplddt": 0.7515917420387268,
    "complex_pde": 0.8043729662895203,
    "complex_ipde": 1.8265273571014404,
    "chains_ptm": {
        "0": 0.9662770628929138,
        "1": 0.9651449918746948,
        "2": 0.7916682958602905
    },
    "pair_chains_iptm": {
        "0": {
            "0": 0.9662770628929138,
            "1": 0.9223018884658813,
            "2": 0.44657808542251587
        },
        "1": {
            "0": 0.9215074777603149,
            "1": 0.9651449918746948,
            "2": 0.48642149567604065
        },
        "2": {
            "0": 0.768474280834198,
            "1": 0.7684021592140198,
            "2": 0.7916682958602905
        }
    }
}