{
    "confidence_score": 0.8810442090034485,
    "ptm": 0.9187774062156677,
    "iptm": 0.8878976106643677,
    "ligand_iptm": 0.7915570735931396,
    "protein_iptm": 0.941657304763794,
    "complex_plddt": 0.8793308138847351,
    "complex_iplddt": 0.7692802548408508,
    "complex_pde": 0.6928892135620117,
    "complex_ipde": 1.497565507888794,
    "chains_ptm": {
        "0": 0.9736526012420654,
        "1": 0.9719558358192444,
        "2": 0.7807003855705261
    },
    "pair_chains_iptm": {
        "0": {
            "0": 0.9736526012420654,
            "1": 0.941657304763794,
            "2": 0.48885002732276917
        },
        "1": {
            "0": 0.9411096572875977,
            "1": 0.9719558358192444,
            "2": 0.47827476263046265
        },
        "2": {
            "0": 0.7915570735931396,
            "1": 0.7889432311058044,
            "2": 0.7807003855705261
        }
    }
}