{
    "confidence_score": 0.8652284741401672,
    "ptm": 0.916199803352356,
    "iptm": 0.8857548236846924,
    "ligand_iptm": 0.8174473643302917,
    "protein_iptm": 0.9258515238761902,
    "complex_plddt": 0.8600969314575195,
    "complex_iplddt": 0.7488793134689331,
    "complex_pde": 0.682398796081543,
    "complex_ipde": 1.4837007522583008,
    "chains_ptm": {
        "0": 0.9680596590042114,
        "1": 0.9633691310882568,
        "2": 0.790412425994873
    },
    "pair_chains_iptm": {
        "0": {
            "0": 0.9680596590042114,
            "1": 0.9258515238761902,
            "2": 0.529187023639679
        },
        "1": {
            "0": 0.9242140054702759,
            "1": 0.9633691310882568,
            "2": 0.5152442455291748
        },
        "2": {
            "0": 0.8174473643302917,
            "1": 0.8134164214134216,
            "2": 0.790412425994873
        }
    }
}