{
    "confidence_score": 0.8851469159126282,
    "ptm": 0.9056906700134277,
    "iptm": 0.8684783577919006,
    "ligand_iptm": 0.7545289397239685,
    "protein_iptm": 0.9345927238464355,
    "complex_plddt": 0.8893140554428101,
    "complex_iplddt": 0.7862362861633301,
    "complex_pde": 0.7708850502967834,
    "complex_ipde": 1.7581511735916138,
    "chains_ptm": {
        "0": 0.9659134149551392,
        "1": 0.9663240909576416,
        "2": 0.7605671286582947
    },
    "pair_chains_iptm": {
        "0": {
            "0": 0.9659134149551392,
            "1": 0.9345927238464355,
            "2": 0.44866812229156494
        },
        "1": {
            "0": 0.9343401193618774,
            "1": 0.9663240909576416,
            "2": 0.48291096091270447
        },
        "2": {
            "0": 0.7545289397239685,
            "1": 0.7512189149856567,
            "2": 0.7605671286582947
        }
    }
}