{
    "confidence_score": 0.8802604079246521,
    "ptm": 0.9022122621536255,
    "iptm": 0.8624085187911987,
    "ligand_iptm": 0.7508819103240967,
    "protein_iptm": 0.9284102916717529,
    "complex_plddt": 0.8847233057022095,
    "complex_iplddt": 0.7796286940574646,
    "complex_pde": 0.8280751705169678,
    "complex_ipde": 1.8630540370941162,
    "chains_ptm": {
        "0": 0.9695900678634644,
        "1": 0.9680250287055969,
        "2": 0.7441754937171936
    },
    "pair_chains_iptm": {
        "0": {
            "0": 0.9695900678634644,
            "1": 0.9284102916717529,
            "2": 0.4127841293811798
        },
        "1": {
            "0": 0.9259767532348633,
            "1": 0.9680250287055969,
            "2": 0.3926229774951935
        },
        "2": {
            "0": 0.7508819103240967,
            "1": 0.7415886521339417,
            "2": 0.7441754937171936
        }
    }
}