{
    "confidence_score": 0.8307097554206848,
    "ptm": 0.9118432998657227,
    "iptm": 0.8606441617012024,
    "ligand_iptm": 0.923905074596405,
    "protein_iptm": 0.839676558971405,
    "complex_plddt": 0.8232260942459106,
    "complex_iplddt": 0.6488391757011414,
    "complex_pde": 0.44223734736442566,
    "complex_ipde": 0.9941602349281311,
    "chains_ptm": {
        "0": 0.9748901128768921,
        "1": 0.9778962731361389,
        "2": 0.8664772510528564
    },
    "pair_chains_iptm": {
        "0": {
            "0": 0.9748901128768921,
            "1": 0.839676558971405,
            "2": 0.6672763824462891
        },
        "1": {
            "0": 0.8316823244094849,
            "1": 0.9778962731361389,
            "2": 0.5913420915603638
        },
        "2": {
            "0": 0.923905074596405,
            "1": 0.8754177689552307,
            "2": 0.8664772510528564
        }
    }
}