{
    "confidence_score": 0.8582143783569336,
    "ptm": 0.8684183359146118,
    "iptm": 0.7974473834037781,
    "ligand_iptm": 0.8618192672729492,
    "protein_iptm": 0.7692513465881348,
    "complex_plddt": 0.873406171798706,
    "complex_iplddt": 0.7603219151496887,
    "complex_pde": 0.5969714522361755,
    "complex_ipde": 1.7451698780059814,
    "chains_ptm": {
        "0": 0.972016453742981,
        "1": 0.9711713194847107,
        "2": 0.8730279803276062
    },
    "pair_chains_iptm": {
        "0": {
            "0": 0.972016453742981,
            "1": 0.7692513465881348,
            "2": 0.63959139585495
        },
        "1": {
            "0": 0.7463395595550537,
            "1": 0.9711713194847107,
            "2": 0.5867887735366821
        },
        "2": {
            "0": 0.8582766056060791,
            "1": 0.8618192672729492,
            "2": 0.8730279803276062
        }
    }
}