{
    "confidence_score": 0.8677682876586914,
    "ptm": 0.8977593779563904,
    "iptm": 0.8574850559234619,
    "ligand_iptm": 0.757697343826294,
    "protein_iptm": 0.9166582822799683,
    "complex_plddt": 0.8703391551971436,
    "complex_iplddt": 0.7524963021278381,
    "complex_pde": 0.8081529140472412,
    "complex_ipde": 1.8743549585342407,
    "chains_ptm": {
        "0": 0.9612632393836975,
        "1": 0.9615667462348938,
        "2": 0.7646039128303528
    },
    "pair_chains_iptm": {
        "0": {
            "0": 0.9612632393836975,
            "1": 0.9166582822799683,
            "2": 0.4613255560398102
        },
        "1": {
            "0": 0.9155932664871216,
            "1": 0.9615667462348938,
            "2": 0.45807749032974243
        },
        "2": {
            "0": 0.757697343826294,
            "1": 0.7544200420379639,
            "2": 0.7646039128303528
        }
    }
}