{
    "confidence_score": 0.8772706389427185,
    "ptm": 0.9000657796859741,
    "iptm": 0.8384554982185364,
    "ligand_iptm": 0.9162694811820984,
    "protein_iptm": 0.7966727614402771,
    "complex_plddt": 0.8869743347167969,
    "complex_iplddt": 0.7976255416870117,
    "complex_pde": 0.4493267834186554,
    "complex_ipde": 1.0839426517486572,
    "chains_ptm": {
        "0": 0.9759328365325928,
        "1": 0.9796105027198792,
        "2": 0.9005133509635925
    },
    "pair_chains_iptm": {
        "0": {
            "0": 0.9759328365325928,
            "1": 0.7915812134742737,
            "2": 0.7451134920120239
        },
        "1": {
            "0": 0.7966727614402771,
            "1": 0.9796105027198792,
            "2": 0.6726272106170654
        },
        "2": {
            "0": 0.9162694811820984,
            "1": 0.898520290851593,
            "2": 0.9005133509635925
        }
    }
}