{
    "confidence_score": 0.8917789459228516,
    "ptm": 0.9230583310127258,
    "iptm": 0.892842173576355,
    "ligand_iptm": 0.8071695566177368,
    "protein_iptm": 0.9425789713859558,
    "complex_plddt": 0.8915131688117981,
    "complex_iplddt": 0.7971693873405457,
    "complex_pde": 0.6771045327186584,
    "complex_ipde": 1.4392768144607544,
    "chains_ptm": {
        "0": 0.9731763601303101,
        "1": 0.9723324179649353,
        "2": 0.7900735139846802
    },
    "pair_chains_iptm": {
        "0": {
            "0": 0.9731763601303101,
            "1": 0.9425789713859558,
            "2": 0.5117214322090149
        },
        "1": {
            "0": 0.9412662386894226,
            "1": 0.9723324179649353,
            "2": 0.49969780445098877
        },
        "2": {
            "0": 0.8071695566177368,
            "1": 0.802098274230957,
            "2": 0.7900735139846802
        }
    }
}