{
    "confidence_score": 0.8473019003868103,
    "ptm": 0.8529726266860962,
    "iptm": 0.7693392038345337,
    "ligand_iptm": 0.8955937027931213,
    "protein_iptm": 0.7170282602310181,
    "complex_plddt": 0.8667925596237183,
    "complex_iplddt": 0.742529034614563,
    "complex_pde": 0.5085397362709045,
    "complex_ipde": 1.3047199249267578,
    "chains_ptm": {
        "0": 0.9766119122505188,
        "1": 0.9760385155677795,
        "2": 0.8963459730148315
    },
    "pair_chains_iptm": {
        "0": {
            "0": 0.9766119122505188,
            "1": 0.7170282602310181,
            "2": 0.5945093631744385
        },
        "1": {
            "0": 0.7078723311424255,
            "1": 0.9760385155677795,
            "2": 0.6157049536705017
        },
        "2": {
            "0": 0.8435243368148804,
            "1": 0.8955937027931213,
            "2": 0.8963459730148315
        }
    }
}