{
    "confidence_score": 0.8414465188980103,
    "ptm": 0.8776199817657471,
    "iptm": 0.8001665472984314,
    "ligand_iptm": 0.8832685351371765,
    "protein_iptm": 0.7593428492546082,
    "complex_plddt": 0.8517665266990662,
    "complex_iplddt": 0.7141441106796265,
    "complex_pde": 0.5039163827896118,
    "complex_ipde": 1.3177342414855957,
    "chains_ptm": {
        "0": 0.9739131331443787,
        "1": 0.9763889312744141,
        "2": 0.876386284828186
    },
    "pair_chains_iptm": {
        "0": {
            "0": 0.9739131331443787,
            "1": 0.7593428492546082,
            "2": 0.6998721957206726
        },
        "1": {
            "0": 0.7568978071212769,
            "1": 0.9763889312744141,
            "2": 0.5969986319541931
        },
        "2": {
            "0": 0.8832685351371765,
            "1": 0.8746492266654968,
            "2": 0.876386284828186
        }
    }
}