{
    "confidence_score": 0.8554794192314148,
    "ptm": 0.8819857239723206,
    "iptm": 0.8315082788467407,
    "ligand_iptm": 0.689891517162323,
    "protein_iptm": 0.9128764867782593,
    "complex_plddt": 0.8614721894264221,
    "complex_iplddt": 0.7477292418479919,
    "complex_pde": 0.8777855634689331,
    "complex_ipde": 2.0256640911102295,
    "chains_ptm": {
        "0": 0.9644694328308105,
        "1": 0.9635317325592041,
        "2": 0.714942991733551
    },
    "pair_chains_iptm": {
        "0": {
            "0": 0.9644694328308105,
            "1": 0.9128764867782593,
            "2": 0.36577996611595154
        },
        "1": {
            "0": 0.9117910861968994,
            "1": 0.9635317325592041,
            "2": 0.3705173134803772
        },
        "2": {
            "0": 0.689891517162323,
            "1": 0.6857988834381104,
            "2": 0.714942991733551
        }
    }
}