{
    "confidence_score": 0.8570136427879333,
    "ptm": 0.9025874137878418,
    "iptm": 0.8627318739891052,
    "ligand_iptm": 0.7427130937576294,
    "protein_iptm": 0.9290616512298584,
    "complex_plddt": 0.8555840253829956,
    "complex_iplddt": 0.7291991114616394,
    "complex_pde": 0.8184713125228882,
    "complex_ipde": 1.7988080978393555,
    "chains_ptm": {
        "0": 0.9666079878807068,
        "1": 0.9684132933616638,
        "2": 0.7570370435714722
    },
    "pair_chains_iptm": {
        "0": {
            "0": 0.9666079878807068,
            "1": 0.9290616512298584,
            "2": 0.4206511080265045
        },
        "1": {
            "0": 0.9286301136016846,
            "1": 0.9684132933616638,
            "2": 0.45592883229255676
        },
        "2": {
            "0": 0.7366548776626587,
            "1": 0.7427130937576294,
            "2": 0.7570370435714722
        }
    }
}