{
    "confidence_score": 0.8774644732475281,
    "ptm": 0.9158279299736023,
    "iptm": 0.8840053081512451,
    "ligand_iptm": 0.786384105682373,
    "protein_iptm": 0.9412682056427002,
    "complex_plddt": 0.8758292198181152,
    "complex_iplddt": 0.7563048005104065,
    "complex_pde": 0.7383158206939697,
    "complex_ipde": 1.6102948188781738,
    "chains_ptm": {
        "0": 0.9691969752311707,
        "1": 0.9678468108177185,
        "2": 0.7629323601722717
    },
    "pair_chains_iptm": {
        "0": {
            "0": 0.9691969752311707,
            "1": 0.9409708976745605,
            "2": 0.4401458203792572
        },
        "1": {
            "0": 0.9412682056427002,
            "1": 0.9678468108177185,
            "2": 0.46522247791290283
        },
        "2": {
            "0": 0.7855503559112549,
            "1": 0.786384105682373,
            "2": 0.7629323601722717
        }
    }
}