{
    "confidence_score": 0.8989242911338806,
    "ptm": 0.9312955141067505,
    "iptm": 0.9071194529533386,
    "ligand_iptm": 0.8481895923614502,
    "protein_iptm": 0.9420021176338196,
    "complex_plddt": 0.8968755006790161,
    "complex_iplddt": 0.808293879032135,
    "complex_pde": 0.6010446548461914,
    "complex_ipde": 1.2227002382278442,
    "chains_ptm": {
        "0": 0.968414306640625,
        "1": 0.9685449600219727,
        "2": 0.8453641533851624
    },
    "pair_chains_iptm": {
        "0": {
            "0": 0.968414306640625,
            "1": 0.9420021176338196,
            "2": 0.5860914587974548
        },
        "1": {
            "0": 0.9409032464027405,
            "1": 0.9685449600219727,
            "2": 0.5778110027313232
        },
        "2": {
            "0": 0.8481895923614502,
            "1": 0.8446127772331238,
            "2": 0.8453641533851624
        }
    }
}