{
    "confidence_score": 0.8116022944450378,
    "ptm": 0.8981724381446838,
    "iptm": 0.8522143363952637,
    "ligand_iptm": 0.9163643717765808,
    "protein_iptm": 0.824115514755249,
    "complex_plddt": 0.8014492988586426,
    "complex_iplddt": 0.564724862575531,
    "complex_pde": 0.4523579180240631,
    "complex_ipde": 1.10824453830719,
    "chains_ptm": {
        "0": 0.9752282500267029,
        "1": 0.9814713597297668,
        "2": 0.8896148204803467
    },
    "pair_chains_iptm": {
        "0": {
            "0": 0.9752282500267029,
            "1": 0.824115514755249,
            "2": 0.6735365390777588
        },
        "1": {
            "0": 0.8066810965538025,
            "1": 0.9814713597297668,
            "2": 0.66444993019104
        },
        "2": {
            "0": 0.8790765404701233,
            "1": 0.9163643717765808,
            "2": 0.8896148204803467
        }
    }
}