{
    "confidence_score": 0.8774498105049133,
    "ptm": 0.9193658828735352,
    "iptm": 0.8918160796165466,
    "ligand_iptm": 0.8361654281616211,
    "protein_iptm": 0.9264193773269653,
    "complex_plddt": 0.8738582134246826,
    "complex_iplddt": 0.7683236598968506,
    "complex_pde": 0.6527343392372131,
    "complex_ipde": 1.37803053855896,
    "chains_ptm": {
        "0": 0.9657613635063171,
        "1": 0.9662043452262878,
        "2": 0.8155620098114014
    },
    "pair_chains_iptm": {
        "0": {
            "0": 0.9657613635063171,
            "1": 0.9264193773269653,
            "2": 0.5273599028587341
        },
        "1": {
            "0": 0.9262580275535583,
            "1": 0.9662043452262878,
            "2": 0.5177477598190308
        },
        "2": {
            "0": 0.8361654281616211,
            "1": 0.8276903629302979,
            "2": 0.8155620098114014
        }
    }
}