{
    "confidence_score": 0.880046010017395,
    "ptm": 0.8995701670646667,
    "iptm": 0.8576850295066833,
    "ligand_iptm": 0.7492049336433411,
    "protein_iptm": 0.9238147139549255,
    "complex_plddt": 0.8856362700462341,
    "complex_iplddt": 0.7869926691055298,
    "complex_pde": 0.8234990239143372,
    "complex_ipde": 1.858041524887085,
    "chains_ptm": {
        "0": 0.9678114056587219,
        "1": 0.9669416546821594,
        "2": 0.7540038824081421
    },
    "pair_chains_iptm": {
        "0": {
            "0": 0.9678114056587219,
            "1": 0.9238147139549255,
            "2": 0.42285943031311035
        },
        "1": {
            "0": 0.9228371381759644,
            "1": 0.9669416546821594,
            "2": 0.4093523919582367
        },
        "2": {
            "0": 0.7492049336433411,
            "1": 0.7402860522270203,
            "2": 0.7540038824081421
        }
    }
}