{
    "confidence_score": 0.9094825983047485,
    "ptm": 0.9263424277305603,
    "iptm": 0.8988218903541565,
    "ligand_iptm": 0.8241441249847412,
    "protein_iptm": 0.9424665570259094,
    "complex_plddt": 0.9121477007865906,
    "complex_iplddt": 0.8433102369308472,
    "complex_pde": 0.660523533821106,
    "complex_ipde": 1.3404864072799683,
    "chains_ptm": {
        "0": 0.9721193909645081,
        "1": 0.9689273238182068,
        "2": 0.8142322301864624
    },
    "pair_chains_iptm": {
        "0": {
            "0": 0.9721193909645081,
            "1": 0.9424665570259094,
            "2": 0.5524721145629883
        },
        "1": {
            "0": 0.9394664764404297,
            "1": 0.9689273238182068,
            "2": 0.5436859130859375
        },
        "2": {
            "0": 0.8241441249847412,
            "1": 0.821631908416748,
            "2": 0.8142322301864624
        }
    }
}