{
    "confidence_score": 0.8757657408714294,
    "ptm": 0.9045353531837463,
    "iptm": 0.8603690266609192,
    "ligand_iptm": 0.9323986768722534,
    "protein_iptm": 0.8288189172744751,
    "complex_plddt": 0.8796148300170898,
    "complex_iplddt": 0.777386486530304,
    "complex_pde": 0.42644211649894714,
    "complex_ipde": 0.8947862982749939,
    "chains_ptm": {
        "0": 0.9759010076522827,
        "1": 0.9744355082511902,
        "2": 0.8968302607536316
    },
    "pair_chains_iptm": {
        "0": {
            "0": 0.9759010076522827,
            "1": 0.8288189172744751,
            "2": 0.749573826789856
        },
        "1": {
            "0": 0.8224791884422302,
            "1": 0.9744355082511902,
            "2": 0.7289906740188599
        },
        "2": {
            "0": 0.9125857949256897,
            "1": 0.9323986768722534,
            "2": 0.8968302607536316
        }
    }
}