{
    "confidence_score": 0.8492217063903809,
    "ptm": 0.9266828894615173,
    "iptm": 0.8985723853111267,
    "ligand_iptm": 0.9516533017158508,
    "protein_iptm": 0.8753221035003662,
    "complex_plddt": 0.836884081363678,
    "complex_iplddt": 0.6705840826034546,
    "complex_pde": 0.3648642599582672,
    "complex_ipde": 0.6471722722053528,
    "chains_ptm": {
        "0": 0.9787805080413818,
        "1": 0.9776329398155212,
        "2": 0.9128885269165039
    },
    "pair_chains_iptm": {
        "0": {
            "0": 0.9787805080413818,
            "1": 0.8753221035003662,
            "2": 0.7656193971633911
        },
        "1": {
            "0": 0.8651374578475952,
            "1": 0.9776329398155212,
            "2": 0.7499053478240967
        },
        "2": {
            "0": 0.9409683346748352,
            "1": 0.9516533017158508,
            "2": 0.9128885269165039
        }
    }
}