{
    "confidence_score": 0.8343040347099304,
    "ptm": 0.8753095865249634,
    "iptm": 0.7962393760681152,
    "ligand_iptm": 0.8883397579193115,
    "protein_iptm": 0.7468828558921814,
    "complex_plddt": 0.8438202738761902,
    "complex_iplddt": 0.678432822227478,
    "complex_pde": 0.4659494161605835,
    "complex_ipde": 1.1546112298965454,
    "chains_ptm": {
        "0": 0.9756467342376709,
        "1": 0.9765153527259827,
        "2": 0.8851409554481506
    },
    "pair_chains_iptm": {
        "0": {
            "0": 0.9756467342376709,
            "1": 0.7385730147361755,
            "2": 0.7252809405326843
        },
        "1": {
            "0": 0.7468828558921814,
            "1": 0.9765153527259827,
            "2": 0.623478353023529
        },
        "2": {
            "0": 0.8883397579193115,
            "1": 0.871839702129364,
            "2": 0.8851409554481506
        }
    }
}