{
    "confidence_score": 0.8602242469787598,
    "ptm": 0.9340416789054871,
    "iptm": 0.901684582233429,
    "ligand_iptm": 0.9503240585327148,
    "protein_iptm": 0.8843560814857483,
    "complex_plddt": 0.8498591780662537,
    "complex_iplddt": 0.7352156043052673,
    "complex_pde": 0.3991723656654358,
    "complex_ipde": 0.8112536668777466,
    "chains_ptm": {
        "0": 0.9750182628631592,
        "1": 0.9801228046417236,
        "2": 0.9184005260467529
    },
    "pair_chains_iptm": {
        "0": {
            "0": 0.9750182628631592,
            "1": 0.8843560814857483,
            "2": 0.8170447945594788
        },
        "1": {
            "0": 0.8795438408851624,
            "1": 0.9801228046417236,
            "2": 0.7452437877655029
        },
        "2": {
            "0": 0.9503240585327148,
            "1": 0.9120059609413147,
            "2": 0.9184005260467529
        }
    }
}