{
    "confidence_score": 0.8362190127372742,
    "ptm": 0.8766387701034546,
    "iptm": 0.8141883015632629,
    "ligand_iptm": 0.9002633094787598,
    "protein_iptm": 0.7785719037055969,
    "complex_plddt": 0.8417267203330994,
    "complex_iplddt": 0.6632843613624573,
    "complex_pde": 0.5205146670341492,
    "complex_ipde": 1.3114091157913208,
    "chains_ptm": {
        "0": 0.9740278124809265,
        "1": 0.9740557670593262,
        "2": 0.8549498915672302
    },
    "pair_chains_iptm": {
        "0": {
            "0": 0.9740278124809265,
            "1": 0.7785719037055969,
            "2": 0.5899820327758789
        },
        "1": {
            "0": 0.7658638954162598,
            "1": 0.9740557670593262,
            "2": 0.6150593757629395
        },
        "2": {
            "0": 0.8618562817573547,
            "1": 0.9002633094787598,
            "2": 0.8549498915672302
        }
    }
}