{
    "confidence_score": 0.9076035618782043,
    "ptm": 0.9444573521614075,
    "iptm": 0.9204084873199463,
    "ligand_iptm": 0.9583792686462402,
    "protein_iptm": 0.9061203002929688,
    "complex_plddt": 0.9044023156166077,
    "complex_iplddt": 0.8377422094345093,
    "complex_pde": 0.34990254044532776,
    "complex_ipde": 0.5998800992965698,
    "chains_ptm": {
        "0": 0.9785144925117493,
        "1": 0.9811834692955017,
        "2": 0.9376636743545532
    },
    "pair_chains_iptm": {
        "0": {
            "0": 0.9785144925117493,
            "1": 0.9061203002929688,
            "2": 0.7773622274398804
        },
        "1": {
            "0": 0.896087110042572,
            "1": 0.9811834692955017,
            "2": 0.7279034852981567
        },
        "2": {
            "0": 0.9583792686462402,
            "1": 0.9530285000801086,
            "2": 0.9376636743545532
        }
    }
}