{
    "confidence_score": 0.8874830603599548,
    "ptm": 0.9244241714477539,
    "iptm": 0.8969029784202576,
    "ligand_iptm": 0.821506917476654,
    "protein_iptm": 0.9394916892051697,
    "complex_plddt": 0.8851280808448792,
    "complex_iplddt": 0.7834706902503967,
    "complex_pde": 0.6344944834709167,
    "complex_ipde": 1.3233978748321533,
    "chains_ptm": {
        "0": 0.9706964492797852,
        "1": 0.9724596738815308,
        "2": 0.8013282418251038
    },
    "pair_chains_iptm": {
        "0": {
            "0": 0.9706964492797852,
            "1": 0.938930094242096,
            "2": 0.5596801042556763
        },
        "1": {
            "0": 0.9394916892051697,
            "1": 0.9724596738815308,
            "2": 0.5583493113517761
        },
        "2": {
            "0": 0.821506917476654,
            "1": 0.8152065873146057,
            "2": 0.8013282418251038
        }
    }
}