{
    "confidence_score": 0.8797577023506165,
    "ptm": 0.9253609776496887,
    "iptm": 0.8998883962631226,
    "ligand_iptm": 0.8283831477165222,
    "protein_iptm": 0.9413151144981384,
    "complex_plddt": 0.8747250437736511,
    "complex_iplddt": 0.76003098487854,
    "complex_pde": 0.6613205075263977,
    "complex_ipde": 1.390485405921936,
    "chains_ptm": {
        "0": 0.9695715308189392,
        "1": 0.9700495600700378,
        "2": 0.8178938031196594
    },
    "pair_chains_iptm": {
        "0": {
            "0": 0.9695715308189392,
            "1": 0.9410426616668701,
            "2": 0.5183838605880737
        },
        "1": {
            "0": 0.9413151144981384,
            "1": 0.9700495600700378,
            "2": 0.5303670167922974
        },
        "2": {
            "0": 0.8283831477165222,
            "1": 0.8269178867340088,
            "2": 0.8178938031196594
        }
    }
}