{
    "confidence_score": 0.8336829543113708,
    "ptm": 0.8362786173820496,
    "iptm": 0.7308482527732849,
    "ligand_iptm": 0.8136671185493469,
    "protein_iptm": 0.6851252913475037,
    "complex_plddt": 0.8593915700912476,
    "complex_iplddt": 0.7060067057609558,
    "complex_pde": 0.6635634303092957,
    "complex_ipde": 2.0020194053649902,
    "chains_ptm": {
        "0": 0.9674453735351562,
        "1": 0.9708564281463623,
        "2": 0.8205706477165222
    },
    "pair_chains_iptm": {
        "0": {
            "0": 0.9674453735351562,
            "1": 0.6734883785247803,
            "2": 0.5648068785667419
        },
        "1": {
            "0": 0.6851252913475037,
            "1": 0.9708564281463623,
            "2": 0.46333828568458557
        },
        "2": {
            "0": 0.8136671185493469,
            "1": 0.7718977928161621,
            "2": 0.8205706477165222
        }
    }
}