{
    "confidence_score": 0.8620873689651489,
    "ptm": 0.8656830787658691,
    "iptm": 0.7817028760910034,
    "ligand_iptm": 0.8734430074691772,
    "protein_iptm": 0.7440037727355957,
    "complex_plddt": 0.8821834921836853,
    "complex_iplddt": 0.7701970338821411,
    "complex_pde": 0.5665827989578247,
    "complex_ipde": 1.570411205291748,
    "chains_ptm": {
        "0": 0.9690966606140137,
        "1": 0.9718503952026367,
        "2": 0.8597393035888672
    },
    "pair_chains_iptm": {
        "0": {
            "0": 0.9690966606140137,
            "1": 0.7440037727355957,
            "2": 0.667186975479126
        },
        "1": {
            "0": 0.7348085641860962,
            "1": 0.9718503952026367,
            "2": 0.5462496876716614
        },
        "2": {
            "0": 0.8734430074691772,
            "1": 0.8254572153091431,
            "2": 0.8597393035888672
        }
    }
}