{
    "confidence_score": 0.9006280899047852,
    "ptm": 0.9241930246353149,
    "iptm": 0.8975012898445129,
    "ligand_iptm": 0.8584038019180298,
    "protein_iptm": 0.9215227365493774,
    "complex_plddt": 0.9014097452163696,
    "complex_iplddt": 0.8285863399505615,
    "complex_pde": 0.5953382849693298,
    "complex_ipde": 1.212110161781311,
    "chains_ptm": {
        "0": 0.9717841744422913,
        "1": 0.9710730910301208,
        "2": 0.8402157425880432
    },
    "pair_chains_iptm": {
        "0": {
            "0": 0.9717841744422913,
            "1": 0.9215227365493774,
            "2": 0.5787272453308105
        },
        "1": {
            "0": 0.9211428165435791,
            "1": 0.9710730910301208,
            "2": 0.5826427340507507
        },
        "2": {
            "0": 0.8584038019180298,
            "1": 0.8501694202423096,
            "2": 0.8402157425880432
        }
    }
}