{
    "confidence_score": 0.9052489399909973,
    "ptm": 0.936960756778717,
    "iptm": 0.9187396168708801,
    "ligand_iptm": 0.8745052218437195,
    "protein_iptm": 0.9451867938041687,
    "complex_plddt": 0.9018762707710266,
    "complex_iplddt": 0.8212895393371582,
    "complex_pde": 0.5337142944335938,
    "complex_ipde": 1.0099307298660278,
    "chains_ptm": {
        "0": 0.9709654450416565,
        "1": 0.9714149236679077,
        "2": 0.8502444624900818
    },
    "pair_chains_iptm": {
        "0": {
            "0": 0.9709654450416565,
            "1": 0.9448123574256897,
            "2": 0.5897448062896729
        },
        "1": {
            "0": 0.9451867938041687,
            "1": 0.9714149236679077,
            "2": 0.5871245861053467
        },
        "2": {
            "0": 0.8745052218437195,
            "1": 0.871503472328186,
            "2": 0.8502444624900818
        }
    }
}