{
    "confidence_score": 0.8755751848220825,
    "ptm": 0.9263553023338318,
    "iptm": 0.89870685338974,
    "ligand_iptm": 0.8227931261062622,
    "protein_iptm": 0.9396114349365234,
    "complex_plddt": 0.8697922229766846,
    "complex_iplddt": 0.7679121494293213,
    "complex_pde": 0.6178460717201233,
    "complex_ipde": 1.2788640260696411,
    "chains_ptm": {
        "0": 0.9716492295265198,
        "1": 0.9729815125465393,
        "2": 0.7806596159934998
    },
    "pair_chains_iptm": {
        "0": {
            "0": 0.9716492295265198,
            "1": 0.9396114349365234,
            "2": 0.5257745981216431
        },
        "1": {
            "0": 0.9384939670562744,
            "1": 0.9729815125465393,
            "2": 0.5488108992576599
        },
        "2": {
            "0": 0.8227931261062622,
            "1": 0.822300136089325,
            "2": 0.7806596159934998
        }
    }
}