{
    "confidence_score": 0.8669987916946411,
    "ptm": 0.9045675992965698,
    "iptm": 0.8683328032493591,
    "ligand_iptm": 0.775941014289856,
    "protein_iptm": 0.9194499850273132,
    "complex_plddt": 0.8666653037071228,
    "complex_iplddt": 0.7452169060707092,
    "complex_pde": 0.7211146354675293,
    "complex_ipde": 1.6277408599853516,
    "chains_ptm": {
        "0": 0.9680607914924622,
        "1": 0.9680138230323792,
        "2": 0.7738211154937744
    },
    "pair_chains_iptm": {
        "0": {
            "0": 0.9680607914924622,
            "1": 0.9194499850273132,
            "2": 0.48004087805747986
        },
        "1": {
            "0": 0.9168622493743896,
            "1": 0.9680138230323792,
            "2": 0.5033838748931885
        },
        "2": {
            "0": 0.771172285079956,
            "1": 0.775941014289856,
            "2": 0.7738211154937744
        }
    }
}