{
    "confidence_score": 0.85372394323349,
    "ptm": 0.89179527759552,
    "iptm": 0.844134509563446,
    "ligand_iptm": 0.6908846497535706,
    "protein_iptm": 0.9299148321151733,
    "complex_plddt": 0.856121301651001,
    "complex_iplddt": 0.7343951463699341,
    "complex_pde": 0.9153618216514587,
    "complex_ipde": 2.083219051361084,
    "chains_ptm": {
        "0": 0.9685002565383911,
        "1": 0.9681441187858582,
        "2": 0.7119429111480713
    },
    "pair_chains_iptm": {
        "0": {
            "0": 0.9685002565383911,
            "1": 0.9299148321151733,
            "2": 0.3314054608345032
        },
        "1": {
            "0": 0.9279037714004517,
            "1": 0.9681441187858582,
            "2": 0.3672402501106262
        },
        "2": {
            "0": 0.690253496170044,
            "1": 0.6908846497535706,
            "2": 0.7119429111480713
        }
    }
}