{
    "confidence_score": 0.8373357057571411,
    "ptm": 0.8530668616294861,
    "iptm": 0.7627809643745422,
    "ligand_iptm": 0.8295266032218933,
    "protein_iptm": 0.7293014526367188,
    "complex_plddt": 0.8559743165969849,
    "complex_iplddt": 0.7102656364440918,
    "complex_pde": 0.6019580960273743,
    "complex_ipde": 1.693095088005066,
    "chains_ptm": {
        "0": 0.9665764570236206,
        "1": 0.9705691933631897,
        "2": 0.8280541300773621
    },
    "pair_chains_iptm": {
        "0": {
            "0": 0.9665764570236206,
            "1": 0.7293014526367188,
            "2": 0.579033374786377
        },
        "1": {
            "0": 0.7269531488418579,
            "1": 0.9705691933631897,
            "2": 0.5141736268997192
        },
        "2": {
            "0": 0.8295266032218933,
            "1": 0.8255807757377625,
            "2": 0.8280541300773621
        }
    }
}