{
    "confidence_score": 0.8734508752822876,
    "ptm": 0.9315800666809082,
    "iptm": 0.9068911075592041,
    "ligand_iptm": 0.8306585550308228,
    "protein_iptm": 0.9494391083717346,
    "complex_plddt": 0.8650908470153809,
    "complex_iplddt": 0.7353226542472839,
    "complex_pde": 0.6173176169395447,
    "complex_ipde": 1.2561551332473755,
    "chains_ptm": {
        "0": 0.9736572504043579,
        "1": 0.9730353951454163,
        "2": 0.8435224294662476
    },
    "pair_chains_iptm": {
        "0": {
            "0": 0.9736572504043579,
            "1": 0.9494391083717346,
            "2": 0.5453141927719116
        },
        "1": {
            "0": 0.9489446878433228,
            "1": 0.9730353951454163,
            "2": 0.5679218173027039
        },
        "2": {
            "0": 0.8306585550308228,
            "1": 0.8286744952201843,
            "2": 0.8435224294662476
        }
    }
}