{
    "confidence_score": 0.8674874305725098,
    "ptm": 0.9090654850006104,
    "iptm": 0.8733792901039124,
    "ligand_iptm": 0.7737616300582886,
    "protein_iptm": 0.9316895604133606,
    "complex_plddt": 0.8660144805908203,
    "complex_iplddt": 0.7304028868675232,
    "complex_pde": 0.728265106678009,
    "complex_ipde": 1.6194504499435425,
    "chains_ptm": {
        "0": 0.9690751433372498,
        "1": 0.9680154323577881,
        "2": 0.753118097782135
    },
    "pair_chains_iptm": {
        "0": {
            "0": 0.9690751433372498,
            "1": 0.9316895604133606,
            "2": 0.4444615840911865
        },
        "1": {
            "0": 0.9307511448860168,
            "1": 0.9680154323577881,
            "2": 0.4554411768913269
        },
        "2": {
            "0": 0.7737616300582886,
            "1": 0.770713210105896,
            "2": 0.753118097782135
        }
    }
}