{
    "confidence_score": 0.8771721720695496,
    "ptm": 0.9001829028129578,
    "iptm": 0.8626082539558411,
    "ligand_iptm": 0.7534520626068115,
    "protein_iptm": 0.9277833104133606,
    "complex_plddt": 0.8808131814002991,
    "complex_iplddt": 0.7722784876823425,
    "complex_pde": 0.7319696545600891,
    "complex_ipde": 1.5998034477233887,
    "chains_ptm": {
        "0": 0.9624663591384888,
        "1": 0.9622767567634583,
        "2": 0.7689623236656189
    },
    "pair_chains_iptm": {
        "0": {
            "0": 0.9624663591384888,
            "1": 0.9265443682670593,
            "2": 0.44424980878829956
        },
        "1": {
            "0": 0.9277833104133606,
            "1": 0.9622767567634583,
            "2": 0.45196619629859924
        },
        "2": {
            "0": 0.7534520626068115,
            "1": 0.7466608285903931,
            "2": 0.7689623236656189
        }
    }
}