{
    "confidence_score": 0.8765335083007812,
    "ptm": 0.9136250615119934,
    "iptm": 0.8833211660385132,
    "ligand_iptm": 0.8338358998298645,
    "protein_iptm": 0.9112454652786255,
    "complex_plddt": 0.8748365640640259,
    "complex_iplddt": 0.7598550915718079,
    "complex_pde": 0.6262035369873047,
    "complex_ipde": 1.2623505592346191,
    "chains_ptm": {
        "0": 0.968441903591156,
        "1": 0.9682557582855225,
        "2": 0.8303020596504211
    },
    "pair_chains_iptm": {
        "0": {
            "0": 0.968441903591156,
            "1": 0.9112454652786255,
            "2": 0.5431104302406311
        },
        "1": {
            "0": 0.9075269103050232,
            "1": 0.9682557582855225,
            "2": 0.573911190032959
        },
        "2": {
            "0": 0.8190433979034424,
            "1": 0.8338358998298645,
            "2": 0.8303020596504211
        }
    }
}