{
    "confidence_score": 0.9068285822868347,
    "ptm": 0.9350967407226562,
    "iptm": 0.9127920866012573,
    "ligand_iptm": 0.8631733059883118,
    "protein_iptm": 0.9438843727111816,
    "complex_plddt": 0.9053377509117126,
    "complex_iplddt": 0.8292983174324036,
    "complex_pde": 0.5893750786781311,
    "complex_ipde": 1.195925235748291,
    "chains_ptm": {
        "0": 0.9719695448875427,
        "1": 0.9710798859596252,
        "2": 0.8463018536567688
    },
    "pair_chains_iptm": {
        "0": {
            "0": 0.9719695448875427,
            "1": 0.9438843727111816,
            "2": 0.5769892334938049
        },
        "1": {
            "0": 0.9427862763404846,
            "1": 0.9710798859596252,
            "2": 0.5861185789108276
        },
        "2": {
            "0": 0.8631733059883118,
            "1": 0.8570384979248047,
            "2": 0.8463018536567688
        }
    }
}