{
    "confidence_score": 0.8671860694885254,
    "ptm": 0.8861381411552429,
    "iptm": 0.8128060102462769,
    "ligand_iptm": 0.8996610045433044,
    "protein_iptm": 0.7675071954727173,
    "complex_plddt": 0.8807810544967651,
    "complex_iplddt": 0.7793187499046326,
    "complex_pde": 0.4786151349544525,
    "complex_ipde": 1.2019436359405518,
    "chains_ptm": {
        "0": 0.9768030643463135,
        "1": 0.9777082800865173,
        "2": 0.884979784488678
    },
    "pair_chains_iptm": {
        "0": {
            "0": 0.9768030643463135,
            "1": 0.7532158493995667,
            "2": 0.7246835827827454
        },
        "1": {
            "0": 0.7675071954727173,
            "1": 0.9777082800865173,
            "2": 0.608058750629425
        },
        "2": {
            "0": 0.8996610045433044,
            "1": 0.8666463494300842,
            "2": 0.884979784488678
        }
    }
}