{
    "confidence_score": 0.8660319447517395,
    "ptm": 0.9097856283187866,
    "iptm": 0.8761016726493835,
    "ligand_iptm": 0.8000672459602356,
    "protein_iptm": 0.9224547147750854,
    "complex_plddt": 0.8635144829750061,
    "complex_iplddt": 0.7572018504142761,
    "complex_pde": 0.7469022870063782,
    "complex_ipde": 1.6727250814437866,
    "chains_ptm": {
        "0": 0.9654938578605652,
        "1": 0.9667347073554993,
        "2": 0.8013768792152405
    },
    "pair_chains_iptm": {
        "0": {
            "0": 0.9654938578605652,
            "1": 0.9224547147750854,
            "2": 0.48240333795547485
        },
        "1": {
            "0": 0.9221173524856567,
            "1": 0.9667347073554993,
            "2": 0.47192680835723877
        },
        "2": {
            "0": 0.8000672459602356,
            "1": 0.7908365726470947,
            "2": 0.8013768792152405
        }
    }
}