{
    "confidence_score": 0.8104837536811829,
    "ptm": 0.8562140464782715,
    "iptm": 0.772728443145752,
    "ligand_iptm": 0.8489834666252136,
    "protein_iptm": 0.7398751378059387,
    "complex_plddt": 0.8199225664138794,
    "complex_iplddt": 0.659661054611206,
    "complex_pde": 0.5822133421897888,
    "complex_ipde": 1.623995065689087,
    "chains_ptm": {
        "0": 0.9687589406967163,
        "1": 0.9762292504310608,
        "2": 0.8462908267974854
    },
    "pair_chains_iptm": {
        "0": {
            "0": 0.9687589406967163,
            "1": 0.7398751378059387,
            "2": 0.5697861909866333
        },
        "1": {
            "0": 0.7335590124130249,
            "1": 0.9762292504310608,
            "2": 0.6556719541549683
        },
        "2": {
            "0": 0.8410157561302185,
            "1": 0.8489834666252136,
            "2": 0.8462908267974854
        }
    }
}