{
    "confidence_score": 0.8913108110427856,
    "ptm": 0.9316460490226746,
    "iptm": 0.9063553214073181,
    "ligand_iptm": 0.9615662693977356,
    "protein_iptm": 0.8821721076965332,
    "complex_plddt": 0.8875496983528137,
    "complex_iplddt": 0.7766322493553162,
    "complex_pde": 0.3758089244365692,
    "complex_ipde": 0.7163279056549072,
    "chains_ptm": {
        "0": 0.976121723651886,
        "1": 0.9774852395057678,
        "2": 0.9393924474716187
    },
    "pair_chains_iptm": {
        "0": {
            "0": 0.976121723651886,
            "1": 0.8821721076965332,
            "2": 0.7464643716812134
        },
        "1": {
            "0": 0.8633898496627808,
            "1": 0.9774852395057678,
            "2": 0.7419534921646118
        },
        "2": {
            "0": 0.9355496764183044,
            "1": 0.9615662693977356,
            "2": 0.9393924474716187
        }
    }
}