{
    "confidence_score": 0.8204365968704224,
    "ptm": 0.8950498104095459,
    "iptm": 0.8419485688209534,
    "ligand_iptm": 0.8740285038948059,
    "protein_iptm": 0.8374155759811401,
    "complex_plddt": 0.8150585889816284,
    "complex_iplddt": 0.6221827268600464,
    "complex_pde": 0.5380149483680725,
    "complex_ipde": 1.3741501569747925,
    "chains_ptm": {
        "0": 0.9702621698379517,
        "1": 0.9745983481407166,
        "2": 0.8321948647499084
    },
    "pair_chains_iptm": {
        "0": {
            "0": 0.9702621698379517,
            "1": 0.8374155759811401,
            "2": 0.6002764701843262
        },
        "1": {
            "0": 0.8289947509765625,
            "1": 0.9745983481407166,
            "2": 0.5520032644271851
        },
        "2": {
            "0": 0.8740285038948059,
            "1": 0.8362469673156738,
            "2": 0.8321948647499084
        }
    }
}