{
    "confidence_score": 0.8804816603660583,
    "ptm": 0.9092165231704712,
    "iptm": 0.8737350106239319,
    "ligand_iptm": 0.7809286713600159,
    "protein_iptm": 0.9266985058784485,
    "complex_plddt": 0.8821682929992676,
    "complex_iplddt": 0.7787215113639832,
    "complex_pde": 0.7071758508682251,
    "complex_ipde": 1.5401126146316528,
    "chains_ptm": {
        "0": 0.9677090644836426,
        "1": 0.9669202566146851,
        "2": 0.7835058569908142
    },
    "pair_chains_iptm": {
        "0": {
            "0": 0.9677090644836426,
            "1": 0.9266985058784485,
            "2": 0.4971495270729065
        },
        "1": {
            "0": 0.9252147674560547,
            "1": 0.9669202566146851,
            "2": 0.49146977066993713
        },
        "2": {
            "0": 0.7809286713600159,
            "1": 0.7781449556350708,
            "2": 0.7835058569908142
        }
    }
}