{
    "confidence_score": 0.8999953269958496,
    "ptm": 0.9276517629623413,
    "iptm": 0.9004783630371094,
    "ligand_iptm": 0.8129387497901917,
    "protein_iptm": 0.9497207999229431,
    "complex_plddt": 0.8998745679855347,
    "complex_iplddt": 0.8123677372932434,
    "complex_pde": 0.6442524790763855,
    "complex_ipde": 1.299838662147522,
    "chains_ptm": {
        "0": 0.9747171998023987,
        "1": 0.9744116067886353,
        "2": 0.7886627316474915
    },
    "pair_chains_iptm": {
        "0": {
            "0": 0.9747171998023987,
            "1": 0.9497207999229431,
            "2": 0.5520772933959961
        },
        "1": {
            "0": 0.9482778906822205,
            "1": 0.9744116067886353,
            "2": 0.5276756882667542
        },
        "2": {
            "0": 0.8129387497901917,
            "1": 0.8128395676612854,
            "2": 0.7886627316474915
        }
    }
}