{
    "confidence_score": 0.8614040613174438,
    "ptm": 0.8458833694458008,
    "iptm": 0.7757255434989929,
    "ligand_iptm": 0.9043201208114624,
    "protein_iptm": 0.7236491441726685,
    "complex_plddt": 0.8828237056732178,
    "complex_iplddt": 0.7875113487243652,
    "complex_pde": 0.5968223214149475,
    "complex_ipde": 1.7212297916412354,
    "chains_ptm": {
        "0": 0.9719195365905762,
        "1": 0.9739272594451904,
        "2": 0.8664501905441284
    },
    "pair_chains_iptm": {
        "0": {
            "0": 0.9719195365905762,
            "1": 0.7236491441726685,
            "2": 0.5565516352653503
        },
        "1": {
            "0": 0.7144086360931396,
            "1": 0.9739272594451904,
            "2": 0.6489953994750977
        },
        "2": {
            "0": 0.801362931728363,
            "1": 0.9043201208114624,
            "2": 0.8664501905441284
        }
    }
}