{
    "confidence_score": 0.8234184384346008,
    "ptm": 0.832611620426178,
    "iptm": 0.7285435199737549,
    "ligand_iptm": 0.8718157410621643,
    "protein_iptm": 0.6558102369308472,
    "complex_plddt": 0.8471372127532959,
    "complex_iplddt": 0.7224873304367065,
    "complex_pde": 0.7393310070037842,
    "complex_ipde": 2.299415111541748,
    "chains_ptm": {
        "0": 0.9607736468315125,
        "1": 0.9668429493904114,
        "2": 0.879292905330658
    },
    "pair_chains_iptm": {
        "0": {
            "0": 0.9607736468315125,
            "1": 0.6558102369308472,
            "2": 0.712940514087677
        },
        "1": {
            "0": 0.6554219126701355,
            "1": 0.9668429493904114,
            "2": 0.4786490201950073
        },
        "2": {
            "0": 0.8718157410621643,
            "1": 0.7340266108512878,
            "2": 0.879292905330658
        }
    }
}