{
    "confidence_score": 0.8533196449279785,
    "ptm": 0.8916745781898499,
    "iptm": 0.8278573751449585,
    "ligand_iptm": 0.8894801139831543,
    "protein_iptm": 0.8013399839401245,
    "complex_plddt": 0.8596852421760559,
    "complex_iplddt": 0.7202585339546204,
    "complex_pde": 0.5525022745132446,
    "complex_ipde": 1.5633665323257446,
    "chains_ptm": {
        "0": 0.9748255610466003,
        "1": 0.9741144776344299,
        "2": 0.8749299049377441
    },
    "pair_chains_iptm": {
        "0": {
            "0": 0.9748255610466003,
            "1": 0.8013399839401245,
            "2": 0.6849578022956848
        },
        "1": {
            "0": 0.7950990200042725,
            "1": 0.9741144776344299,
            "2": 0.6061590313911438
        },
        "2": {
            "0": 0.8894801139831543,
            "1": 0.8589702248573303,
            "2": 0.8749299049377441
        }
    }
}