{
    "confidence_score": 0.8904902338981628,
    "ptm": 0.9223489165306091,
    "iptm": 0.8908364176750183,
    "ligand_iptm": 0.8031098246574402,
    "protein_iptm": 0.9438662528991699,
    "complex_plddt": 0.890403687953949,
    "complex_iplddt": 0.7919514179229736,
    "complex_pde": 0.6649131774902344,
    "complex_ipde": 1.4253795146942139,
    "chains_ptm": {
        "0": 0.9737848043441772,
        "1": 0.9733268022537231,
        "2": 0.7808660864830017
    },
    "pair_chains_iptm": {
        "0": {
            "0": 0.9737848043441772,
            "1": 0.9438662528991699,
            "2": 0.4963141977787018
        },
        "1": {
            "0": 0.9423191547393799,
            "1": 0.9733268022537231,
            "2": 0.4871947467327118
        },
        "2": {
            "0": 0.8031098246574402,
            "1": 0.7975767254829407,
            "2": 0.7808660864830017
        }
    }
}