{
    "confidence_score": 0.8232390284538269,
    "ptm": 0.8404788374900818,
    "iptm": 0.7418233752250671,
    "ligand_iptm": 0.8367193937301636,
    "protein_iptm": 0.6955996751785278,
    "complex_plddt": 0.8435930013656616,
    "complex_iplddt": 0.6704347133636475,
    "complex_pde": 0.5563260912895203,
    "complex_ipde": 1.5133968591690063,
    "chains_ptm": {
        "0": 0.9703348278999329,
        "1": 0.9721217751502991,
        "2": 0.8462633490562439
    },
    "pair_chains_iptm": {
        "0": {
            "0": 0.9703348278999329,
            "1": 0.6771829724311829,
            "2": 0.5932646989822388
        },
        "1": {
            "0": 0.6955996751785278,
            "1": 0.9721217751502991,
            "2": 0.5701135396957397
        },
        "2": {
            "0": 0.8345434665679932,
            "1": 0.8367193937301636,
            "2": 0.8462633490562439
        }
    }
}