{
    "confidence_score": 0.7956361770629883,
    "ptm": 0.7814656496047974,
    "iptm": 0.6317235231399536,
    "ligand_iptm": 0.7649456858634949,
    "protein_iptm": 0.5612850189208984,
    "complex_plddt": 0.8366143703460693,
    "complex_iplddt": 0.6400865316390991,
    "complex_pde": 0.7368608117103577,
    "complex_ipde": 2.3128857612609863,
    "chains_ptm": {
        "0": 0.9658585786819458,
        "1": 0.9672917723655701,
        "2": 0.7816940546035767
    },
    "pair_chains_iptm": {
        "0": {
            "0": 0.9658585786819458,
            "1": 0.5522791147232056,
            "2": 0.5422751903533936
        },
        "1": {
            "0": 0.5612850189208984,
            "1": 0.9672917723655701,
            "2": 0.3981214165687561
        },
        "2": {
            "0": 0.7649456858634949,
            "1": 0.7163522839546204,
            "2": 0.7816940546035767
        }
    }
}