{
    "confidence_score": 0.8281928300857544,
    "ptm": 0.8887483477592468,
    "iptm": 0.8237013220787048,
    "ligand_iptm": 0.8796302676200867,
    "protein_iptm": 0.7998901605606079,
    "complex_plddt": 0.8293156623840332,
    "complex_iplddt": 0.6583113670349121,
    "complex_pde": 0.5214829444885254,
    "complex_ipde": 1.3534153699874878,
    "chains_ptm": {
        "0": 0.9688472747802734,
        "1": 0.9765902161598206,
        "2": 0.8635015487670898
    },
    "pair_chains_iptm": {
        "0": {
            "0": 0.9688472747802734,
            "1": 0.7998901605606079,
            "2": 0.6633832454681396
        },
        "1": {
            "0": 0.7940880060195923,
            "1": 0.9765902161598206,
            "2": 0.6030832529067993
        },
        "2": {
            "0": 0.8796302676200867,
            "1": 0.8733671307563782,
            "2": 0.8635015487670898
        }
    }
}