{
    "confidence_score": 0.8816253542900085,
    "ptm": 0.9076510071754456,
    "iptm": 0.8680200576782227,
    "ligand_iptm": 0.9159395694732666,
    "protein_iptm": 0.8470305800437927,
    "complex_plddt": 0.8850266337394714,
    "complex_iplddt": 0.7852968573570251,
    "complex_pde": 0.47775042057037354,
    "complex_ipde": 1.1494404077529907,
    "chains_ptm": {
        "0": 0.968860387802124,
        "1": 0.9794817566871643,
        "2": 0.8918852210044861
    },
    "pair_chains_iptm": {
        "0": {
            "0": 0.968860387802124,
            "1": 0.8470305800437927,
            "2": 0.7189785838127136
        },
        "1": {
            "0": 0.8308302760124207,
            "1": 0.9794817566871643,
            "2": 0.6812533140182495
        },
        "2": {
            "0": 0.9002282023429871,
            "1": 0.9159395694732666,
            "2": 0.8918852210044861
        }
    }
}