{
    "confidence_score": 0.8686577081680298,
    "ptm": 0.9608696699142456,
    "iptm": 0.9463756084442139,
    "ligand_iptm": 0.9700937867164612,
    "protein_iptm": 0.9416375756263733,
    "complex_plddt": 0.8492282629013062,
    "complex_iplddt": 0.7313035130500793,
    "complex_pde": 0.32103994488716125,
    "complex_ipde": 0.4971023499965668,
    "chains_ptm": {
        "0": 0.9837750196456909,
        "1": 0.9835320115089417,
        "2": 0.9361500144004822
    },
    "pair_chains_iptm": {
        "0": {
            "0": 0.9837750196456909,
            "1": 0.9416375756263733,
            "2": 0.8346486687660217
        },
        "1": {
            "0": 0.9362790584564209,
            "1": 0.9835320115089417,
            "2": 0.7791773080825806
        },
        "2": {
            "0": 0.9700937867164612,
            "1": 0.9567165970802307,
            "2": 0.9361500144004822
        }
    }
}