{
    "confidence_score": 0.8694440722465515,
    "ptm": 0.9087187647819519,
    "iptm": 0.8687582612037659,
    "ligand_iptm": 0.7282112240791321,
    "protein_iptm": 0.9466565847396851,
    "complex_plddt": 0.8696155548095703,
    "complex_iplddt": 0.737888753414154,
    "complex_pde": 0.7884865403175354,
    "complex_ipde": 1.7758710384368896,
    "chains_ptm": {
        "0": 0.9727869629859924,
        "1": 0.973412036895752,
        "2": 0.7127593755722046
    },
    "pair_chains_iptm": {
        "0": {
            "0": 0.9727869629859924,
            "1": 0.9466565847396851,
            "2": 0.3918206989765167
        },
        "1": {
            "0": 0.9461351633071899,
            "1": 0.973412036895752,
            "2": 0.37105855345726013
        },
        "2": {
            "0": 0.7282112240791321,
            "1": 0.7265899777412415,
            "2": 0.7127593755722046
        }
    }
}