{
    "confidence_score": 0.8708063364028931,
    "ptm": 0.8890978693962097,
    "iptm": 0.8405083417892456,
    "ligand_iptm": 0.6960824728012085,
    "protein_iptm": 0.9226181507110596,
    "complex_plddt": 0.8783807754516602,
    "complex_iplddt": 0.7564561367034912,
    "complex_pde": 0.9210795760154724,
    "complex_ipde": 2.135108232498169,
    "chains_ptm": {
        "0": 0.9666129946708679,
        "1": 0.9665887951850891,
        "2": 0.7511013746261597
    },
    "pair_chains_iptm": {
        "0": {
            "0": 0.9666129946708679,
            "1": 0.9209224581718445,
            "2": 0.40778258442878723
        },
        "1": {
            "0": 0.9226181507110596,
            "1": 0.9665887951850891,
            "2": 0.405867338180542
        },
        "2": {
            "0": 0.6960824728012085,
            "1": 0.6851327419281006,
            "2": 0.7511013746261597
        }
    }
}