{
    "confidence_score": 0.8575951457023621,
    "ptm": 0.896631121635437,
    "iptm": 0.8576868176460266,
    "ligand_iptm": 0.7776274085044861,
    "protein_iptm": 0.9065552353858948,
    "complex_plddt": 0.8575722575187683,
    "complex_iplddt": 0.7264846563339233,
    "complex_pde": 0.6998112201690674,
    "complex_ipde": 1.537632942199707,
    "chains_ptm": {
        "0": 0.9648887515068054,
        "1": 0.9658735394477844,
        "2": 0.7610600590705872
    },
    "pair_chains_iptm": {
        "0": {
            "0": 0.9648887515068054,
            "1": 0.9025328159332275,
            "2": 0.4603107273578644
        },
        "1": {
            "0": 0.9065552353858948,
            "1": 0.9658735394477844,
            "2": 0.5054909586906433
        },
        "2": {
            "0": 0.7743679881095886,
            "1": 0.7776274085044861,
            "2": 0.7610600590705872
        }
    }
}