{
    "confidence_score": 0.8649641275405884,
    "ptm": 0.920677900314331,
    "iptm": 0.891966700553894,
    "ligand_iptm": 0.8061593770980835,
    "protein_iptm": 0.9400618672370911,
    "complex_plddt": 0.858213484287262,
    "complex_iplddt": 0.7209253311157227,
    "complex_pde": 0.6716268062591553,
    "complex_ipde": 1.403337001800537,
    "chains_ptm": {
        "0": 0.9720029830932617,
        "1": 0.9718065857887268,
        "2": 0.8318156599998474
    },
    "pair_chains_iptm": {
        "0": {
            "0": 0.9720029830932617,
            "1": 0.9390801191329956,
            "2": 0.5261996984481812
        },
        "1": {
            "0": 0.9400618672370911,
            "1": 0.9718065857887268,
            "2": 0.5469077825546265
        },
        "2": {
            "0": 0.8061593770980835,
            "1": 0.7992891073226929,
            "2": 0.8318156599998474
        }
    }
}