{
    "confidence_score": 0.8473266959190369,
    "ptm": 0.950005292892456,
    "iptm": 0.9313663840293884,
    "ligand_iptm": 0.9629616141319275,
    "protein_iptm": 0.920559287071228,
    "complex_plddt": 0.826316773891449,
    "complex_iplddt": 0.6853072643280029,
    "complex_pde": 0.33219069242477417,
    "complex_ipde": 0.5223550796508789,
    "chains_ptm": {
        "0": 0.9761784672737122,
        "1": 0.9838094115257263,
        "2": 0.9286381602287292
    },
    "pair_chains_iptm": {
        "0": {
            "0": 0.9761784672737122,
            "1": 0.920559287071228,
            "2": 0.8036816120147705
        },
        "1": {
            "0": 0.917273759841919,
            "1": 0.9838094115257263,
            "2": 0.7756955623626709
        },
        "2": {
            "0": 0.9629616141319275,
            "1": 0.9496192932128906,
            "2": 0.9286381602287292
        }
    }
}