{
    "confidence_score": 0.8708817362785339,
    "ptm": 0.8963111639022827,
    "iptm": 0.8514440655708313,
    "ligand_iptm": 0.7053006887435913,
    "protein_iptm": 0.9354476928710938,
    "complex_plddt": 0.8757411241531372,
    "complex_iplddt": 0.7616414427757263,
    "complex_pde": 0.8540999889373779,
    "complex_ipde": 1.9881007671356201,
    "chains_ptm": {
        "0": 0.9684515595436096,
        "1": 0.9690456390380859,
        "2": 0.7140644192695618
    },
    "pair_chains_iptm": {
        "0": {
            "0": 0.9684515595436096,
            "1": 0.9354476928710938,
            "2": 0.3809601366519928
        },
        "1": {
            "0": 0.9330196976661682,
            "1": 0.9690456390380859,
            "2": 0.38783225417137146
        },
        "2": {
            "0": 0.7053006887435913,
            "1": 0.7005664110183716,
            "2": 0.7140644192695618
        }
    }
}