{
    "confidence_score": 0.8559600710868835,
    "ptm": 0.8994839787483215,
    "iptm": 0.8591051697731018,
    "ligand_iptm": 0.756894052028656,
    "protein_iptm": 0.9143815040588379,
    "complex_plddt": 0.8551737666130066,
    "complex_iplddt": 0.7108181118965149,
    "complex_pde": 0.7617288827896118,
    "complex_ipde": 1.7320200204849243,
    "chains_ptm": {
        "0": 0.968322217464447,
        "1": 0.9680750966072083,
        "2": 0.7601358294487
    },
    "pair_chains_iptm": {
        "0": {
            "0": 0.968322217464447,
            "1": 0.9143815040588379,
            "2": 0.4159095585346222
        },
        "1": {
            "0": 0.910953164100647,
            "1": 0.9680750966072083,
            "2": 0.4606678783893585
        },
        "2": {
            "0": 0.7554812431335449,
            "1": 0.756894052028656,
            "2": 0.7601358294487
        }
    }
}