{
    "confidence_score": 0.8675403594970703,
    "ptm": 0.9253200888633728,
    "iptm": 0.8873631954193115,
    "ligand_iptm": 0.9416070580482483,
    "protein_iptm": 0.8657760620117188,
    "complex_plddt": 0.8625845909118652,
    "complex_iplddt": 0.7215455770492554,
    "complex_pde": 0.38155218958854675,
    "complex_ipde": 0.7514222264289856,
    "chains_ptm": {
        "0": 0.9777844548225403,
        "1": 0.9815173149108887,
        "2": 0.9080709218978882
    },
    "pair_chains_iptm": {
        "0": {
            "0": 0.9777844548225403,
            "1": 0.8657760620117188,
            "2": 0.7477567791938782
        },
        "1": {
            "0": 0.8604648113250732,
            "1": 0.9815173149108887,
            "2": 0.6923662424087524
        },
        "2": {
            "0": 0.9416070580482483,
            "1": 0.9345810413360596,
            "2": 0.9080709218978882
        }
    }
}