{
    "confidence_score": 0.877791702747345,
    "ptm": 0.931328296661377,
    "iptm": 0.9102463126182556,
    "ligand_iptm": 0.856978178024292,
    "protein_iptm": 0.9429284930229187,
    "complex_plddt": 0.8696780800819397,
    "complex_iplddt": 0.7440595626831055,
    "complex_pde": 0.5839216709136963,
    "complex_ipde": 1.1351512670516968,
    "chains_ptm": {
        "0": 0.9718539118766785,
        "1": 0.969663143157959,
        "2": 0.8286796808242798
    },
    "pair_chains_iptm": {
        "0": {
            "0": 0.9718539118766785,
            "1": 0.9429284930229187,
            "2": 0.5322210788726807
        },
        "1": {
            "0": 0.9397969841957092,
            "1": 0.969663143157959,
            "2": 0.5428735613822937
        },
        "2": {
            "0": 0.856978178024292,
            "1": 0.8553793430328369,
            "2": 0.8286796808242798
        }
    }
}