{
    "confidence_score": 0.8910601735115051,
    "ptm": 0.915410041809082,
    "iptm": 0.8829609751701355,
    "ligand_iptm": 0.7945062518119812,
    "protein_iptm": 0.9330788850784302,
    "complex_plddt": 0.8930850028991699,
    "complex_iplddt": 0.7948405146598816,
    "complex_pde": 0.6944869160652161,
    "complex_ipde": 1.533601999282837,
    "chains_ptm": {
        "0": 0.9686600565910339,
        "1": 0.9689933657646179,
        "2": 0.7858767509460449
    },
    "pair_chains_iptm": {
        "0": {
            "0": 0.9686600565910339,
            "1": 0.9330788850784302,
            "2": 0.5076926946640015
        },
        "1": {
            "0": 0.931797981262207,
            "1": 0.9689933657646179,
            "2": 0.47859835624694824
        },
        "2": {
            "0": 0.7945062518119812,
            "1": 0.7913331985473633,
            "2": 0.7858767509460449
        }
    }
}