{
    "confidence_score": 0.8623952269554138,
    "ptm": 0.9195308089256287,
    "iptm": 0.8908120393753052,
    "ligand_iptm": 0.8208726048469543,
    "protein_iptm": 0.9307125210762024,
    "complex_plddt": 0.855290949344635,
    "complex_iplddt": 0.7315699458122253,
    "complex_pde": 0.6488239765167236,
    "complex_ipde": 1.3774572610855103,
    "chains_ptm": {
        "0": 0.9673484563827515,
        "1": 0.9656428098678589,
        "2": 0.8110646605491638
    },
    "pair_chains_iptm": {
        "0": {
            "0": 0.9673484563827515,
            "1": 0.9307125210762024,
            "2": 0.5534013509750366
        },
        "1": {
            "0": 0.9283882975578308,
            "1": 0.9656428098678589,
            "2": 0.5565120577812195
        },
        "2": {
            "0": 0.8208726048469543,
            "1": 0.8199333548545837,
            "2": 0.8110646605491638
        }
    }
}