{
    "confidence_score": 0.8497821092605591,
    "ptm": 0.933340311050415,
    "iptm": 0.9070253968238831,
    "ligand_iptm": 0.9378372430801392,
    "protein_iptm": 0.8935292959213257,
    "complex_plddt": 0.8354712724685669,
    "complex_iplddt": 0.6625421643257141,
    "complex_pde": 0.42040127515792847,
    "complex_ipde": 0.9372550249099731,
    "chains_ptm": {
        "0": 0.9783671498298645,
        "1": 0.9810357689857483,
        "2": 0.8922376036643982
    },
    "pair_chains_iptm": {
        "0": {
            "0": 0.9783671498298645,
            "1": 0.8935292959213257,
            "2": 0.7029920220375061
        },
        "1": {
            "0": 0.8771107196807861,
            "1": 0.9810357689857483,
            "2": 0.6702291965484619
        },
        "2": {
            "0": 0.9206425547599792,
            "1": 0.9378372430801392,
            "2": 0.8922376036643982
        }
    }
}