{
    "confidence_score": 0.8429579138755798,
    "ptm": 0.9473674297332764,
    "iptm": 0.924573540687561,
    "ligand_iptm": 0.9603868722915649,
    "protein_iptm": 0.9163564443588257,
    "complex_plddt": 0.8225539326667786,
    "complex_iplddt": 0.6894820928573608,
    "complex_pde": 0.3565616011619568,
    "complex_ipde": 0.6328229308128357,
    "chains_ptm": {
        "0": 0.9764270782470703,
        "1": 0.9834323525428772,
        "2": 0.9305071234703064
    },
    "pair_chains_iptm": {
        "0": {
            "0": 0.9764270782470703,
            "1": 0.9163564443588257,
            "2": 0.8260716795921326
        },
        "1": {
            "0": 0.9107474684715271,
            "1": 0.9834323525428772,
            "2": 0.7647585868835449
        },
        "2": {
            "0": 0.9603868722915649,
            "1": 0.9388917088508606,
            "2": 0.9305071234703064
        }
    }
}