{
    "confidence_score": 0.8172564506530762,
    "ptm": 0.8006848096847534,
    "iptm": 0.6687659025192261,
    "ligand_iptm": 0.7397425770759583,
    "protein_iptm": 0.6383132934570312,
    "complex_plddt": 0.8543791174888611,
    "complex_iplddt": 0.7080625295639038,
    "complex_pde": 0.8726256489753723,
    "complex_ipde": 2.9697887897491455,
    "chains_ptm": {
        "0": 0.9681981205940247,
        "1": 0.9717414379119873,
        "2": 0.751885712146759
    },
    "pair_chains_iptm": {
        "0": {
            "0": 0.9681981205940247,
            "1": 0.6383132934570312,
            "2": 0.42353466153144836
        },
        "1": {
            "0": 0.6355759501457214,
            "1": 0.9717414379119873,
            "2": 0.5102242231369019
        },
        "2": {
            "0": 0.7397425770759583,
            "1": 0.7382895350456238,
            "2": 0.751885712146759
        }
    }
}