{
    "confidence_score": 0.8783764839172363,
    "ptm": 0.9011515378952026,
    "iptm": 0.860153317451477,
    "ligand_iptm": 0.752729058265686,
    "protein_iptm": 0.9227818846702576,
    "complex_plddt": 0.8829323053359985,
    "complex_iplddt": 0.7815613746643066,
    "complex_pde": 0.8162258267402649,
    "complex_ipde": 1.8314342498779297,
    "chains_ptm": {
        "0": 0.968132734298706,
        "1": 0.9671662449836731,
        "2": 0.7618243098258972
    },
    "pair_chains_iptm": {
        "0": {
            "0": 0.968132734298706,
            "1": 0.9227818846702576,
            "2": 0.44779035449028015
        },
        "1": {
            "0": 0.9208755493164062,
            "1": 0.9671662449836731,
            "2": 0.4349791705608368
        },
        "2": {
            "0": 0.752729058265686,
            "1": 0.7479984164237976,
            "2": 0.7618243098258972
        }
    }
}