{
    "confidence_score": 0.8997896313667297,
    "ptm": 0.9611014127731323,
    "iptm": 0.9489533305168152,
    "ligand_iptm": 0.9714612364768982,
    "protein_iptm": 0.941508948802948,
    "complex_plddt": 0.8874987363815308,
    "complex_iplddt": 0.8151454925537109,
    "complex_pde": 0.3196101784706116,
    "complex_ipde": 0.48776930570602417,
    "chains_ptm": {
        "0": 0.9828435182571411,
        "1": 0.9831199049949646,
        "2": 0.9484381675720215
    },
    "pair_chains_iptm": {
        "0": {
            "0": 0.9828435182571411,
            "1": 0.941508948802948,
            "2": 0.8396267890930176
        },
        "1": {
            "0": 0.9251071810722351,
            "1": 0.9831199049949646,
            "2": 0.7956809401512146
        },
        "2": {
            "0": 0.9714612364768982,
            "1": 0.9659485220909119,
            "2": 0.9484381675720215
        }
    }
}