{
    "confidence_score": 0.893719494342804,
    "ptm": 0.9283013939857483,
    "iptm": 0.9022539854049683,
    "ligand_iptm": 0.8282595872879028,
    "protein_iptm": 0.9468472599983215,
    "complex_plddt": 0.8915858268737793,
    "complex_iplddt": 0.7889841198921204,
    "complex_pde": 0.6396803855895996,
    "complex_ipde": 1.2741581201553345,
    "chains_ptm": {
        "0": 0.9699618220329285,
        "1": 0.9704448580741882,
        "2": 0.7939419150352478
    },
    "pair_chains_iptm": {
        "0": {
            "0": 0.9699618220329285,
            "1": 0.9455378651618958,
            "2": 0.4877036213874817
        },
        "1": {
            "0": 0.9468472599983215,
            "1": 0.9704448580741882,
            "2": 0.5050249695777893
        },
        "2": {
            "0": 0.8282595872879028,
            "1": 0.8281025290489197,
            "2": 0.7939419150352478
        }
    }
}