{
    "confidence_score": 0.8665074706077576,
    "ptm": 0.9095401167869568,
    "iptm": 0.8710339665412903,
    "ligand_iptm": 0.9342760443687439,
    "protein_iptm": 0.8449677228927612,
    "complex_plddt": 0.8653757572174072,
    "complex_iplddt": 0.7331466674804688,
    "complex_pde": 0.41637617349624634,
    "complex_ipde": 0.8756234645843506,
    "chains_ptm": {
        "0": 0.9750456213951111,
        "1": 0.9779336452484131,
        "2": 0.9092167615890503
    },
    "pair_chains_iptm": {
        "0": {
            "0": 0.9750456213951111,
            "1": 0.8449677228927612,
            "2": 0.7073396444320679
        },
        "1": {
            "0": 0.8254185914993286,
            "1": 0.9779336452484131,
            "2": 0.6319050788879395
        },
        "2": {
            "0": 0.9177768230438232,
            "1": 0.9342760443687439,
            "2": 0.9092167615890503
        }
    }
}