{
    "confidence_score": 0.836635410785675,
    "ptm": 0.8876962065696716,
    "iptm": 0.8183204531669617,
    "ligand_iptm": 0.941037654876709,
    "protein_iptm": 0.7526642084121704,
    "complex_plddt": 0.841214120388031,
    "complex_iplddt": 0.7183266282081604,
    "complex_pde": 0.5952052474021912,
    "complex_ipde": 1.8153355121612549,
    "chains_ptm": {
        "0": 0.9731258153915405,
        "1": 0.9758147597312927,
        "2": 0.915983259677887
    },
    "pair_chains_iptm": {
        "0": {
            "0": 0.9731258153915405,
            "1": 0.7435923218727112,
            "2": 0.8070380687713623
        },
        "1": {
            "0": 0.7526642084121704,
            "1": 0.9758147597312927,
            "2": 0.5956929922103882
        },
        "2": {
            "0": 0.941037654876709,
            "1": 0.778708815574646,
            "2": 0.915983259677887
        }
    }
}