{
    "confidence_score": 0.8636123538017273,
    "ptm": 0.8271471858024597,
    "iptm": 0.7340049743652344,
    "ligand_iptm": 0.8400089740753174,
    "protein_iptm": 0.6875734329223633,
    "complex_plddt": 0.8960142731666565,
    "complex_iplddt": 0.8051076531410217,
    "complex_pde": 0.6294796466827393,
    "complex_ipde": 1.8145705461502075,
    "chains_ptm": {
        "0": 0.9684267044067383,
        "1": 0.9734191298484802,
        "2": 0.863376796245575
    },
    "pair_chains_iptm": {
        "0": {
            "0": 0.9684267044067383,
            "1": 0.6875734329223633,
            "2": 0.5946885943412781
        },
        "1": {
            "0": 0.6767146587371826,
            "1": 0.9734191298484802,
            "2": 0.6091824173927307
        },
        "2": {
            "0": 0.8014887571334839,
            "1": 0.8400089740753174,
            "2": 0.863376796245575
        }
    }
}