{
    "confidence_score": 0.8489622473716736,
    "ptm": 0.8420370817184448,
    "iptm": 0.740700364112854,
    "ligand_iptm": 0.8496827483177185,
    "protein_iptm": 0.686253011226654,
    "complex_plddt": 0.8760277032852173,
    "complex_iplddt": 0.7552368640899658,
    "complex_pde": 0.6155895590782166,
    "complex_ipde": 1.732317328453064,
    "chains_ptm": {
        "0": 0.967863917350769,
        "1": 0.9730743765830994,
        "2": 0.8706750869750977
    },
    "pair_chains_iptm": {
        "0": {
            "0": 0.967863917350769,
            "1": 0.683859646320343,
            "2": 0.6381220817565918
        },
        "1": {
            "0": 0.686253011226654,
            "1": 0.9730743765830994,
            "2": 0.5590883493423462
        },
        "2": {
            "0": 0.8496827483177185,
            "1": 0.8155859708786011,
            "2": 0.8706750869750977
        }
    }
}