{
    "confidence_score": 0.8570317625999451,
    "ptm": 0.9519839882850647,
    "iptm": 0.936370313167572,
    "ligand_iptm": 0.9637933969497681,
    "protein_iptm": 0.926766574382782,
    "complex_plddt": 0.8371970653533936,
    "complex_iplddt": 0.6729534268379211,
    "complex_pde": 0.3307701647281647,
    "complex_ipde": 0.5223722457885742,
    "chains_ptm": {
        "0": 0.9797206521034241,
        "1": 0.981927216053009,
        "2": 0.9352282285690308
    },
    "pair_chains_iptm": {
        "0": {
            "0": 0.9797206521034241,
            "1": 0.926766574382782,
            "2": 0.8056841492652893
        },
        "1": {
            "0": 0.9147746562957764,
            "1": 0.981927216053009,
            "2": 0.773257851600647
        },
        "2": {
            "0": 0.9637933969497681,
            "1": 0.9614503383636475,
            "2": 0.9352282285690308
        }
    }
}