{
    "confidence_score": 0.8596248030662537,
    "ptm": 0.9036836624145508,
    "iptm": 0.8654576539993286,
    "ligand_iptm": 0.7615658640861511,
    "protein_iptm": 0.925341784954071,
    "complex_plddt": 0.8581665754318237,
    "complex_iplddt": 0.7283833026885986,
    "complex_pde": 0.7517163157463074,
    "complex_ipde": 1.6803690195083618,
    "chains_ptm": {
        "0": 0.9654938578605652,
        "1": 0.9655696153640747,
        "2": 0.7690579295158386
    },
    "pair_chains_iptm": {
        "0": {
            "0": 0.9654938578605652,
            "1": 0.9251642823219299,
            "2": 0.45940980315208435
        },
        "1": {
            "0": 0.925341784954071,
            "1": 0.9655696153640747,
            "2": 0.46821972727775574
        },
        "2": {
            "0": 0.7615658640861511,
            "1": 0.761177122592926,
            "2": 0.7690579295158386
        }
    }
}