{
    "confidence_score": 0.8999332785606384,
    "ptm": 0.9390847086906433,
    "iptm": 0.9176511168479919,
    "ligand_iptm": 0.864163339138031,
    "protein_iptm": 0.9508839845657349,
    "complex_plddt": 0.8955037593841553,
    "complex_iplddt": 0.8006410598754883,
    "complex_pde": 0.5682345032691956,
    "complex_ipde": 1.1054304838180542,
    "chains_ptm": {
        "0": 0.9719927906990051,
        "1": 0.9721439480781555,
        "2": 0.8179882168769836
    },
    "pair_chains_iptm": {
        "0": {
            "0": 0.9719927906990051,
            "1": 0.9506317377090454,
            "2": 0.5269008874893188
        },
        "1": {
            "0": 0.9508839845657349,
            "1": 0.9721439480781555,
            "2": 0.5543793439865112
        },
        "2": {
            "0": 0.8640291094779968,
            "1": 0.864163339138031,
            "2": 0.8179882168769836
        }
    }
}