{
    "confidence_score": 0.8800498843193054,
    "ptm": 0.9175586700439453,
    "iptm": 0.8840951323509216,
    "ligand_iptm": 0.7898581027984619,
    "protein_iptm": 0.9410246014595032,
    "complex_plddt": 0.8790385723114014,
    "complex_iplddt": 0.7628685235977173,
    "complex_pde": 0.7181783318519592,
    "complex_ipde": 1.5776301622390747,
    "chains_ptm": {
        "0": 0.9726840853691101,
        "1": 0.9712850451469421,
        "2": 0.7564552426338196
    },
    "pair_chains_iptm": {
        "0": {
            "0": 0.9726840853691101,
            "1": 0.9410246014595032,
            "2": 0.4506452679634094
        },
        "1": {
            "0": 0.9396230578422546,
            "1": 0.9712850451469421,
            "2": 0.44235408306121826
        },
        "2": {
            "0": 0.7898581027984619,
            "1": 0.7836737036705017,
            "2": 0.7564552426338196
        }
    }
}