{
    "confidence_score": 0.84318608045578,
    "ptm": 0.8794366121292114,
    "iptm": 0.8066686987876892,
    "ligand_iptm": 0.8684067130088806,
    "protein_iptm": 0.7808281183242798,
    "complex_plddt": 0.8523154258728027,
    "complex_iplddt": 0.693639874458313,
    "complex_pde": 0.5077187418937683,
    "complex_ipde": 1.363919973373413,
    "chains_ptm": {
        "0": 0.9729198813438416,
        "1": 0.9762511849403381,
        "2": 0.8518677353858948
    },
    "pair_chains_iptm": {
        "0": {
            "0": 0.9729198813438416,
            "1": 0.7808281183242798,
            "2": 0.642745852470398
        },
        "1": {
            "0": 0.7768949866294861,
            "1": 0.9762511849403381,
            "2": 0.5798555016517639
        },
        "2": {
            "0": 0.8684067130088806,
            "1": 0.8645450472831726,
            "2": 0.8518677353858948
        }
    }
}