{
    "confidence_score": 0.7249321937561035,
    "ptm": 0.6418182849884033,
    "iptm": 0.38249528408050537,
    "ligand_iptm": 0.542052149772644,
    "protein_iptm": 0.3094950020313263,
    "complex_plddt": 0.8105414509773254,
    "complex_iplddt": 0.5713680982589722,
    "complex_pde": 1.4248826503753662,
    "complex_ipde": 5.46283483505249,
    "chains_ptm": {
        "0": 0.9642490744590759,
        "1": 0.9605848789215088,
        "2": 0.6701338887214661
    },
    "pair_chains_iptm": {
        "0": {
            "0": 0.9642490744590759,
            "1": 0.3094950020313263,
            "2": 0.24153754115104675
        },
        "1": {
            "0": 0.29935020208358765,
            "1": 0.9605848789215088,
            "2": 0.18510660529136658
        },
        "2": {
            "0": 0.542052149772644,
            "1": 0.4586283564567566,
            "2": 0.6701338887214661
        }
    }
}