{
    "confidence_score": 0.8334445953369141,
    "ptm": 0.8873564600944519,
    "iptm": 0.8178300261497498,
    "ligand_iptm": 0.8925775289535522,
    "protein_iptm": 0.7852726578712463,
    "complex_plddt": 0.837348222732544,
    "complex_iplddt": 0.6686309576034546,
    "complex_pde": 0.48154890537261963,
    "complex_ipde": 1.2180421352386475,
    "chains_ptm": {
        "0": 0.9761307835578918,
        "1": 0.9719930291175842,
        "2": 0.8826910853385925
    },
    "pair_chains_iptm": {
        "0": {
            "0": 0.9761307835578918,
            "1": 0.7852726578712463,
            "2": 0.7012042999267578
        },
        "1": {
            "0": 0.778592050075531,
            "1": 0.9719930291175842,
            "2": 0.610467255115509
        },
        "2": {
            "0": 0.8925775289535522,
            "1": 0.8788008093833923,
            "2": 0.8826910853385925
        }
    }
}