{
    "confidence_score": 0.8660556077957153,
    "ptm": 0.9115891456604004,
    "iptm": 0.8729852437973022,
    "ligand_iptm": 0.7432511448860168,
    "protein_iptm": 0.9450313448905945,
    "complex_plddt": 0.8643231987953186,
    "complex_iplddt": 0.7310820817947388,
    "complex_pde": 0.7703770399093628,
    "complex_ipde": 1.724346399307251,
    "chains_ptm": {
        "0": 0.9739177227020264,
        "1": 0.9737244248390198,
        "2": 0.7483850121498108
    },
    "pair_chains_iptm": {
        "0": {
            "0": 0.9739177227020264,
            "1": 0.9450313448905945,
            "2": 0.4371705949306488
        },
        "1": {
            "0": 0.9441432952880859,
            "1": 0.9737244248390198,
            "2": 0.4679306149482727
        },
        "2": {
            "0": 0.7400027513504028,
            "1": 0.7432511448860168,
            "2": 0.7483850121498108
        }
    }
}