{
    "confidence_score": 0.825222909450531,
    "ptm": 0.8099355697631836,
    "iptm": 0.6818733215332031,
    "ligand_iptm": 0.7959686517715454,
    "protein_iptm": 0.6243535280227661,
    "complex_plddt": 0.8610602617263794,
    "complex_iplddt": 0.7137455344200134,
    "complex_pde": 0.7049668431282043,
    "complex_ipde": 2.1935226917266846,
    "chains_ptm": {
        "0": 0.9680957794189453,
        "1": 0.9705869555473328,
        "2": 0.8301424384117126
    },
    "pair_chains_iptm": {
        "0": {
            "0": 0.9680957794189453,
            "1": 0.6169773936271667,
            "2": 0.5652557611465454
        },
        "1": {
            "0": 0.6243535280227661,
            "1": 0.9705869555473328,
            "2": 0.48481476306915283
        },
        "2": {
            "0": 0.7959686517715454,
            "1": 0.7745928168296814,
            "2": 0.8301424384117126
        }
    }
}