{
    "confidence_score": 0.860262393951416,
    "ptm": 0.8887948393821716,
    "iptm": 0.847370982170105,
    "ligand_iptm": 0.7819982767105103,
    "protein_iptm": 0.8898974657058716,
    "complex_plddt": 0.8634852766990662,
    "complex_iplddt": 0.7499634027481079,
    "complex_pde": 0.7669843435287476,
    "complex_ipde": 1.7520579099655151,
    "chains_ptm": {
        "0": 0.9622718691825867,
        "1": 0.9629547595977783,
        "2": 0.7669901847839355
    },
    "pair_chains_iptm": {
        "0": {
            "0": 0.9622718691825867,
            "1": 0.886929452419281,
            "2": 0.45793700218200684
        },
        "1": {
            "0": 0.8898974657058716,
            "1": 0.9629547595977783,
            "2": 0.454297810792923
        },
        "2": {
            "0": 0.7819982767105103,
            "1": 0.7621675133705139,
            "2": 0.7669901847839355
        }
    }
}