{
    "confidence_score": 0.8320647478103638,
    "ptm": 0.8244144916534424,
    "iptm": 0.7099627256393433,
    "ligand_iptm": 0.8216408491134644,
    "protein_iptm": 0.6633496284484863,
    "complex_plddt": 0.8625901937484741,
    "complex_iplddt": 0.724105954170227,
    "complex_pde": 0.6495527029037476,
    "complex_ipde": 1.8925831317901611,
    "chains_ptm": {
        "0": 0.9655625820159912,
        "1": 0.9722740054130554,
        "2": 0.8548727631568909
    },
    "pair_chains_iptm": {
        "0": {
            "0": 0.9655625820159912,
            "1": 0.6633496284484863,
            "2": 0.5918276309967041
        },
        "1": {
            "0": 0.6590582132339478,
            "1": 0.9722740054130554,
            "2": 0.5405962467193604
        },
        "2": {
            "0": 0.8122771382331848,
            "1": 0.8216408491134644,
            "2": 0.8548727631568909
        }
    }
}