{
    "confidence_score": 0.870547890663147,
    "ptm": 0.8958626389503479,
    "iptm": 0.8554928302764893,
    "ligand_iptm": 0.7271207571029663,
    "protein_iptm": 0.9308105707168579,
    "complex_plddt": 0.8743116855621338,
    "complex_iplddt": 0.7640635967254639,
    "complex_pde": 0.8338147401809692,
    "complex_ipde": 1.8215093612670898,
    "chains_ptm": {
        "0": 0.9631171226501465,
        "1": 0.9632464647293091,
        "2": 0.7352973222732544
    },
    "pair_chains_iptm": {
        "0": {
            "0": 0.9631171226501465,
            "1": 0.9292139410972595,
            "2": 0.38709521293640137
        },
        "1": {
            "0": 0.9308105707168579,
            "1": 0.9632464647293091,
            "2": 0.412760853767395
        },
        "2": {
            "0": 0.7271207571029663,
            "1": 0.7239402532577515,
            "2": 0.7352973222732544
        }
    }
}