{
    "confidence_score": 0.8622097969055176,
    "ptm": 0.9010913968086243,
    "iptm": 0.8607746958732605,
    "ligand_iptm": 0.7417890429496765,
    "protein_iptm": 0.9295986294746399,
    "complex_plddt": 0.8625685572624207,
    "complex_iplddt": 0.7415297031402588,
    "complex_pde": 0.7832554578781128,
    "complex_ipde": 1.7629066705703735,
    "chains_ptm": {
        "0": 0.9686858057975769,
        "1": 0.9674757122993469,
        "2": 0.7397424578666687
    },
    "pair_chains_iptm": {
        "0": {
            "0": 0.9686858057975769,
            "1": 0.9295986294746399,
            "2": 0.4137389063835144
        },
        "1": {
            "0": 0.9264832139015198,
            "1": 0.9674757122993469,
            "2": 0.43593624234199524
        },
        "2": {
            "0": 0.7298954725265503,
            "1": 0.7417890429496765,
            "2": 0.7397424578666687
        }
    }
}