{
    "confidence_score": 0.8654927611351013,
    "ptm": 0.9130392074584961,
    "iptm": 0.8786306977272034,
    "ligand_iptm": 0.7740763425827026,
    "protein_iptm": 0.9384557008743286,
    "complex_plddt": 0.8622081875801086,
    "complex_iplddt": 0.7287964224815369,
    "complex_pde": 0.7745004892349243,
    "complex_ipde": 1.6810500621795654,
    "chains_ptm": {
        "0": 0.9641447067260742,
        "1": 0.966918408870697,
        "2": 0.7711915373802185
    },
    "pair_chains_iptm": {
        "0": {
            "0": 0.9641447067260742,
            "1": 0.9378949403762817,
            "2": 0.4295476973056793
        },
        "1": {
            "0": 0.9384557008743286,
            "1": 0.966918408870697,
            "2": 0.4462861120700836
        },
        "2": {
            "0": 0.7740763425827026,
            "1": 0.7726219892501831,
            "2": 0.7711915373802185
        }
    }
}