{
    "confidence_score": 0.8794230818748474,
    "ptm": 0.92121821641922,
    "iptm": 0.8943157196044922,
    "ligand_iptm": 0.8122493028640747,
    "protein_iptm": 0.9406011700630188,
    "complex_plddt": 0.8756998777389526,
    "complex_iplddt": 0.7621647119522095,
    "complex_pde": 0.6428580284118652,
    "complex_ipde": 1.306086778640747,
    "chains_ptm": {
        "0": 0.9704060554504395,
        "1": 0.9695652723312378,
        "2": 0.7964103817939758
    },
    "pair_chains_iptm": {
        "0": {
            "0": 0.9704060554504395,
            "1": 0.9406011700630188,
            "2": 0.47764506936073303
        },
        "1": {
            "0": 0.9403588771820068,
            "1": 0.9695652723312378,
            "2": 0.48110654950141907
        },
        "2": {
            "0": 0.8121578097343445,
            "1": 0.8122493028640747,
            "2": 0.7964103817939758
        }
    }
}