{
    "confidence_score": 0.8312118649482727,
    "ptm": 0.9051110148429871,
    "iptm": 0.8635473251342773,
    "ligand_iptm": 0.8948365449905396,
    "protein_iptm": 0.85622638463974,
    "complex_plddt": 0.8231279253959656,
    "complex_iplddt": 0.6387709975242615,
    "complex_pde": 0.5165992379188538,
    "complex_ipde": 1.3428584337234497,
    "chains_ptm": {
        "0": 0.9714295864105225,
        "1": 0.9740639328956604,
        "2": 0.8687365055084229
    },
    "pair_chains_iptm": {
        "0": {
            "0": 0.9714295864105225,
            "1": 0.85622638463974,
            "2": 0.6951423287391663
        },
        "1": {
            "0": 0.8421016931533813,
            "1": 0.9740639328956604,
            "2": 0.6217265129089355
        },
        "2": {
            "0": 0.8948365449905396,
            "1": 0.8860861659049988,
            "2": 0.8687365055084229
        }
    }
}