{
    "confidence_score": 0.8708617091178894,
    "ptm": 0.9043242931365967,
    "iptm": 0.8665481209754944,
    "ligand_iptm": 0.7591072916984558,
    "protein_iptm": 0.9304460287094116,
    "complex_plddt": 0.8719401359558105,
    "complex_iplddt": 0.7512239813804626,
    "complex_pde": 0.7588903307914734,
    "complex_ipde": 1.703169822692871,
    "chains_ptm": {
        "0": 0.9673787951469421,
        "1": 0.967613697052002,
        "2": 0.757081925868988
    },
    "pair_chains_iptm": {
        "0": {
            "0": 0.9673787951469421,
            "1": 0.9304460287094116,
            "2": 0.4344962239265442
        },
        "1": {
            "0": 0.9288100600242615,
            "1": 0.967613697052002,
            "2": 0.4485405385494232
        },
        "2": {
            "0": 0.7591072916984558,
            "1": 0.7531349658966064,
            "2": 0.757081925868988
        }
    }
}