{
    "confidence_score": 0.8766397833824158,
    "ptm": 0.9017726182937622,
    "iptm": 0.8405690789222717,
    "ligand_iptm": 0.9281935095787048,
    "protein_iptm": 0.7969806790351868,
    "complex_plddt": 0.8856573700904846,
    "complex_iplddt": 0.7921642661094666,
    "complex_pde": 0.4548330307006836,
    "complex_ipde": 1.0962550640106201,
    "chains_ptm": {
        "0": 0.9771387577056885,
        "1": 0.9738182425498962,
        "2": 0.9092873930931091
    },
    "pair_chains_iptm": {
        "0": {
            "0": 0.9771387577056885,
            "1": 0.7969806790351868,
            "2": 0.769411027431488
        },
        "1": {
            "0": 0.7942787408828735,
            "1": 0.9738182425498962,
            "2": 0.6434103846549988
        },
        "2": {
            "0": 0.9281935095787048,
            "1": 0.8845800757408142,
            "2": 0.9092873930931091
        }
    }
}