{
    "confidence_score": 0.8637513518333435,
    "ptm": 0.8890998363494873,
    "iptm": 0.8435114026069641,
    "ligand_iptm": 0.7151545882225037,
    "protein_iptm": 0.9186385273933411,
    "complex_plddt": 0.868811309337616,
    "complex_iplddt": 0.7526681423187256,
    "complex_pde": 0.9020155072212219,
    "complex_ipde": 2.0505881309509277,
    "chains_ptm": {
        "0": 0.9641992449760437,
        "1": 0.9609004259109497,
        "2": 0.7343588471412659
    },
    "pair_chains_iptm": {
        "0": {
            "0": 0.9641992449760437,
            "1": 0.9186385273933411,
            "2": 0.3806116580963135
        },
        "1": {
            "0": 0.9183962345123291,
            "1": 0.9609004259109497,
            "2": 0.3948979675769806
        },
        "2": {
            "0": 0.7151545882225037,
            "1": 0.7092527151107788,
            "2": 0.7343588471412659
        }
    }
}