{
    "confidence_score": 0.8566536903381348,
    "ptm": 0.8776041865348816,
    "iptm": 0.7989193201065063,
    "ligand_iptm": 0.9133293032646179,
    "protein_iptm": 0.7360905408859253,
    "complex_plddt": 0.8710873126983643,
    "complex_iplddt": 0.7442848086357117,
    "complex_pde": 0.4035482108592987,
    "complex_ipde": 0.895062267780304,
    "chains_ptm": {
        "0": 0.977357804775238,
        "1": 0.9804801344871521,
        "2": 0.9022268652915955
    },
    "pair_chains_iptm": {
        "0": {
            "0": 0.977357804775238,
            "1": 0.7360905408859253,
            "2": 0.7805138826370239
        },
        "1": {
            "0": 0.7360166311264038,
            "1": 0.9804801344871521,
            "2": 0.6208370327949524
        },
        "2": {
            "0": 0.9133293032646179,
            "1": 0.8819137811660767,
            "2": 0.9022268652915955
        }
    }
}