{
    "confidence_score": 0.8497005701065063,
    "ptm": 0.9353878498077393,
    "iptm": 0.9116902947425842,
    "ligand_iptm": 0.9434127807617188,
    "protein_iptm": 0.8977952003479004,
    "complex_plddt": 0.8342030644416809,
    "complex_iplddt": 0.6520243883132935,
    "complex_pde": 0.3943053185939789,
    "complex_ipde": 0.7918710708618164,
    "chains_ptm": {
        "0": 0.9773730635643005,
        "1": 0.9789764881134033,
        "2": 0.9103420972824097
    },
    "pair_chains_iptm": {
        "0": {
            "0": 0.9773730635643005,
            "1": 0.8977952003479004,
            "2": 0.7239449620246887
        },
        "1": {
            "0": 0.8763101100921631,
            "1": 0.9789764881134033,
            "2": 0.7071696519851685
        },
        "2": {
            "0": 0.9334317445755005,
            "1": 0.9434127807617188,
            "2": 0.9103420972824097
        }
    }
}