{
    "confidence_score": 0.8606225848197937,
    "ptm": 0.9107744693756104,
    "iptm": 0.8575018644332886,
    "ligand_iptm": 0.9602389931678772,
    "protein_iptm": 0.8177567720413208,
    "complex_plddt": 0.8614028096199036,
    "complex_iplddt": 0.7622087001800537,
    "complex_pde": 0.49187761545181274,
    "complex_ipde": 1.258932113647461,
    "chains_ptm": {
        "0": 0.9777289032936096,
        "1": 0.9737380146980286,
        "2": 0.9263445734977722
    },
    "pair_chains_iptm": {
        "0": {
            "0": 0.9777289032936096,
            "1": 0.8177567720413208,
            "2": 0.8378676772117615
        },
        "1": {
            "0": 0.800782322883606,
            "1": 0.9737380146980286,
            "2": 0.6559332609176636
        },
        "2": {
            "0": 0.9602389931678772,
            "1": 0.8439314365386963,
            "2": 0.9263445734977722
        }
    }
}