{
    "confidence_score": 0.8659160733222961,
    "ptm": 0.8956588506698608,
    "iptm": 0.8541480898857117,
    "ligand_iptm": 0.7418757677078247,
    "protein_iptm": 0.9197868704795837,
    "complex_plddt": 0.8688580393791199,
    "complex_iplddt": 0.7498376965522766,
    "complex_pde": 0.7854225039482117,
    "complex_ipde": 1.7525008916854858,
    "chains_ptm": {
        "0": 0.965450644493103,
        "1": 0.9641948938369751,
        "2": 0.7637670636177063
    },
    "pair_chains_iptm": {
        "0": {
            "0": 0.965450644493103,
            "1": 0.9197868704795837,
            "2": 0.4552896320819855
        },
        "1": {
            "0": 0.9186135530471802,
            "1": 0.9641948938369751,
            "2": 0.48423394560813904
        },
        "2": {
            "0": 0.7418757677078247,
            "1": 0.7373136878013611,
            "2": 0.7637670636177063
        }
    }
}