{
    "confidence_score": 0.837735652923584,
    "ptm": 0.9274539351463318,
    "iptm": 0.8912010788917542,
    "ligand_iptm": 0.9465010166168213,
    "protein_iptm": 0.8700577616691589,
    "complex_plddt": 0.8243693113327026,
    "complex_iplddt": 0.6488128304481506,
    "complex_pde": 0.3717139661312103,
    "complex_ipde": 0.732431173324585,
    "chains_ptm": {
        "0": 0.9794723987579346,
        "1": 0.9829307198524475,
        "2": 0.9300956726074219
    },
    "pair_chains_iptm": {
        "0": {
            "0": 0.9794723987579346,
            "1": 0.8700577616691589,
            "2": 0.7680487036705017
        },
        "1": {
            "0": 0.8565303087234497,
            "1": 0.9829307198524475,
            "2": 0.6759909987449646
        },
        "2": {
            "0": 0.9465010166168213,
            "1": 0.9394717812538147,
            "2": 0.9300956726074219
        }
    }
}