{
    "confidence_score": 0.830034077167511,
    "ptm": 0.9198897480964661,
    "iptm": 0.8800069093704224,
    "ligand_iptm": 0.9381551146507263,
    "protein_iptm": 0.8545370101928711,
    "complex_plddt": 0.8175408244132996,
    "complex_iplddt": 0.6227401494979858,
    "complex_pde": 0.3961714506149292,
    "complex_ipde": 0.7893693447113037,
    "chains_ptm": {
        "0": 0.9785846471786499,
        "1": 0.9783230423927307,
        "2": 0.910660445690155
    },
    "pair_chains_iptm": {
        "0": {
            "0": 0.9785846471786499,
            "1": 0.8545370101928711,
            "2": 0.7407313585281372
        },
        "1": {
            "0": 0.8408863544464111,
            "1": 0.9783230423927307,
            "2": 0.7352463006973267
        },
        "2": {
            "0": 0.9319270849227905,
            "1": 0.9381551146507263,
            "2": 0.910660445690155
        }
    }
}