{
    "confidence_score": 0.8832177519798279,
    "ptm": 0.9121395945549011,
    "iptm": 0.8809259533882141,
    "ligand_iptm": 0.7858366966247559,
    "protein_iptm": 0.9362726211547852,
    "complex_plddt": 0.8837906718254089,
    "complex_iplddt": 0.7818779945373535,
    "complex_pde": 0.7258986234664917,
    "complex_ipde": 1.5372053384780884,
    "chains_ptm": {
        "0": 0.9674235582351685,
        "1": 0.9655352234840393,
        "2": 0.7895911931991577
    },
    "pair_chains_iptm": {
        "0": {
            "0": 0.9674235582351685,
            "1": 0.9362726211547852,
            "2": 0.4757330119609833
        },
        "1": {
            "0": 0.9351553320884705,
            "1": 0.9655352234840393,
            "2": 0.4699934124946594
        },
        "2": {
            "0": 0.7858366966247559,
            "1": 0.7820515036582947,
            "2": 0.7895911931991577
        }
    }
}