{
    "confidence_score": 0.8987604975700378,
    "ptm": 0.9359210729598999,
    "iptm": 0.9128121733665466,
    "ligand_iptm": 0.8612725734710693,
    "protein_iptm": 0.9429168701171875,
    "complex_plddt": 0.8952475786209106,
    "complex_iplddt": 0.8111010193824768,
    "complex_pde": 0.555779755115509,
    "complex_ipde": 1.0729050636291504,
    "chains_ptm": {
        "0": 0.9754046201705933,
        "1": 0.9711918830871582,
        "2": 0.8557717204093933
    },
    "pair_chains_iptm": {
        "0": {
            "0": 0.9754046201705933,
            "1": 0.9423034191131592,
            "2": 0.6068827509880066
        },
        "1": {
            "0": 0.9429168701171875,
            "1": 0.9711918830871582,
            "2": 0.6073309779167175
        },
        "2": {
            "0": 0.8612725734710693,
            "1": 0.8595786690711975,
            "2": 0.8557717204093933
        }
    }
}