{
    "confidence_score": 0.8783652186393738,
    "ptm": 0.9021384716033936,
    "iptm": 0.8629135489463806,
    "ligand_iptm": 0.7600480914115906,
    "protein_iptm": 0.9244652390480042,
    "complex_plddt": 0.8822281956672668,
    "complex_iplddt": 0.7895009517669678,
    "complex_pde": 0.7915569543838501,
    "complex_ipde": 1.7198867797851562,
    "chains_ptm": {
        "0": 0.9623673558235168,
        "1": 0.961415708065033,
        "2": 0.7596681714057922
    },
    "pair_chains_iptm": {
        "0": {
            "0": 0.9623673558235168,
            "1": 0.9244652390480042,
            "2": 0.44176796078681946
        },
        "1": {
            "0": 0.9240259528160095,
            "1": 0.961415708065033,
            "2": 0.44194868206977844
        },
        "2": {
            "0": 0.7600480914115906,
            "1": 0.7531256675720215,
            "2": 0.7596681714057922
        }
    }
}