{
    "confidence_score": 0.8940384984016418,
    "ptm": 0.9288960099220276,
    "iptm": 0.9016355276107788,
    "ligand_iptm": 0.8242915272712708,
    "protein_iptm": 0.9489616751670837,
    "complex_plddt": 0.8921392560005188,
    "complex_iplddt": 0.7895457744598389,
    "complex_pde": 0.6471256613731384,
    "complex_ipde": 1.2891265153884888,
    "chains_ptm": {
        "0": 0.9747785329818726,
        "1": 0.9747321605682373,
        "2": 0.788046658039093
    },
    "pair_chains_iptm": {
        "0": {
            "0": 0.9747785329818726,
            "1": 0.9482055902481079,
            "2": 0.4745606482028961
        },
        "1": {
            "0": 0.9489616751670837,
            "1": 0.9747321605682373,
            "2": 0.5163550972938538
        },
        "2": {
            "0": 0.8236033916473389,
            "1": 0.8242915272712708,
            "2": 0.788046658039093
        }
    }
}