{
    "confidence_score": 0.8740739822387695,
    "ptm": 0.9412047863006592,
    "iptm": 0.9202313423156738,
    "ligand_iptm": 0.9519028663635254,
    "protein_iptm": 0.9063586592674255,
    "complex_plddt": 0.8625345826148987,
    "complex_iplddt": 0.7415035963058472,
    "complex_pde": 0.37813812494277954,
    "complex_ipde": 0.7192423939704895,
    "chains_ptm": {
        "0": 0.9782649874687195,
        "1": 0.9792187809944153,
        "2": 0.9072389602661133
    },
    "pair_chains_iptm": {
        "0": {
            "0": 0.9782649874687195,
            "1": 0.9063586592674255,
            "2": 0.7716833353042603
        },
        "1": {
            "0": 0.8917251229286194,
            "1": 0.9792187809944153,
            "2": 0.7220699191093445
        },
        "2": {
            "0": 0.941606342792511,
            "1": 0.9519028663635254,
            "2": 0.9072389602661133
        }
    }
}