{
    "confidence_score": 0.8885608911514282,
    "ptm": 0.8989922404289246,
    "iptm": 0.8538252711296082,
    "ligand_iptm": 0.9216949939727783,
    "protein_iptm": 0.8241960406303406,
    "complex_plddt": 0.8972448110580444,
    "complex_iplddt": 0.8075742721557617,
    "complex_pde": 0.449434369802475,
    "complex_ipde": 1.051295280456543,
    "chains_ptm": {
        "0": 0.9765937328338623,
        "1": 0.9808573126792908,
        "2": 0.8967537879943848
    },
    "pair_chains_iptm": {
        "0": {
            "0": 0.9765937328338623,
            "1": 0.8241960406303406,
            "2": 0.6730313301086426
        },
        "1": {
            "0": 0.8057016730308533,
            "1": 0.9808573126792908,
            "2": 0.6668322086334229
        },
        "2": {
            "0": 0.8841679096221924,
            "1": 0.9216949939727783,
            "2": 0.8967537879943848
        }
    }
}