{
    "confidence_score": 0.903662383556366,
    "ptm": 0.9178628921508789,
    "iptm": 0.8875126242637634,
    "ligand_iptm": 0.8151032328605652,
    "protein_iptm": 0.9303746819496155,
    "complex_plddt": 0.9076998233795166,
    "complex_iplddt": 0.8371126055717468,
    "complex_pde": 0.6800832152366638,
    "complex_ipde": 1.4376659393310547,
    "chains_ptm": {
        "0": 0.9644612669944763,
        "1": 0.9663271903991699,
        "2": 0.81437087059021
    },
    "pair_chains_iptm": {
        "0": {
            "0": 0.9644612669944763,
            "1": 0.9293548464775085,
            "2": 0.520883321762085
        },
        "1": {
            "0": 0.9303746819496155,
            "1": 0.9663271903991699,
            "2": 0.5121816396713257
        },
        "2": {
            "0": 0.8151032328605652,
            "1": 0.8086049556732178,
            "2": 0.81437087059021
        }
    }
}