{
    "confidence_score": 0.8912813067436218,
    "ptm": 0.9087724685668945,
    "iptm": 0.8802085518836975,
    "ligand_iptm": 0.7988203167915344,
    "protein_iptm": 0.9264772534370422,
    "complex_plddt": 0.8940495252609253,
    "complex_iplddt": 0.8038769960403442,
    "complex_pde": 0.6758013367652893,
    "complex_ipde": 1.4015169143676758,
    "chains_ptm": {
        "0": 0.9610027074813843,
        "1": 0.9596807360649109,
        "2": 0.7839581370353699
    },
    "pair_chains_iptm": {
        "0": {
            "0": 0.9610027074813843,
            "1": 0.9253666996955872,
            "2": 0.4695582687854767
        },
        "1": {
            "0": 0.9264772534370422,
            "1": 0.9596807360649109,
            "2": 0.518230140209198
        },
        "2": {
            "0": 0.7988203167915344,
            "1": 0.7955530881881714,
            "2": 0.7839581370353699
        }
    }
}