{
    "confidence_score": 0.8804718255996704,
    "ptm": 0.8963002562522888,
    "iptm": 0.8562393188476562,
    "ligand_iptm": 0.8142743110656738,
    "protein_iptm": 0.8808358907699585,
    "complex_plddt": 0.8865299224853516,
    "complex_iplddt": 0.799127459526062,
    "complex_pde": 0.6795442700386047,
    "complex_ipde": 1.4076837301254272,
    "chains_ptm": {
        "0": 0.966602623462677,
        "1": 0.9647771120071411,
        "2": 0.8194630146026611
    },
    "pair_chains_iptm": {
        "0": {
            "0": 0.966602623462677,
            "1": 0.8787053227424622,
            "2": 0.5100482702255249
        },
        "1": {
            "0": 0.8808358907699585,
            "1": 0.9647771120071411,
            "2": 0.561001181602478
        },
        "2": {
            "0": 0.8089642524719238,
            "1": 0.8142743110656738,
            "2": 0.8194630146026611
        }
    }
}