{
    "confidence_score": 0.8357422947883606,
    "ptm": 0.9023504257202148,
    "iptm": 0.856607973575592,
    "ligand_iptm": 0.9141356945037842,
    "protein_iptm": 0.8314098715782166,
    "complex_plddt": 0.830525815486908,
    "complex_iplddt": 0.6325333118438721,
    "complex_pde": 0.4289349913597107,
    "complex_ipde": 0.9756907224655151,
    "chains_ptm": {
        "0": 0.9751137495040894,
        "1": 0.9776297211647034,
        "2": 0.8824368715286255
    },
    "pair_chains_iptm": {
        "0": {
            "0": 0.9751137495040894,
            "1": 0.8314098715782166,
            "2": 0.7260622978210449
        },
        "1": {
            "0": 0.8117629289627075,
            "1": 0.9776297211647034,
            "2": 0.6499018669128418
        },
        "2": {
            "0": 0.9003128409385681,
            "1": 0.9141356945037842,
            "2": 0.8824368715286255
        }
    }
}