{
    "confidence_score": 0.8901381492614746,
    "ptm": 0.9221376776695251,
    "iptm": 0.8938004374504089,
    "ligand_iptm": 0.8287923336029053,
    "protein_iptm": 0.9339557886123657,
    "complex_plddt": 0.8892226219177246,
    "complex_iplddt": 0.8036083579063416,
    "complex_pde": 0.6752014756202698,
    "complex_ipde": 1.396459937095642,
    "chains_ptm": {
        "0": 0.9700514078140259,
        "1": 0.9692813754081726,
        "2": 0.8065120577812195
    },
    "pair_chains_iptm": {
        "0": {
            "0": 0.9700514078140259,
            "1": 0.9339557886123657,
            "2": 0.524463951587677
        },
        "1": {
            "0": 0.9324121475219727,
            "1": 0.9692813754081726,
            "2": 0.5121175050735474
        },
        "2": {
            "0": 0.8287923336029053,
            "1": 0.8191618919372559,
            "2": 0.8065120577812195
        }
    }
}