{
    "confidence_score": 0.8414773941040039,
    "ptm": 0.90697181224823,
    "iptm": 0.8598232269287109,
    "ligand_iptm": 0.9032713174819946,
    "protein_iptm": 0.8398128747940063,
    "complex_plddt": 0.8368909955024719,
    "complex_iplddt": 0.6884841322898865,
    "complex_pde": 0.5006163120269775,
    "complex_ipde": 1.2848416566848755,
    "chains_ptm": {
        "0": 0.9723417162895203,
        "1": 0.9757395386695862,
        "2": 0.867698609828949
    },
    "pair_chains_iptm": {
        "0": {
            "0": 0.9723417162895203,
            "1": 0.8318935036659241,
            "2": 0.698957622051239
        },
        "1": {
            "0": 0.8398128747940063,
            "1": 0.9757395386695862,
            "2": 0.5935832858085632
        },
        "2": {
            "0": 0.9032713174819946,
            "1": 0.8476921916007996,
            "2": 0.867698609828949
        }
    }
}