{
    "confidence_score": 0.8836871385574341,
    "ptm": 0.9242417216300964,
    "iptm": 0.8938822746276855,
    "ligand_iptm": 0.806361973285675,
    "protein_iptm": 0.9476131200790405,
    "complex_plddt": 0.8811383247375488,
    "complex_iplddt": 0.7633192539215088,
    "complex_pde": 0.6652626991271973,
    "complex_ipde": 1.3530573844909668,
    "chains_ptm": {
        "0": 0.9717643857002258,
        "1": 0.9717714786529541,
        "2": 0.7743523716926575
    },
    "pair_chains_iptm": {
        "0": {
            "0": 0.9717643857002258,
            "1": 0.9476131200790405,
            "2": 0.4612290859222412
        },
        "1": {
            "0": 0.9474958181381226,
            "1": 0.9717714786529541,
            "2": 0.4802054464817047
        },
        "2": {
            "0": 0.806361973285675,
            "1": 0.8051295280456543,
            "2": 0.7743523716926575
        }
    }
}