{
    "confidence_score": 0.8750330209732056,
    "ptm": 0.944823682308197,
    "iptm": 0.9248063564300537,
    "ligand_iptm": 0.9520347714424133,
    "protein_iptm": 0.9129504561424255,
    "complex_plddt": 0.8625895977020264,
    "complex_iplddt": 0.745970606803894,
    "complex_pde": 0.3561849892139435,
    "complex_ipde": 0.6238923668861389,
    "chains_ptm": {
        "0": 0.9775468111038208,
        "1": 0.9811050891876221,
        "2": 0.9279142022132874
    },
    "pair_chains_iptm": {
        "0": {
            "0": 0.9775468111038208,
            "1": 0.9129504561424255,
            "2": 0.7715919017791748
        },
        "1": {
            "0": 0.8954599499702454,
            "1": 0.9811050891876221,
            "2": 0.7633521556854248
        },
        "2": {
            "0": 0.9520347714424133,
            "1": 0.9518733620643616,
            "2": 0.9279142022132874
        }
    }
}