{
    "confidence_score": 0.833229660987854,
    "ptm": 0.8681023716926575,
    "iptm": 0.7844622731208801,
    "ligand_iptm": 0.8566343784332275,
    "protein_iptm": 0.749478280544281,
    "complex_plddt": 0.8454214334487915,
    "complex_iplddt": 0.6856161952018738,
    "complex_pde": 0.5718194842338562,
    "complex_ipde": 1.6224721670150757,
    "chains_ptm": {
        "0": 0.9716326594352722,
        "1": 0.9737598896026611,
        "2": 0.8590735197067261
    },
    "pair_chains_iptm": {
        "0": {
            "0": 0.9716326594352722,
            "1": 0.749478280544281,
            "2": 0.6449823975563049
        },
        "1": {
            "0": 0.7454602122306824,
            "1": 0.9737598896026611,
            "2": 0.5551512837409973
        },
        "2": {
            "0": 0.8566343784332275,
            "1": 0.845024585723877,
            "2": 0.8590735197067261
        }
    }
}