{
    "confidence_score": 0.8712692260742188,
    "ptm": 0.9052034020423889,
    "iptm": 0.8707461357116699,
    "ligand_iptm": 0.7603793144226074,
    "protein_iptm": 0.9339625835418701,
    "complex_plddt": 0.871399998664856,
    "complex_iplddt": 0.7491891980171204,
    "complex_pde": 0.7711285948753357,
    "complex_ipde": 1.6501879692077637,
    "chains_ptm": {
        "0": 0.9694193005561829,
        "1": 0.9681333899497986,
        "2": 0.761812150478363
    },
    "pair_chains_iptm": {
        "0": {
            "0": 0.9694193005561829,
            "1": 0.9339625835418701,
            "2": 0.42257794737815857
        },
        "1": {
            "0": 0.9337244629859924,
            "1": 0.9681333899497986,
            "2": 0.4441145062446594
        },
        "2": {
            "0": 0.7603793144226074,
            "1": 0.7551142573356628,
            "2": 0.761812150478363
        }
    }
}