{
    "confidence_score": 0.8755545616149902,
    "ptm": 0.9209445118904114,
    "iptm": 0.8912603855133057,
    "ligand_iptm": 0.7998560667037964,
    "protein_iptm": 0.9447185397148132,
    "complex_plddt": 0.8716281056404114,
    "complex_iplddt": 0.7511094808578491,
    "complex_pde": 0.6966769695281982,
    "complex_ipde": 1.4924118518829346,
    "chains_ptm": {
        "0": 0.9716322422027588,
        "1": 0.9694239497184753,
        "2": 0.7926847338676453
    },
    "pair_chains_iptm": {
        "0": {
            "0": 0.9716322422027588,
            "1": 0.943960964679718,
            "2": 0.4755136966705322
        },
        "1": {
            "0": 0.9447185397148132,
            "1": 0.9694239497184753,
            "2": 0.4934276342391968
        },
        "2": {
            "0": 0.7998560667037964,
            "1": 0.7969724535942078,
            "2": 0.7926847338676453
        }
    }
}