{
    "confidence_score": 0.891154944896698,
    "ptm": 0.913887619972229,
    "iptm": 0.8791944980621338,
    "ligand_iptm": 0.7741052508354187,
    "protein_iptm": 0.9401682615280151,
    "complex_plddt": 0.8941450715065002,
    "complex_iplddt": 0.7950338125228882,
    "complex_pde": 0.7170798778533936,
    "complex_ipde": 1.5142302513122559,
    "chains_ptm": {
        "0": 0.9707513451576233,
        "1": 0.97150057554245,
        "2": 0.7645946741104126
    },
    "pair_chains_iptm": {
        "0": {
            "0": 0.9707513451576233,
            "1": 0.939965546131134,
            "2": 0.46422189474105835
        },
        "1": {
            "0": 0.9401682615280151,
            "1": 0.97150057554245,
            "2": 0.4463406503200531
        },
        "2": {
            "0": 0.7733326554298401,
            "1": 0.7741052508354187,
            "2": 0.7645946741104126
        }
    }
}