{
    "confidence_score": 0.8794562220573425,
    "ptm": 0.9055008888244629,
    "iptm": 0.8677618503570557,
    "ligand_iptm": 0.7650566101074219,
    "protein_iptm": 0.9276427030563354,
    "complex_plddt": 0.8823798298835754,
    "complex_iplddt": 0.7787681818008423,
    "complex_pde": 0.7965568900108337,
    "complex_ipde": 1.786163568496704,
    "chains_ptm": {
        "0": 0.9680873155593872,
        "1": 0.9675006866455078,
        "2": 0.7671216130256653
    },
    "pair_chains_iptm": {
        "0": {
            "0": 0.9680873155593872,
            "1": 0.9276427030563354,
            "2": 0.44304612278938293
        },
        "1": {
            "0": 0.9261621832847595,
            "1": 0.9675006866455078,
            "2": 0.4289471209049225
        },
        "2": {
            "0": 0.7650566101074219,
            "1": 0.7610892057418823,
            "2": 0.7671216130256653
        }
    }
}