{
    "confidence_score": 0.8677234649658203,
    "ptm": 0.9391270279884338,
    "iptm": 0.9093981385231018,
    "ligand_iptm": 0.9564300775527954,
    "protein_iptm": 0.8945749402046204,
    "complex_plddt": 0.8573047518730164,
    "complex_iplddt": 0.7094463109970093,
    "complex_pde": 0.3574594259262085,
    "complex_ipde": 0.6563267707824707,
    "chains_ptm": {
        "0": 0.9814906716346741,
        "1": 0.9815520644187927,
        "2": 0.9320237636566162
    },
    "pair_chains_iptm": {
        "0": {
            "0": 0.9814906716346741,
            "1": 0.8945749402046204,
            "2": 0.8218151330947876
        },
        "1": {
            "0": 0.8851842284202576,
            "1": 0.9815520644187927,
            "2": 0.7444614768028259
        },
        "2": {
            "0": 0.9564300775527954,
            "1": 0.9432395696640015,
            "2": 0.9320237636566162
        }
    }
}