{
    "confidence_score": 0.8965933918952942,
    "ptm": 0.9206916689872742,
    "iptm": 0.8904555439949036,
    "ligand_iptm": 0.8069480061531067,
    "protein_iptm": 0.9432905316352844,
    "complex_plddt": 0.8981278538703918,
    "complex_iplddt": 0.8040412664413452,
    "complex_pde": 0.67951899766922,
    "complex_ipde": 1.4006648063659668,
    "chains_ptm": {
        "0": 0.967783510684967,
        "1": 0.9692572951316833,
        "2": 0.7795121073722839
    },
    "pair_chains_iptm": {
        "0": {
            "0": 0.967783510684967,
            "1": 0.9422315955162048,
            "2": 0.4833359718322754
        },
        "1": {
            "0": 0.9432905316352844,
            "1": 0.9692572951316833,
            "2": 0.49122387170791626
        },
        "2": {
            "0": 0.8069480061531067,
            "1": 0.804876983165741,
            "2": 0.7795121073722839
        }
    }
}