{
    "confidence_score": 0.8748447299003601,
    "ptm": 0.9026554226875305,
    "iptm": 0.8626358509063721,
    "ligand_iptm": 0.7301914691925049,
    "protein_iptm": 0.9380072355270386,
    "complex_plddt": 0.8778970241546631,
    "complex_iplddt": 0.7610747814178467,
    "complex_pde": 0.838446855545044,
    "complex_ipde": 1.8921151161193848,
    "chains_ptm": {
        "0": 0.967112123966217,
        "1": 0.9661213159561157,
        "2": 0.73152095079422
    },
    "pair_chains_iptm": {
        "0": {
            "0": 0.967112123966217,
            "1": 0.9380072355270386,
            "2": 0.35135287046432495
        },
        "1": {
            "0": 0.9376258254051208,
            "1": 0.9661213159561157,
            "2": 0.40736982226371765
        },
        "2": {
            "0": 0.7266247272491455,
            "1": 0.7301914691925049,
            "2": 0.73152095079422
        }
    }
}