{
    "confidence_score": 0.8730667233467102,
    "ptm": 0.9162387847900391,
    "iptm": 0.8841370940208435,
    "ligand_iptm": 0.7945333123207092,
    "protein_iptm": 0.935401439666748,
    "complex_plddt": 0.8702991604804993,
    "complex_iplddt": 0.7417644262313843,
    "complex_pde": 0.7212923169136047,
    "complex_ipde": 1.5526866912841797,
    "chains_ptm": {
        "0": 0.9695460200309753,
        "1": 0.9691321849822998,
        "2": 0.811621367931366
    },
    "pair_chains_iptm": {
        "0": {
            "0": 0.9695460200309753,
            "1": 0.935401439666748,
            "2": 0.5224899053573608
        },
        "1": {
            "0": 0.9351780414581299,
            "1": 0.9691321849822998,
            "2": 0.5027745962142944
        },
        "2": {
            "0": 0.7924816608428955,
            "1": 0.7945333123207092,
            "2": 0.811621367931366
        }
    }
}