{
    "confidence_score": 0.8753054738044739,
    "ptm": 0.8934134840965271,
    "iptm": 0.8297953009605408,
    "ligand_iptm": 0.9029495716094971,
    "protein_iptm": 0.7977524995803833,
    "complex_plddt": 0.8866829872131348,
    "complex_iplddt": 0.7844479084014893,
    "complex_pde": 0.4632452130317688,
    "complex_ipde": 1.1305261850357056,
    "chains_ptm": {
        "0": 0.9765477180480957,
        "1": 0.9800441265106201,
        "2": 0.9166615009307861
    },
    "pair_chains_iptm": {
        "0": {
            "0": 0.9765477180480957,
            "1": 0.7977524995803833,
            "2": 0.7152493596076965
        },
        "1": {
            "0": 0.7893981337547302,
            "1": 0.9800441265106201,
            "2": 0.6410753726959229
        },
        "2": {
            "0": 0.8986642956733704,
            "1": 0.9029495716094971,
            "2": 0.9166615009307861
        }
    }
}