{
    "confidence_score": 0.859082818031311,
    "ptm": 0.8462645411491394,
    "iptm": 0.748356819152832,
    "ligand_iptm": 0.8377950191497803,
    "protein_iptm": 0.7057235240936279,
    "complex_plddt": 0.8867643475532532,
    "complex_iplddt": 0.7884176969528198,
    "complex_pde": 0.6103280782699585,
    "complex_ipde": 1.7208397388458252,
    "chains_ptm": {
        "0": 0.9687071442604065,
        "1": 0.9722281098365784,
        "2": 0.864598274230957
    },
    "pair_chains_iptm": {
        "0": {
            "0": 0.9687071442604065,
            "1": 0.7017585039138794,
            "2": 0.6384660005569458
        },
        "1": {
            "0": 0.7057235240936279,
            "1": 0.9722281098365784,
            "2": 0.5312422513961792
        },
        "2": {
            "0": 0.8377950191497803,
            "1": 0.823837161064148,
            "2": 0.864598274230957
        }
    }
}