{
    "confidence_score": 0.8210561871528625,
    "ptm": 0.7954270839691162,
    "iptm": 0.6698300838470459,
    "ligand_iptm": 0.8127503991127014,
    "protein_iptm": 0.6182288527488708,
    "complex_plddt": 0.8588627576828003,
    "complex_iplddt": 0.7146109938621521,
    "complex_pde": 0.7187999486923218,
    "complex_ipde": 2.336622714996338,
    "chains_ptm": {
        "0": 0.9670690894126892,
        "1": 0.9744177460670471,
        "2": 0.8426963686943054
    },
    "pair_chains_iptm": {
        "0": {
            "0": 0.9670690894126892,
            "1": 0.6106491684913635,
            "2": 0.5283467769622803
        },
        "1": {
            "0": 0.6182288527488708,
            "1": 0.9744177460670471,
            "2": 0.5566941499710083
        },
        "2": {
            "0": 0.7496287226676941,
            "1": 0.8127503991127014,
            "2": 0.8426963686943054
        }
    }
}