{
    "confidence_score": 0.8873351216316223,
    "ptm": 0.927575409412384,
    "iptm": 0.8988029360771179,
    "ligand_iptm": 0.7995965480804443,
    "protein_iptm": 0.9550188183784485,
    "complex_plddt": 0.884468138217926,
    "complex_iplddt": 0.7785325646400452,
    "complex_pde": 0.6874992251396179,
    "complex_ipde": 1.4288334846496582,
    "chains_ptm": {
        "0": 0.9761695265769958,
        "1": 0.9759432673454285,
        "2": 0.7667413949966431
    },
    "pair_chains_iptm": {
        "0": {
            "0": 0.9761695265769958,
            "1": 0.9550188183784485,
            "2": 0.4688774347305298
        },
        "1": {
            "0": 0.9549970030784607,
            "1": 0.9759432673454285,
            "2": 0.5039386749267578
        },
        "2": {
            "0": 0.7995965480804443,
            "1": 0.7991277575492859,
            "2": 0.7667413949966431
        }
    }
}