{
    "confidence_score": 0.8867475390434265,
    "ptm": 0.9223312735557556,
    "iptm": 0.891323983669281,
    "ligand_iptm": 0.7889475226402283,
    "protein_iptm": 0.9492442607879639,
    "complex_plddt": 0.8856034874916077,
    "complex_iplddt": 0.7784448862075806,
    "complex_pde": 0.705771267414093,
    "complex_ipde": 1.4884839057922363,
    "chains_ptm": {
        "0": 0.9739205837249756,
        "1": 0.9745059013366699,
        "2": 0.7790935039520264
    },
    "pair_chains_iptm": {
        "0": {
            "0": 0.9739205837249756,
            "1": 0.948936402797699,
            "2": 0.46406280994415283
        },
        "1": {
            "0": 0.9492442607879639,
            "1": 0.9745059013366699,
            "2": 0.48250722885131836
        },
        "2": {
            "0": 0.7889475226402283,
            "1": 0.7882622480392456,
            "2": 0.7790935039520264
        }
    }
}