{
    "confidence_score": 0.7874747514724731,
    "ptm": 0.7768369317054749,
    "iptm": 0.6353744864463806,
    "ligand_iptm": 0.7945824265480042,
    "protein_iptm": 0.5694917440414429,
    "complex_plddt": 0.8254997730255127,
    "complex_iplddt": 0.654195249080658,
    "complex_pde": 0.9257349371910095,
    "complex_ipde": 3.088402271270752,
    "chains_ptm": {
        "0": 0.9557700157165527,
        "1": 0.9606900811195374,
        "2": 0.8190137147903442
    },
    "pair_chains_iptm": {
        "0": {
            "0": 0.9557700157165527,
            "1": 0.5694917440414429,
            "2": 0.5721228122711182
        },
        "1": {
            "0": 0.5533765554428101,
            "1": 0.9606900811195374,
            "2": 0.37379321455955505
        },
        "2": {
            "0": 0.7945824265480042,
            "1": 0.6510429978370667,
            "2": 0.8190137147903442
        }
    }
}