{
    "confidence_score": 0.7946885824203491,
    "ptm": 0.7674553990364075,
    "iptm": 0.6096925139427185,
    "ligand_iptm": 0.7662957906723022,
    "protein_iptm": 0.5232344269752502,
    "complex_plddt": 0.8409375548362732,
    "complex_iplddt": 0.6803858876228333,
    "complex_pde": 0.7672005891799927,
    "complex_ipde": 2.6265134811401367,
    "chains_ptm": {
        "0": 0.9665964245796204,
        "1": 0.9630146026611328,
        "2": 0.8036725521087646
    },
    "pair_chains_iptm": {
        "0": {
            "0": 0.9665964245796204,
            "1": 0.5140970945358276,
            "2": 0.6289100050926208
        },
        "1": {
            "0": 0.5232344269752502,
            "1": 0.9630146026611328,
            "2": 0.39256367087364197
        },
        "2": {
            "0": 0.7662957906723022,
            "1": 0.6784422397613525,
            "2": 0.8036725521087646
        }
    }
}