{
    "confidence_score": 0.8780760169029236,
    "ptm": 0.9014267325401306,
    "iptm": 0.859466552734375,
    "ligand_iptm": 0.9062578678131104,
    "protein_iptm": 0.8389711976051331,
    "complex_plddt": 0.8827283382415771,
    "complex_iplddt": 0.7780755758285522,
    "complex_pde": 0.48427602648735046,
    "complex_ipde": 1.162197470664978,
    "chains_ptm": {
        "0": 0.9679749011993408,
        "1": 0.9774795174598694,
        "2": 0.8777639269828796
    },
    "pair_chains_iptm": {
        "0": {
            "0": 0.9679749011993408,
            "1": 0.8389711976051331,
            "2": 0.6955390572547913
        },
        "1": {
            "0": 0.8268978595733643,
            "1": 0.9774795174598694,
            "2": 0.6436536908149719
        },
        "2": {
            "0": 0.8954387307167053,
            "1": 0.9062578678131104,
            "2": 0.8777639269828796
        }
    }
}