{
    "confidence_score": 0.907934308052063,
    "ptm": 0.9224199652671814,
    "iptm": 0.8930496573448181,
    "ligand_iptm": 0.8213050365447998,
    "protein_iptm": 0.9348751306533813,
    "complex_plddt": 0.9116554260253906,
    "complex_iplddt": 0.836128294467926,
    "complex_pde": 0.6258164644241333,
    "complex_ipde": 1.315492033958435,
    "chains_ptm": {
        "0": 0.9711774587631226,
        "1": 0.970203697681427,
        "2": 0.8180763125419617
    },
    "pair_chains_iptm": {
        "0": {
            "0": 0.9711774587631226,
            "1": 0.9348751306533813,
            "2": 0.5632950067520142
        },
        "1": {
            "0": 0.9340899586677551,
            "1": 0.970203697681427,
            "2": 0.5621791481971741
        },
        "2": {
            "0": 0.8213050365447998,
            "1": 0.8206290006637573,
            "2": 0.8180763125419617
        }
    }
}