{
    "confidence_score": 0.8458592295646667,
    "ptm": 0.9587200880050659,
    "iptm": 0.9461174607276917,
    "ligand_iptm": 0.9769740700721741,
    "protein_iptm": 0.9326491355895996,
    "complex_plddt": 0.8207947015762329,
    "complex_iplddt": 0.6371358036994934,
    "complex_pde": 0.3095463514328003,
    "complex_ipde": 0.4360577464103699,
    "chains_ptm": {
        "0": 0.9831058979034424,
        "1": 0.9824891090393066,
        "2": 0.9514371752738953
    },
    "pair_chains_iptm": {
        "0": {
            "0": 0.9831058979034424,
            "1": 0.9326491355895996,
            "2": 0.8236216902732849
        },
        "1": {
            "0": 0.9181724190711975,
            "1": 0.9824891090393066,
            "2": 0.7610837817192078
        },
        "2": {
            "0": 0.9743682742118835,
            "1": 0.9769740700721741,
            "2": 0.9514371752738953
        }
    }
}