{
    "confidence_score": 0.8700680732727051,
    "ptm": 0.9371294975280762,
    "iptm": 0.9048845767974854,
    "ligand_iptm": 0.9614639282226562,
    "protein_iptm": 0.8885555863380432,
    "complex_plddt": 0.86136394739151,
    "complex_iplddt": 0.7649191617965698,
    "complex_pde": 0.38849833607673645,
    "complex_ipde": 0.7743625044822693,
    "chains_ptm": {
        "0": 0.9768359661102295,
        "1": 0.9794609546661377,
        "2": 0.9344857335090637
    },
    "pair_chains_iptm": {
        "0": {
            "0": 0.9768359661102295,
            "1": 0.8885555863380432,
            "2": 0.8141435980796814
        },
        "1": {
            "0": 0.8806540966033936,
            "1": 0.9794609546661377,
            "2": 0.7257816791534424
        },
        "2": {
            "0": 0.9614639282226562,
            "1": 0.9070833325386047,
            "2": 0.9344857335090637
        }
    }
}