{
    "confidence_score": 0.8857312202453613,
    "ptm": 0.9194618463516235,
    "iptm": 0.8893855214118958,
    "ligand_iptm": 0.7987370491027832,
    "protein_iptm": 0.9397329688072205,
    "complex_plddt": 0.8848176598548889,
    "complex_iplddt": 0.7780156135559082,
    "complex_pde": 0.6582344174385071,
    "complex_ipde": 1.4215980768203735,
    "chains_ptm": {
        "0": 0.9714755415916443,
        "1": 0.9709932804107666,
        "2": 0.788733959197998
    },
    "pair_chains_iptm": {
        "0": {
            "0": 0.9714755415916443,
            "1": 0.9397329688072205,
            "2": 0.5174761414527893
        },
        "1": {
            "0": 0.9373387098312378,
            "1": 0.9709932804107666,
            "2": 0.5039719343185425
        },
        "2": {
            "0": 0.7987370491027832,
            "1": 0.7975276708602905,
            "2": 0.788733959197998
        }
    }
}