{
    "confidence_score": 0.8606571555137634,
    "ptm": 0.889706015586853,
    "iptm": 0.8306722640991211,
    "ligand_iptm": 0.908711314201355,
    "protein_iptm": 0.7965878844261169,
    "complex_plddt": 0.8681533932685852,
    "complex_iplddt": 0.745333731174469,
    "complex_pde": 0.44292059540748596,
    "complex_ipde": 1.030867576599121,
    "chains_ptm": {
        "0": 0.973991870880127,
        "1": 0.9781312346458435,
        "2": 0.8947557806968689
    },
    "pair_chains_iptm": {
        "0": {
            "0": 0.973991870880127,
            "1": 0.7964898347854614,
            "2": 0.6985057592391968
        },
        "1": {
            "0": 0.7965878844261169,
            "1": 0.9781312346458435,
            "2": 0.7033259868621826
        },
        "2": {
            "0": 0.8897778987884521,
            "1": 0.908711314201355,
            "2": 0.8947557806968689
        }
    }
}