{
    "confidence_score": 0.8064004182815552,
    "ptm": 0.7687146067619324,
    "iptm": 0.6096094250679016,
    "ligand_iptm": 0.7628086805343628,
    "protein_iptm": 0.5313915610313416,
    "complex_plddt": 0.8555981516838074,
    "complex_iplddt": 0.7152172327041626,
    "complex_pde": 0.8695041537284851,
    "complex_ipde": 2.99485445022583,
    "chains_ptm": {
        "0": 0.9657554626464844,
        "1": 0.9658119082450867,
        "2": 0.8203697800636292
    },
    "pair_chains_iptm": {
        "0": {
            "0": 0.9657554626464844,
            "1": 0.5301095843315125,
            "2": 0.5763025879859924
        },
        "1": {
            "0": 0.5313915610313416,
            "1": 0.9658119082450867,
            "2": 0.3851364552974701
        },
        "2": {
            "0": 0.7628086805343628,
            "1": 0.697056233882904,
            "2": 0.8203697800636292
        }
    }
}