{
    "confidence_score": 0.8143076300621033,
    "ptm": 0.7513783574104309,
    "iptm": 0.6123276948928833,
    "ligand_iptm": 0.7679048180580139,
    "protein_iptm": 0.544182300567627,
    "complex_plddt": 0.8648025989532471,
    "complex_iplddt": 0.7159742712974548,
    "complex_pde": 0.856555163860321,
    "complex_ipde": 2.8685989379882812,
    "chains_ptm": {
        "0": 0.9650567173957825,
        "1": 0.9680066704750061,
        "2": 0.8101271986961365
    },
    "pair_chains_iptm": {
        "0": {
            "0": 0.9650567173957825,
            "1": 0.544182300567627,
            "2": 0.42488646507263184
        },
        "1": {
            "0": 0.5325224995613098,
            "1": 0.9680066704750061,
            "2": 0.5444733500480652
        },
        "2": {
            "0": 0.6796520948410034,
            "1": 0.7679048180580139,
            "2": 0.8101271986961365
        }
    }
}