{
    "confidence_score": 0.8208736777305603,
    "ptm": 0.8587995171546936,
    "iptm": 0.7925461530685425,
    "ligand_iptm": 0.9088186025619507,
    "protein_iptm": 0.74161696434021,
    "complex_plddt": 0.8279555439949036,
    "complex_iplddt": 0.6142452359199524,
    "complex_pde": 0.5087229013442993,
    "complex_ipde": 1.3535948991775513,
    "chains_ptm": {
        "0": 0.972265899181366,
        "1": 0.9788835048675537,
        "2": 0.8520969748497009
    },
    "pair_chains_iptm": {
        "0": {
            "0": 0.972265899181366,
            "1": 0.74161696434021,
            "2": 0.574406087398529
        },
        "1": {
            "0": 0.7323025465011597,
            "1": 0.9788835048675537,
            "2": 0.6038702130317688
        },
        "2": {
            "0": 0.8216017484664917,
            "1": 0.9088186025619507,
            "2": 0.8520969748497009
        }
    }
}