{
    "confidence_score": 0.8829286694526672,
    "ptm": 0.9228653907775879,
    "iptm": 0.8919934630393982,
    "ligand_iptm": 0.799355149269104,
    "protein_iptm": 0.9461762309074402,
    "complex_plddt": 0.8806625008583069,
    "complex_iplddt": 0.765776515007019,
    "complex_pde": 0.6792953610420227,
    "complex_ipde": 1.4089165925979614,
    "chains_ptm": {
        "0": 0.9719009399414062,
        "1": 0.9723194241523743,
        "2": 0.772703230381012
    },
    "pair_chains_iptm": {
        "0": {
            "0": 0.9719009399414062,
            "1": 0.9459760189056396,
            "2": 0.4466004967689514
        },
        "1": {
            "0": 0.9461762309074402,
            "1": 0.9723194241523743,
            "2": 0.4594220519065857
        },
        "2": {
            "0": 0.799355149269104,
            "1": 0.7962644696235657,
            "2": 0.772703230381012
        }
    }
}