{
    "confidence_score": 0.8700799942016602,
    "ptm": 0.9096824526786804,
    "iptm": 0.8671026825904846,
    "ligand_iptm": 0.9132204651832581,
    "protein_iptm": 0.8491793274879456,
    "complex_plddt": 0.8708242774009705,
    "complex_iplddt": 0.7470760941505432,
    "complex_pde": 0.46434876322746277,
    "complex_ipde": 1.0689221620559692,
    "chains_ptm": {
        "0": 0.9767235517501831,
        "1": 0.9753223061561584,
        "2": 0.9012988805770874
    },
    "pair_chains_iptm": {
        "0": {
            "0": 0.9767235517501831,
            "1": 0.8491793274879456,
            "2": 0.7229171991348267
        },
        "1": {
            "0": 0.8313006162643433,
            "1": 0.9753223061561584,
            "2": 0.6409071683883667
        },
        "2": {
            "0": 0.9132204651832581,
            "1": 0.9080222845077515,
            "2": 0.9012988805770874
        }
    }
}