{
    "confidence_score": 0.8830434083938599,
    "ptm": 0.9104882478713989,
    "iptm": 0.8741764426231384,
    "ligand_iptm": 0.7651249170303345,
    "protein_iptm": 0.9405183792114258,
    "complex_plddt": 0.8852601647377014,
    "complex_iplddt": 0.7754349708557129,
    "complex_pde": 0.748377799987793,
    "complex_ipde": 1.6266131401062012,
    "chains_ptm": {
        "0": 0.970022439956665,
        "1": 0.9685839414596558,
        "2": 0.7509739398956299
    },
    "pair_chains_iptm": {
        "0": {
            "0": 0.970022439956665,
            "1": 0.9405183792114258,
            "2": 0.4226234257221222
        },
        "1": {
            "0": 0.9393981099128723,
            "1": 0.9685839414596558,
            "2": 0.45346012711524963
        },
        "2": {
            "0": 0.7651249170303345,
            "1": 0.7583538889884949,
            "2": 0.7509739398956299
        }
    }
}