{
    "confidence_score": 0.896168053150177,
    "ptm": 0.9367115497589111,
    "iptm": 0.9118782877922058,
    "ligand_iptm": 0.951248824596405,
    "protein_iptm": 0.8946333527565002,
    "complex_plddt": 0.8922405242919922,
    "complex_iplddt": 0.8035197854042053,
    "complex_pde": 0.36949244141578674,
    "complex_ipde": 0.6970344185829163,
    "chains_ptm": {
        "0": 0.9774812459945679,
        "1": 0.9817216992378235,
        "2": 0.9160681366920471
    },
    "pair_chains_iptm": {
        "0": {
            "0": 0.9774812459945679,
            "1": 0.8946333527565002,
            "2": 0.7762380242347717
        },
        "1": {
            "0": 0.8756277561187744,
            "1": 0.9817216992378235,
            "2": 0.7275144457817078
        },
        "2": {
            "0": 0.9403391480445862,
            "1": 0.951248824596405,
            "2": 0.9160681366920471
        }
    }
}