{
    "confidence_score": 0.8293439745903015,
    "ptm": 0.9164271950721741,
    "iptm": 0.8705306053161621,
    "ligand_iptm": 0.9110497832298279,
    "protein_iptm": 0.8595876693725586,
    "complex_plddt": 0.8190472722053528,
    "complex_iplddt": 0.6376134157180786,
    "complex_pde": 0.45563244819641113,
    "complex_ipde": 1.0625731945037842,
    "chains_ptm": {
        "0": 0.9749648571014404,
        "1": 0.9782044291496277,
        "2": 0.856916069984436
    },
    "pair_chains_iptm": {
        "0": {
            "0": 0.9749648571014404,
            "1": 0.8595876693725586,
            "2": 0.6629987359046936
        },
        "1": {
            "0": 0.852322518825531,
            "1": 0.9782044291496277,
            "2": 0.5977838039398193
        },
        "2": {
            "0": 0.9110497832298279,
            "1": 0.876906156539917,
            "2": 0.856916069984436
        }
    }
}