{
    "confidence_score": 0.908392071723938,
    "ptm": 0.9302909970283508,
    "iptm": 0.904352605342865,
    "ligand_iptm": 0.8408283591270447,
    "protein_iptm": 0.9428721070289612,
    "complex_plddt": 0.9094019532203674,
    "complex_iplddt": 0.8578654527664185,
    "complex_pde": 0.6229891180992126,
    "complex_ipde": 1.2532174587249756,
    "chains_ptm": {
        "0": 0.9706707000732422,
        "1": 0.9699594378471375,
        "2": 0.8300623893737793
    },
    "pair_chains_iptm": {
        "0": {
            "0": 0.9706707000732422,
            "1": 0.9428721070289612,
            "2": 0.5753278732299805
        },
        "1": {
            "0": 0.941134512424469,
            "1": 0.9699594378471375,
            "2": 0.5604372620582581
        },
        "2": {
            "0": 0.8408283591270447,
            "1": 0.8357049226760864,
            "2": 0.8300623893737793
        }
    }
}