{
    "confidence_score": 0.903737485408783,
    "ptm": 0.9311755299568176,
    "iptm": 0.9084802269935608,
    "ligand_iptm": 0.8430243134498596,
    "protein_iptm": 0.9459099173545837,
    "complex_plddt": 0.9025517106056213,
    "complex_iplddt": 0.823266863822937,
    "complex_pde": 0.588887095451355,
    "complex_ipde": 1.169266700744629,
    "chains_ptm": {
        "0": 0.9690536856651306,
        "1": 0.9707307815551758,
        "2": 0.8238734602928162
    },
    "pair_chains_iptm": {
        "0": {
            "0": 0.9690536856651306,
            "1": 0.9459099173545837,
            "2": 0.5437940955162048
        },
        "1": {
            "0": 0.9442304372787476,
            "1": 0.9707307815551758,
            "2": 0.5465446710586548
        },
        "2": {
            "0": 0.8430243134498596,
            "1": 0.8416701555252075,
            "2": 0.8238734602928162
        }
    }
}