{
    "confidence_score": 0.8057076334953308,
    "ptm": 0.8173843026161194,
    "iptm": 0.7237896919250488,
    "ligand_iptm": 0.829398512840271,
    "protein_iptm": 0.6809260845184326,
    "complex_plddt": 0.8261871337890625,
    "complex_iplddt": 0.6263585686683655,
    "complex_pde": 0.6744901537895203,
    "complex_ipde": 2.1883206367492676,
    "chains_ptm": {
        "0": 0.9701583981513977,
        "1": 0.9727976322174072,
        "2": 0.8213894367218018
    },
    "pair_chains_iptm": {
        "0": {
            "0": 0.9701583981513977,
            "1": 0.6809260845184326,
            "2": 0.5352603793144226
        },
        "1": {
            "0": 0.6665675044059753,
            "1": 0.9727976322174072,
            "2": 0.5108084678649902
        },
        "2": {
            "0": 0.7588856816291809,
            "1": 0.829398512840271,
            "2": 0.8213894367218018
        }
    }
}