{
    "confidence_score": 0.8677293658256531,
    "ptm": 0.8928432464599609,
    "iptm": 0.845409631729126,
    "ligand_iptm": 0.910750150680542,
    "protein_iptm": 0.816789448261261,
    "complex_plddt": 0.8733092546463013,
    "complex_iplddt": 0.7645395994186401,
    "complex_pde": 0.46762505173683167,
    "complex_ipde": 1.076102375984192,
    "chains_ptm": {
        "0": 0.9725210666656494,
        "1": 0.9699793457984924,
        "2": 0.879531979560852
    },
    "pair_chains_iptm": {
        "0": {
            "0": 0.9725210666656494,
            "1": 0.816789448261261,
            "2": 0.7175283432006836
        },
        "1": {
            "0": 0.7965131998062134,
            "1": 0.9699793457984924,
            "2": 0.6412889957427979
        },
        "2": {
            "0": 0.8951581120491028,
            "1": 0.910750150680542,
            "2": 0.879531979560852
        }
    }
}