{
    "confidence_score": 0.867238461971283,
    "ptm": 0.9067013263702393,
    "iptm": 0.8667731285095215,
    "ligand_iptm": 0.7303456664085388,
    "protein_iptm": 0.9426435232162476,
    "complex_plddt": 0.8673547506332397,
    "complex_iplddt": 0.7413015961647034,
    "complex_pde": 0.8083381056785583,
    "complex_ipde": 1.7807739973068237,
    "chains_ptm": {
        "0": 0.9704229831695557,
        "1": 0.9707471132278442,
        "2": 0.7434345483779907
    },
    "pair_chains_iptm": {
        "0": {
            "0": 0.9704229831695557,
            "1": 0.9426435232162476,
            "2": 0.40434443950653076
        },
        "1": {
            "0": 0.9415378570556641,
            "1": 0.9707471132278442,
            "2": 0.4199490547180176
        },
        "2": {
            "0": 0.7303456664085388,
            "1": 0.7301767468452454,
            "2": 0.7434345483779907
        }
    }
}