{
    "confidence_score": 0.8405929803848267,
    "ptm": 0.8616294860839844,
    "iptm": 0.7709728479385376,
    "ligand_iptm": 0.8758211731910706,
    "protein_iptm": 0.7172302603721619,
    "complex_plddt": 0.8579979538917542,
    "complex_iplddt": 0.7069584727287292,
    "complex_pde": 0.5182563066482544,
    "complex_ipde": 1.438535451889038,
    "chains_ptm": {
        "0": 0.9751940369606018,
        "1": 0.9736941456794739,
        "2": 0.8786209225654602
    },
    "pair_chains_iptm": {
        "0": {
            "0": 0.9751940369606018,
            "1": 0.7056296467781067,
            "2": 0.7162855863571167
        },
        "1": {
            "0": 0.7172302603721619,
            "1": 0.9736941456794739,
            "2": 0.5810216069221497
        },
        "2": {
            "0": 0.8758211731910706,
            "1": 0.8319903612136841,
            "2": 0.8786209225654602
        }
    }
}