{
    "confidence_score": 0.8873859643936157,
    "ptm": 0.9231467247009277,
    "iptm": 0.8934206962585449,
    "ligand_iptm": 0.8098890781402588,
    "protein_iptm": 0.9440101981163025,
    "complex_plddt": 0.8858773112297058,
    "complex_iplddt": 0.7791926860809326,
    "complex_pde": 0.6662035584449768,
    "complex_ipde": 1.3834086656570435,
    "chains_ptm": {
        "0": 0.9696652889251709,
        "1": 0.9691391587257385,
        "2": 0.8109978437423706
    },
    "pair_chains_iptm": {
        "0": {
            "0": 0.9696652889251709,
            "1": 0.9432891011238098,
            "2": 0.5315410494804382
        },
        "1": {
            "0": 0.9440101981163025,
            "1": 0.9691391587257385,
            "2": 0.518973708152771
        },
        "2": {
            "0": 0.8098890781402588,
            "1": 0.8089725971221924,
            "2": 0.8109978437423706
        }
    }
}