{
    "confidence_score": 0.8752078413963318,
    "ptm": 0.9252997636795044,
    "iptm": 0.8974633812904358,
    "ligand_iptm": 0.8160555958747864,
    "protein_iptm": 0.9435341358184814,
    "complex_plddt": 0.8696438670158386,
    "complex_iplddt": 0.7555710077285767,
    "complex_pde": 0.6718600988388062,
    "complex_ipde": 1.4149091243743896,
    "chains_ptm": {
        "0": 0.9687049984931946,
        "1": 0.9680385589599609,
        "2": 0.8022881150245667
    },
    "pair_chains_iptm": {
        "0": {
            "0": 0.9687049984931946,
            "1": 0.9435341358184814,
            "2": 0.49732309579849243
        },
        "1": {
            "0": 0.9428870677947998,
            "1": 0.9680385589599609,
            "2": 0.5076297521591187
        },
        "2": {
            "0": 0.8146820664405823,
            "1": 0.8160555958747864,
            "2": 0.8022881150245667
        }
    }
}