{
    "confidence_score": 0.9012121558189392,
    "ptm": 0.9325567483901978,
    "iptm": 0.9079237580299377,
    "ligand_iptm": 0.8442564606666565,
    "protein_iptm": 0.9484081268310547,
    "complex_plddt": 0.8995341658592224,
    "complex_iplddt": 0.8117861747741699,
    "complex_pde": 0.6047473549842834,
    "complex_ipde": 1.2162891626358032,
    "chains_ptm": {
        "0": 0.9703181982040405,
        "1": 0.9714124798774719,
        "2": 0.8220327496528625
    },
    "pair_chains_iptm": {
        "0": {
            "0": 0.9703181982040405,
            "1": 0.9472886919975281,
            "2": 0.5273905396461487
        },
        "1": {
            "0": 0.9484081268310547,
            "1": 0.9714124798774719,
            "2": 0.5421814918518066
        },
        "2": {
            "0": 0.8442564606666565,
            "1": 0.8431146144866943,
            "2": 0.8220327496528625
        }
    }
}