{
    "confidence_score": 0.8757020831108093,
    "ptm": 0.9016991853713989,
    "iptm": 0.8641161918640137,
    "ligand_iptm": 0.7875567674636841,
    "protein_iptm": 0.9086000919342041,
    "complex_plddt": 0.8785986304283142,
    "complex_iplddt": 0.7757344245910645,
    "complex_pde": 0.7375887036323547,
    "complex_ipde": 1.602697730064392,
    "chains_ptm": {
        "0": 0.9667094349861145,
        "1": 0.9670553803443909,
        "2": 0.7811573147773743
    },
    "pair_chains_iptm": {
        "0": {
            "0": 0.9667094349861145,
            "1": 0.9086000919342041,
            "2": 0.44972389936447144
        },
        "1": {
            "0": 0.9074470400810242,
            "1": 0.9670553803443909,
            "2": 0.455061137676239
        },
        "2": {
            "0": 0.7875567674636841,
            "1": 0.7824414372444153,
            "2": 0.7811573147773743
        }
    }
}