{
    "confidence_score": 0.8892583250999451,
    "ptm": 0.9258334636688232,
    "iptm": 0.8957004547119141,
    "ligand_iptm": 0.8043057918548584,
    "protein_iptm": 0.9484262466430664,
    "complex_plddt": 0.8876477479934692,
    "complex_iplddt": 0.7875795960426331,
    "complex_pde": 0.6758504509925842,
    "complex_ipde": 1.4096239805221558,
    "chains_ptm": {
        "0": 0.9741682410240173,
        "1": 0.9720984101295471,
        "2": 0.8097074627876282
    },
    "pair_chains_iptm": {
        "0": {
            "0": 0.9741682410240173,
            "1": 0.9484262466430664,
            "2": 0.5262742042541504
        },
        "1": {
            "0": 0.9479890465736389,
            "1": 0.9720984101295471,
            "2": 0.5300754308700562
        },
        "2": {
            "0": 0.8043057918548584,
            "1": 0.8030262589454651,
            "2": 0.8097074627876282
        }
    }
}